# ************************************************************
# Sequel Pro SQL dump
# Versão 4541
#
# http://www.sequelpro.com/
# https://github.com/sequelpro/sequelpro
#
# Host: robb0353.publiccloud.com.br (MySQL 5.6.35-80.0-log)
# Base de Dados: natusegweb2_simulacoes
# Tempo de Geração: 2017-06-19 14:06:01 +0000
# ************************************************************


/*!40101 SET @OLD_CHARACTER_SET_CLIENT=@@CHARACTER_SET_CLIENT */;
/*!40101 SET @OLD_CHARACTER_SET_RESULTS=@@CHARACTER_SET_RESULTS */;
/*!40101 SET @OLD_COLLATION_CONNECTION=@@COLLATION_CONNECTION */;
/*!40101 SET NAMES utf8 */;
/*!40014 SET @OLD_FOREIGN_KEY_CHECKS=@@FOREIGN_KEY_CHECKS, FOREIGN_KEY_CHECKS=0 */;
/*!40101 SET @OLD_SQL_MODE=@@SQL_MODE, SQL_MODE='NO_AUTO_VALUE_ON_ZERO' */;
/*!40111 SET @OLD_SQL_NOTES=@@SQL_NOTES, SQL_NOTES=0 */;


# Dump da tabela abrangencias
# ------------------------------------------------------------

DROP TABLE IF EXISTS `abrangencias`;

CREATE TABLE `abrangencias` (
  `id` int(11) unsigned NOT NULL AUTO_INCREMENT,
  `descricao` text NOT NULL,
  `nome` varchar(150) NOT NULL DEFAULT '',
  PRIMARY KEY (`id`)
) ENGINE=InnoDB DEFAULT CHARSET=utf8;

LOCK TABLES `abrangencias` WRITE;
/*!40000 ALTER TABLE `abrangencias` DISABLE KEYS */;

INSERT INTO `abrangencias` (`id`, `descricao`, `nome`)
VALUES
	(1,'NACIONAL','NACIONAL'),
	(2,'ESTADUAL','ESTADUAL'),
	(3,'MUNICIPAL','MUNICIPAL');

/*!40000 ALTER TABLE `abrangencias` ENABLE KEYS */;
UNLOCK TABLES;


# Dump da tabela carencias
# ------------------------------------------------------------

DROP TABLE IF EXISTS `carencias`;

CREATE TABLE `carencias` (
  `id` int(11) unsigned NOT NULL AUTO_INCREMENT,
  `descricao` text NOT NULL,
  `nome` varchar(150) NOT NULL DEFAULT '',
  `operadora_id` int(11) unsigned DEFAULT NULL,
  PRIMARY KEY (`id`),
  KEY `operadora_id` (`operadora_id`),
  CONSTRAINT `carencias_ibfk_1` FOREIGN KEY (`operadora_id`) REFERENCES `operadoras` (`id`)
) ENGINE=InnoDB DEFAULT CHARSET=utf8;

LOCK TABLES `carencias` WRITE;
/*!40000 ALTER TABLE `carencias` DISABLE KEYS */;

INSERT INTO `carencias` (`id`, `descricao`, `nome`, `operadora_id`)
VALUES
	(1,'15 Dias		Consulta e Exames Simples.\r\n90 Dias		Fisioterapias por Doença.\r\n180 Dias		\"Exames Especiais ( Autorização Prévia), Internações, Cirurgias em Geral, Hemodiálise e Diálise Peritoneal, Radioterapia e Quimioterapia, Cirurgias Cardíacas, Vasculares e Neurológicas.\"\r\n		\r\n300 Dias		Parto.\r\n','BRADESCO HOSPITALAR NACIONAL',NULL),
	(2,'24h a partir da vigência. ','AMIL – PLANO PME 02 À 29 VIDAS e 30 à 99 VIDAS',2),
	(3,'Sem Informação.','BRADESCO ',1),
	(4,'Carências a cumprir (em dias):\r\nN. Vidas   |  A    |    B    |    C      |     D     |    E1   |      E2       |\r\n03 à 09:   |  24h |  15D. | 180D. | 300D. |   180D . |    180D.  |\r\n10 à 20:   |  24h |  15D. |   0D.   | 300D. |     0D.    |  180D.    |\r\n21 à 29 :  |   0    |     0    |    0     |     0    |       0      |       0       |\r\n\r\nA - 24 Horas, para os casos de urgência e emergência.\r\nB - 15 Dias para consultas médicas e exames simples, relacionados nas alíneas “a\" até “g\" do subitem 3.2.2 da Cláusula de Coberturas, das Condições Gerais.\r\nC - 180 Dias para fisioterapia, exceto nos casos de acidente pessoal.\r\nD - 300 Dias para parto a termo.\r\nE - 180 Dias para os demais casos, quais sejam:          \r\n     E1 - Cirurgias em geral e internações clínicas, bem como exames complementares e terapias que necessitem de autorização prévia, conforme disposto na Cláusula Mecanismos de Regulação, das Condições Gerais. Exceção será feita aos procedimentos previstos nas alíneas “c\" e “e2\".\r\n     E2 - Hemodiálise e diálise peritoneal, radioterapia e quimioterapia, transplantes e implantes de qualquer natureza, cirurgias neoplásicas malignas, cirurgias cardíacas, vasculares e neurológicas (inclusive hérnia de disco intervertebral). ','BRADESCO - COMPULSÓRIA',1),
	(5,'N. Vidas |    A   |       B       |     C 1     |     C 2      |\r\n03 à 09  |  24h. |   300 D.   |   180 D.  |   180 D.   |\r\n10 à 20  | 24h.  |   300 D.   |       0      |    180 D.  |\r\n21 à 29  |    0    |   300 D.   |       0      |       0        |\r\n\r\nAs carências serão estabelecidas pela totalidade de segurados contemplados nesta proposta:\r\n\r\nA - 24 Horas para os casos de urgência e emergência.\r\nB - 300 Dias para parto a termo. \r\nC - 180 Dias para os demais casos, quais sejam: \r\n      C1 - Cirurgias em geral e internações clínicas. \r\n            - Exceção será feita aos procedimentos previstos na alínea “c2?\r\n      C2 - Procedimentos considerados especiais, descritos no item 3.1.5 das Condições Gerais, transplantes e implantes de qualquer natureza, cirurgias neoplásicas malignas, cirurgias cardíacas, vasculares e neurológicas (inclusive hérnia de disco intervertebral).\r\n ','BRADESCO - OPCIONAL',1),
	(6,'N. Vidas   |     A     |      B      |         C         |         D         |        E1        |        E2       |\r\n03 à 09     |   24h.  |   15 D.   |     180 D.     |      300 D.    |     180 D.    |     180 D.    |\r\n10 à 20     |   24h.  |   15 D.   |          0         |      300 D.    |         0        |     180 D.    |\r\n21 à 29     |     0     |       0      |          0         |          0        |         0        |         0         |\r\n29 à 99     |     0     |       0      |          0         |          0        |         0        |         0         |\r\n\r\nA - 24 Horas, para os casos de urgência e emergência. \r\nB - 15 Dias para consultas médicas e exames simples, relacionados nas alíneas “a\" até “g\" do subitem 3.2.2 da Cláusula de Coberturas, das Condições Gerais. \r\nC - 180 dias para fisioterapia, exceto nos casos de acidente pessoal. \r\nD - 300 Dias para parto a termo. \r\nE - 180 Dias para os demais casos, quais sejam:         \r\n      E1) Cirurgias em geral e internações clínicas, bem como exames complementares e terapias que necessitem de autorização prévia, conforme disposto na Cláusula Mecanismos de Regulação, das Condições Gerais. Exceção será feita aos procedimentos previstos nas alíneas “c\" e “e2\".       \r\n      E2) Hemodiálise e diálise peritoneal, radioterapia e quimioterapia, transplantes e implantes de qualquer natureza, cirurgias neoplásicas malignas, cirurgias cardíacas, vasculares e neurológicas (inclusive hérnia de disco intervertebral).\r\n \r\n\r\n','BRADESCO 30 à 99 VIDAS',1),
	(7,'Não informado.','CAIXA',5),
	(8,'24h:	Urgência e emergência. \r\n30 Dias: Patologia Clínica, Exame Laboratoriais e Radiologia Simples\r\n60 Dias: Mapeamento de Retina, Anatomopatologia Ocular,Exame de Fundo de Olho.\r\n90 Dias: Ultrassonografia (exceto em Angiologia, Transretal e Vaginal), Eletroencefalograma Convencional.\r\n120 Dias:	Eletroneuromiografia,Provas de função Pulmonar,Mamografia,Liquorologia,Radiodiagnóstico.\r\n180 Dias:	Cirurgias de Pequeno Porte,Fisioterapia,Acupuntura,Quimioterapia,Radioterapia, Hemodiálise e Diálise em caso Renal,Hemoterapia,Ultrassonografia Transretal/Vaginal, Ultrassonografia com Doppler com fluxo a cores,Holter,MAPA,Teste Ergométrico, Ecocardiograma, Ressonância Magnética, Tomografia.\r\n300 Dias:	Parto a termo, exceto partos prematuros.\r\n','CASSEB',6),
	(9,'24 Horas: Urgência e/ou Emergência no Hosp. Teresa de Liseux (Av. Acm),\r\n30 Dias: Consultas e exames básicos (exceto hormônicos e imunológicos), ECG, Rx simples, preventivo  ginecológico,  tonometria.\r\n120 Dias:	Demais procedimentos de alto custo, USG,tomografia, EEG,testes alérgicos, endoscopia,mamografia,etc.\r\n180 Dias: Internações eletivas  clin. E cirúrgicas, fisioterapias, quimioterapia, radioterapia, hemodiálise e  (renal), litotripsia, hemoterapia, medicina nuclear, USG, tomografia;\r\n300 Dias:	Parto;\r\n24 Meses: CPT - Cobertura Parcial Temporária.\r\n','HAPVIDA ',10),
	(10,'24 Horas: Urgência e Emergência na Segmentação Ambulatorial.\r\n30 Dias: Consultas e Exames Básicos\r\n90 Dias: Exames Especiais\r\n180 Dias: Internações\r\n24 Meses: Cobertura Parcial Temporária para Eventos Cirúrgicos, Leitos de Alta Tecnologia e Procedimentos de Alta Complexidade relacionados com Doenças ou Lesões Preexistentes.\r\n','AMI',26),
	(11,'24 Horas: Acidentes pessoais, urgência, e/ou emergência\r\n30 Dias: Consultas e exames simples\r\n180 Dias:	Exames complementares, cirurgia e internamento\r\n300 Dias:	Parto (Planos com Obstetrícia)\r\n720 Dias:	Pré existência\r\n','UNIÃO MÉDICA ',25),
	(12,'Não Informado.','UNIMED CNU',17),
	(13,'NÃO COMPRAMOS CARÊNCIAS. \r\nNo ato da contratação, isnetamos as carências das consultas médicas e exames simples.\r\n\r\n6 Meses: Demais Procedimentos\r\n6 Meses: Internações Clinicas ou Cirúrgicas\r\n10 Meses: Partos (Contratos Hospitalares)\r\n24 Meses: Cobertura Parcial Temporária - Pré-Existência','VITALLIS SAÚDE ',23),
	(14,'24 Horas		Urgência e Emergência;\r\n30 Dias: Patologia Clínica, Exames Laboratoriais e Radiologia Simples;\r\n60 Dias: Mapeamento de Retina, Anatomopatologia Ocular,Exame de Fundo de Olho;\r\n90 Dias: Ultrassonografia (Exceto em Angiologia, Transretal e Vaginal), Eletroencefalograma Convencional;\r\n120 Dias:	Eletroneuromiografia, Provas de Função Pulmonar, Mamografia, Liquorologia, Radiodiagnóstico;\r\n180 Dias: Cirurgias de Pequeno Porte, Fisioterapia, Acupuntura, Quimioterapia, Radioterapia, Hemodiálise e Diálise em Caso Renal, Hemoterapia, Ultrassonografia Transretal/Vaginal, Ultrassonografia com Doppler com Fluxo a Cores, Holter, MAPA, Teste Ergométrico, Ecocardiograma, Ressonância Magnética, Tomografia.','BOA SAÚDE',4),
	(15,'Cumprimento normal dos prazos de carências, com redução para os casos oriundos de outras Operadoras.\r\n\r\nIndependente do número de vidas, as inclusões após o prazo de 30 dias obedecerão as carências contratuais, prevista das Condições Gerais do produto contratado.\r\n\r\n24 Horas: Atendimento de Urgência e Emergência \r\n15 Dias: Consulta\r\n15 Dias: Exames Básicos\r\n30 Dias: Exames Especiais\r\n30 Dias: Procedimentos Ambulatoriais Especiais\r\n180 Dias: Internações Clínicas\r\n180 Dias: Internações Psiquiátricas\r\n180 Dias: Internações Psiquiátricas em Hospital Dia\r\n180 Dias: Internações Cirúrgicas\r\n180 Dias: Atendimento Médico/Hospitalar relacionado à internação obstétrica, exceto parto à internação à termo.\r\n180 Dias: Transplantes\r\n180 Dias: Assistência Domiciliar\r\n300 Dias: Parto à termo\r\n','UNIMED SEGUROS - 04 à 09 VIDAS',18),
	(16,'Cumprimento normal dos prazos de carências, com redução para os casos oriundos de outras Operadoras, exceto Parto  à Termo.\r\n\r\nIndependente do número de vidas, as inclusões após o prazo de 30 dias obedecerão as carências contratuais, prevista das Condições Gerais do produto contratado.\r\n\r\n24 Horas: Atendimento de Urgência e Emergência \r\n15 Dias: Consulta\r\n15 Dias: Exames Básicos\r\n30 Dias: Exames Especiais\r\n30 Dias: Procedimentos Ambulatoriais Especiais\r\n120 Dias: Internações Clínicas\r\n120 Dias: Internações Psiquiátricas\r\n120 Dias: Internações Psiquiátricas em Hospital Dia\r\n120 Dias: Internações Cirúrgicas\r\n120 Dias: Atendimento Médico/Hospitalar relacionado à internação obstétrica, exceto parto à internação à termo.\r\n120 Dias: Transplantes\r\n180 Dias: Assistência Domiciliar\r\n300 Dias: Parto à termo\r\n','UNIMED SEGUROS - 10 à 29 VIDAS',18),
	(17,'Não haverá aplicação de carência para os Segurados inscritos dentro do prazo.\r\n\r\nIndependente do número de vidas, as inclusões após o prazo de 30 dias obedecerão as carências contratuais, prevista das Condições Gerais do produto contratado.','UNIMED SEGUROS - 30 à 99 VIDAS',18),
	(18,'Não Informado.','ONE HEALTH (GRUPO AMIL)',13),
	(19,'0 (zero) hora da data de vigência do segurado para acidente pessoal.\r\n\r\n24 (vinte e quatro) horas da data de vigência do segurado, para atendimentos de urgência e/ou emergência, incluindo os decorrentes de complicações gestacionais.\r\n\r\n15 (quinze) dias da data de vigência do segurado para consultas médicas, cirurgias ambulatoriais (porte anestésico zero), serviços auxiliares de diagnose em regime externo, fonoaudiologia e psicomotricidade, exceto os serviços descritos nos itens subsequentes.\r\n\r\n180 (cento e oitenta) dias da data de vigência do segurado para internações hospitalares, ultrassonografias com Doppler, ultrassonografias coloridas, tomografias computadorizadas, teste de função pulmonar, bioimpedanciometria, “tilt tests” e seus derivados, ressonância magnética, medicina nuclear (mapeamentos, cintilografias e terapias), ecocardiografias, eletrocardiografia dinâmica, estudo hemodinâmico, angiografias e arteriografias, endoscopias e laparoscopias, fisioterapia, oxigenoterapia hiperbárica, quimioterapia do câncer, radioterapia, escleroterapia, medicamentos antineoplásicos orais definidos no Rol de Procedimentos e Eventos em Saúde da ANS, vigente SulAmérica Saúde PME Cod. 557 22 Condições Gerais à época do evento, litotripsias, escleroterapia e todos os demais procedimentos cobertos pelo seguro, exceto os descritos para os grupos de carência subsequentes; para transplantes; para internações psiquiátricas, diálise peritoneal, hemodiálise e cirrose hepática, cirurgias de refração em oftalmologia, acupuntura, psicoterapia e obesidade mórbida. \r\n\r\n300 (trezentos) dias da data de vigência do segurado para parto a termo.','SULAMÉRICA - Saúde PME Ambulatório e Hospitalar com Obstetrícia (557) – 03 a 29vidas',NULL),
	(20,'0 (zero) hora da data de vigência do segurado para acidente pessoal \r\n\r\n24 (vinte e quatro) horas da data de vigência do segurado, para atendimentos de urgência e/ou emergência, incluindo os decorrentes de complicações gestacionais; \r\n\r\n15 (quinze) dias da data de vigência do segurado para consultas médicas, cirurgias ambulatoriais (porte anestésico zero), serviços auxiliares de diagnose em regime externo, fonoaudiologia e psicomotricidade, exceto os serviços descritos nos itens subsequentes; \r\n\r\n180 (cento e oitenta) dias da data de vigência do segurado para internações hospitalares, ultrassonografias com Doppler, ultrassonografias coloridas, tomografias computadorizadas, teste de função pulmonar, bioimpedanciometria, “tilt tests” e seus derivados, ressonância magnética, medicina nuclear (mapeamentos, cintilografias e terapias), ecocardiografias, eletrocardiografia dinâmica, estudo hemodinâmico, angiografias e arteriografias, endoscopias e laparoscopias, fisioterapia, oxigenoterapia hiperbárica, quimioterapia do câncer, radioterapia, escleroterapia, medicamentos antineoplásicos orais definidos no Rol de Procedimentos e Eventos em Saúde da ANS, vigente SulAmérica Saúde PME Cod. 557 22 Condições Gerais à época do evento, litotripsias, escleroterapia e todos os demais procedimentos cobertos pelo seguro, exceto os descritos para os grupos de carência subsequentes; para transplantes; para internações psiquiátricas, diálise peritoneal, hemodiálise e cirrose hepática, cirurgias de refração em oftalmologia, acupuntura, psicoterapia e obesidade mórbida. \r\n\r\n300 (trezentos) dias da data de vigência do segurado para parto a termo; ','SULAMÉRICA - Saúde PME - Ambulatório e Hospitalar com Obstetrícia (557) – 03 a 29vidas',16),
	(21,'0 (zero) hora da data de vigência do segurado para acidente pessoal.\r\n\r\n24 (vinte e quatro) horas da data de vigência do segurado, para atendimentos de urgência e/ou emergência, incluindo os decorrentes de complicações gestacionais. \r\n\r\n15 (quinze) dias da data de vigência da segurada para consultas médicas com ginecologista obstetra, ultrassonografia obstétrica e outros exames laboratoriais básicos necessários ao acompanhamento do processo gestacional, exceto os serviços descritos nos itens subsequentes; SulAmérica Saúde PME Cod.553 21 Condições Gerais \r\n\r\n180 (cento e oitenta) dias da data de vigência do segurado para internações hospitalares, dopplerfluxometria obstétrica e todos os demais procedimentos cobertos pelo seguro, exceto os descritos para os grupos de carência subsequentes;para transplantes, para internações psiquiátricas, diálise peritoneal, hemodiálise, cirrose hepática e obesidade mórbida. \r\n\r\n300 (trezentos) dias da data de vigência do segurado para parto a termo.\r\n','SULAMÉRICA - Saúde PME - Hospitalar com Obstetrícia (553) – 03 a 29vidas',16),
	(22,'0 (zero) hora da data de vigência do segurado para acidente pessoal.\r\n\r\n24 (vinte e quatro) horas da data de vigência do segurado, para atendimentos de urgência e/ou emergência, incluindo os decorrentes de complicações gestacionais.\r\n\r\n15 (quinze) dias da data de vigência do segurado para consultas médicas, cirurgias ambulatoriais (porte anestésico zero), serviços auxiliares de diagnose em regime externo, fonoaudiologia e psicomotricidade, exceto os serviços descritos nos itens subsequentes.\r\n\r\n180 (cento e oitenta) dias da data de vigência do segurado para internações hospitalares, ultrassonografias com Doppler, ultrassonografias coloridas, tomografias computadorizadas, teste de função pulmonar, bioimpedanciometria, “tilt tests” e seus derivados, ressonância magnética, medicina nuclear (mapeamentos, cintilografias e terapias), ecocardiografias, eletrocardiografia dinâmica, estudo hemodinâmico, angiografias e arteriografias, endoscopias e laparoscopias, fisioterapia, oxigenoterapia hiperbárica, quimioterapia do câncer, radioterapia, medicamentos antineoplásicos orais definidos no Rol de Procedimentos e Eventos em Saúde, litotripsias, escleroterapia e todos os demais procedimentos cobertos pelo seguro, exceto os descritos para os grupos de carência subsequentes; para transplantes; para internações psiquiátricas, diálise peritoneal, hemodiálise e cirrose hepática, cirurgias de refração em oftalmologia, acupuntura, psicoterapia e obesidade mórbida.\r\n\r\n300 (trezentos) dias da data de vigência do segurado para parto a termo.','SULAMÉRICA - Saúde PME Mais - Ambulatorial e Hospitalar com Obstetrícia (567) – 30 à 99 vidas',16),
	(23,'0 (zero) hora da data de vigência do segurado para acidente pessoal.\r\n\r\n24 (vinte e quatro) horas da data de vigência do segurado, para atendimentos de urgência e/ou emergência, incluindo os decorrentes de complicações gestacionais.\r\n\r\n15 (quinze) dias da data de vigência do segurado para consultas médicas com ginecologista obstetra, ultrassonografia obstétrica e outros exames laboratoriais básicos necessários ao acompanhamento do processo gestacional, exceto para os serviços descritos nos itens subsequentes.\r\n\r\n180 (cento e oitenta) dias da data de vigência do segurado para internações hospitalares, dopplerfluxometria obstétrica e todos os demais procedimentos cobertos pelo seguro, exceto os descritos para os grupos de carência subsequentes; para internações psiquiátricas, diálise peritoneal, hemodiálise, cirrose hepática e obesidade mórbida, para transplantes; SulAmérica Saúde PME Mais Cod.563 20 Condições Gerais.\r\n\r\n300 (trezentos) dias da data de vigência do segurado para parto a termo.','SULAMÉRICA - Saúde PME Mais - Hospitalar com Obstetrícia (563) – 30 à 99 vidas',16);

/*!40000 ALTER TABLE `carencias` ENABLE KEYS */;
UNLOCK TABLES;


# Dump da tabela estados
# ------------------------------------------------------------

DROP TABLE IF EXISTS `estados`;

CREATE TABLE `estados` (
  `id` int(11) unsigned NOT NULL AUTO_INCREMENT,
  `nome` varchar(100) NOT NULL DEFAULT '',
  PRIMARY KEY (`id`)
) ENGINE=InnoDB DEFAULT CHARSET=utf8;

LOCK TABLES `estados` WRITE;
/*!40000 ALTER TABLE `estados` DISABLE KEYS */;

INSERT INTO `estados` (`id`, `nome`)
VALUES
	(1,'Acre'),
	(2,'Alagoas'),
	(3,'Amapá'),
	(4,'Amazonas'),
	(5,'Bahia'),
	(6,'Ceará'),
	(7,'Distrito Federal'),
	(8,'Espírito Santo'),
	(9,'Goiás'),
	(10,'Maranhão'),
	(11,'Mato Grosso'),
	(12,'Mato Grosso do Sul'),
	(13,'Minas Gerais'),
	(14,'Pará'),
	(15,'Paraíba'),
	(16,'Paraná'),
	(17,'Pernambuco'),
	(18,'Piauí'),
	(19,'Rio de Janeiro'),
	(20,'Rio Grande do Norte'),
	(21,'Rio Grande do Sul'),
	(22,'Rondônia'),
	(23,'Roraima'),
	(24,'Santa Catarina'),
	(25,'São Paulo'),
	(26,'Sergipe'),
	(27,'Tocantins');

/*!40000 ALTER TABLE `estados` ENABLE KEYS */;
UNLOCK TABLES;


# Dump da tabela imagens
# ------------------------------------------------------------

DROP TABLE IF EXISTS `imagens`;

CREATE TABLE `imagens` (
  `id` int(11) unsigned NOT NULL AUTO_INCREMENT,
  `nome` varchar(255) COLLATE utf8_unicode_ci NOT NULL,
  `caminho` varchar(255) COLLATE utf8_unicode_ci NOT NULL,
  `created` datetime NOT NULL,
  `modified` datetime NOT NULL,
  `status` tinyint(1) NOT NULL DEFAULT '1' COMMENT '1 = Active, 0 = Inactive',
  PRIMARY KEY (`id`)
) ENGINE=InnoDB DEFAULT CHARSET=utf8 COLLATE=utf8_unicode_ci;

LOCK TABLES `imagens` WRITE;
/*!40000 ALTER TABLE `imagens` DISABLE KEYS */;

INSERT INTO `imagens` (`id`, `nome`, `caminho`, `created`, `modified`, `status`)
VALUES
	(1,'bradesco.jpg','uploads/imagens/','2017-02-13 17:01:19','2017-02-13 17:01:19',1),
	(2,'Bradesco-saude-Logo.png','uploads/imagens/','2017-02-13 17:04:16','2017-02-13 17:04:16',1),
	(3,'amil logo.jpg','uploads/imagens/','2017-02-13 17:04:52','2017-02-13 17:04:52',1),
	(4,'cnu pme.jpg','uploads/imagens/','2017-02-13 17:13:22','2017-02-13 17:13:22',1),
	(5,'resize-240x147_saude-casseb-3.jpg','uploads/imagens/','2017-03-14 12:02:17','2017-03-14 12:02:17',1),
	(6,'logo.png','uploads/imagens/','2017-03-14 12:02:59','2017-03-14 12:02:59',1),
	(7,'ami1.png','uploads/imagens/','2017-03-15 11:27:38','2017-03-15 11:27:38',1),
	(8,'unimed_feira_jovem_aprendiz.jpg','uploads/imagens/','2017-03-15 14:11:51','2017-03-15 14:11:51',1),
	(9,'boasaude.png','uploads/imagens/','2017-03-16 09:53:12','2017-03-16 09:53:12',1),
	(10,'hapvida.png','uploads/imagens/','2017-03-16 10:01:37','2017-03-16 10:01:37',1),
	(11,'one.png','uploads/imagens/','2017-03-16 10:02:21','2017-03-16 10:02:21',1),
	(12,'sulamerica.png','uploads/imagens/','2017-03-16 10:02:50','2017-03-16 10:02:50',1),
	(13,'unnamed.png','uploads/imagens/','2017-03-16 10:03:24','2017-03-16 10:03:24',1),
	(14,'unnamed.png','uploads/imagens/','2017-03-16 10:03:36','2017-03-16 10:03:36',1),
	(15,'seguros-unimed2.png','uploads/imagens/','2017-03-16 10:05:10','2017-03-16 10:05:10',1),
	(16,'uni-3-1.jpg','uploads/imagens/','2017-03-16 10:06:21','2017-03-16 10:06:21',1),
	(17,'logo_vitallis-slide.png','uploads/imagens/','2017-03-16 10:07:16','2017-03-16 10:07:16',1),
	(18,'hapvida.png','uploads/imagens/','2017-03-29 09:33:00','2017-03-29 09:33:00',1);

/*!40000 ALTER TABLE `imagens` ENABLE KEYS */;
UNLOCK TABLES;


# Dump da tabela informacoes
# ------------------------------------------------------------

DROP TABLE IF EXISTS `informacoes`;

CREATE TABLE `informacoes` (
  `id` int(11) unsigned NOT NULL AUTO_INCREMENT,
  `descricao` text NOT NULL,
  `nome` varchar(155) NOT NULL DEFAULT '',
  `operadora_id` int(11) unsigned DEFAULT NULL,
  PRIMARY KEY (`id`),
  KEY `operadora_id` (`operadora_id`),
  CONSTRAINT `informacoes_ibfk_1` FOREIGN KEY (`operadora_id`) REFERENCES `operadoras` (`id`)
) ENGINE=InnoDB DEFAULT CHARSET=utf8;

LOCK TABLES `informacoes` WRITE;
/*!40000 ALTER TABLE `informacoes` DISABLE KEYS */;

INSERT INTO `informacoes` (`id`, `descricao`, `nome`, `operadora_id`)
VALUES
	(1,'Documentos Necessários: Último Contrato Social da Empresa, com as devidas alterações, ou Estatutos e Atas no caso de grupos específicos.\r\nFGTS atualizado e quitado, relação de empregados e guia de recolhimento, CNPJ e CRF.\r\nCartões (Ficha de Inclusão) devidamente preenchidos e assinados pelo proponente\r\nPara proponentes com mais de 65 anos é necessário enviar exame realizado pelo médico da Bradesco Saúde\r\nProposta Mestra com a assinatura de um representante legal e carimbos do Estipulante e do Corretor\r\nCCB quitada, exceto nos casos que necessitem de análise prévia.\r\n','BRADESCO HOSPITALAR NACIONAL',NULL),
	(2,'Documentos da Empresa: Cópia do Contrato Social da Empresa, Cópia da Listagem de FGTS da Empresa (com até 2 Meses Retroativos), Cópia do Documento de Identificação (com Foto e Assinatura) do Responsável Legal da Empresa, Cópia de Cartão CNPJ da Empresa. Formulário de Solicitação de Adesão Empresa até 99 Vidas. \r\n','AMIL – PLANO PME 02 À 29 VIDAS',2),
	(3,'Documentos da Empresa: Cópia do Contrato Social da Empresa, Cópia da Listagem de FGTS da Empresa (com até 2 Meses Retroativos), Cópia do Documento de Identificação (com Foto e Assinatura) do Responsável Legal da Empresa, Cópia de Cartão CNPJ da Empresa. Formulário de Solicitação de Adesão Empresa até 99 Vidas. ','AMIL – PLANO PME 30 À 99 VIDAS',2),
	(4,'Último Contrato Social da Empresa, com as devidas alterações, ou Estatutos e Atas no caso de grupos específicos. \r\nFGTS atualizado e quitado, relação de empregados e guia de recolhimento, CNPJ e CRF.\r\nCartões (Ficha de Inclusão) devidamente preenchidos e assinados pelo proponente. \r\nPara proponentes com mais de 65 anos é necessário enviar exame realizado pelo médico da Bradesco Saúde.\r\nProposta Mestra com a assinatura de um representante legal e carimbos do Estipulante e do Corretor.\r\nCCB quitada, exceto nos casos que necessitem de análise prévia.\r\n','BRADESCO ',1),
	(5,'EMPRESA: Proposta assinada e carimbada, FGTS + quitação + relação de empregados, Contrato Social e alteração, se houver, CNPJ, RG e CPF do responsável pela empresa.\r\nSEGURADO: Contrato Social e alteração, se houver, CNPJ, RG e CPF do responsável pela empresa.\r\n\r\n\r\n','CAIXA',5),
	(6,'TITULAR: RG, CPF e Comprovante de Residência (Exceto Embasa e Coelba).\r\nEMPRESA:  Contrato social e última alteração consolidada,  RG/CPF e comprovante de residência  dos sócios, Comprovante de endereço da empresa, FGTS completo e quitado e CNPJ.','CASSEB',6),
	(7,'Empresa:\r\nCópia do contrato Social(última alteração) ou declaração de firma individual.\r\nCópia do CNPJ / relação do FGTS (GFIP) / carta de responsabilidade assinada pelo proprietário.\r\n\r\nTitular: \r\nCópia do RG, CPF e comprovante de endereço (exceto conta de água);\r\n\r\n','HAPVIDA ',10),
	(8,'Cadastro de Novas Empresas:\r\nProposta Contratual com todas as informações devidamente preenchidas, assinada e carimbada pelo representante da empresa.\r\nCópia do Contrato Social ou estatuto da empresa (Aditivos).\r\nCópia do RG e CPF do responsável pela empresa.\r\nCópia do comprovante de Endereço do responsável pela empresa.\r\nGFIP juntamente com o comprovante de pagamento. \r\nCópia do CNPJ (Atualizado).\r\nCópia do comprovante de Endereço no nome da empresa.\r\n \r\nInclusão de Titulares:\r\nDeclaração de Saúde preenchida e assinada pelo proponente.\r\nCópia do RG.\r\nCópia do CPF ou CNH dentro do prazo de validade.\r\nComprovante de Endereço. \r\nEntrevista qualificada (conforme critérios AMI).\r\nPreenchimento do Layout.\r\nCartão do SUS.','AMI',26),
	(9,'Cópia do CNPJ, Contrato Social, e comprovante de residência.\r\nCópia do RG, CPF, Cartão do SUS, Contra-cheque e contrato de trabalho.\r\nCertidão de Nascimento (Crianças).','UNIÃO MÉDICA ',25),
	(10,'Empresa: Empresa Cópia do Cartão CNPJ atualizado, Cópia do RG e CPF dos sócios, Cópia do Contrato Social e alterações.\r\nSócios: Cópia do Contrato Social com a última alteração;\r\nColaborador: Cópia do FGTS/ Carteira de Trabalho;\r\nEstagiário: Cópia do contrato de estágio e carta assinada pela instituição de ensino;\r\nPrestador de Serviço: Cópia de contrato de prestação de serviços entre as partes;\r\nMicroempreendedor Individual: Somente após 6 meses da abertura, Cópia de registro CNPJ ','UNIMED CNU',17),
	(11,'Contrato Emitido assinado em duas vias. \r\nCNPJ com pelo menos 8 meses de cadastro vigente; Contrato Social da Empresa.\r\nCópia dos Doc. Pessoais do responsável pela empresa.\r\nCópia dos Doc. Dos participantes do plano, incluindo Cartão do Sus.\r\nPlanilha para Cadastro.\r\nÚltima GFIP - no máximo do mês anterior à entrega dos documentos.\r\n\r\nEmpresa: Cópia do Contrato Social e alterações, cópia do cartão CNPJ atualizado, cópia do RG e CPF dos sócios, Inscrição Estadual (quando houver), comprovante de endereço da empresa, telefone e e-mail.\r\nFuncionários Titulares: Comprovação de vínculo empregatício, comprovante de endereço.\r\nTitulares todas as idades e dependentes a partir de 18 anos de idade: RG e CPF, comprovante de endereço.\r\n\r\n\r\n','UNIMED FEIRA - 02 à 29 VIDAS',19),
	(12,'Cônjuge: Cópias do RG + CPF + certidão de casamento.\r\nCompanheiro(a): Cópia do RG + CPF, Declaração de União Estável padrão Unimed ou expedido por órgão oficial, contendo o n° do RG e do CPF do(a) companheiro(a), endereço, tempo de convívio, n° do RG e assinatura de duas testemunhas, firma reconhecida do titular e do(a) companheiro(a).\r\nFilho(a) solteiro(a) menores de 24 anos : Cópias RG + CPF. Para recém nascidos, a certidão de nascimento.\r\nFilho(a) inválido(a) de qualquer idade: Cópias RG + CPF + certidão de invalidez emitida pelo INSS.\r\nEnteado(a) solteiro(a) menores de 24 anos: Cópias RG + CPF do(a) enteado(a) + certidão de óbito, de um dos genitores ou declaração judicial de ausência.\r\nMenor sob guarda ou tutela do segurado titular solteiro(a) menores de 24 anos: Cópias RG + CPF do(a) tutelado(a), tutela ou do \"termo de guarda\" expedido por órgão oficial.\r\n\r\n** Para titulares e dependentes com idade a partir de 16 anos, solicita-se cópia do CPF.\r\n*** Caso o beneficiário possua o cartão do SUS, poderá fornecer à Operadora.','UNIMED FEIRA - 03 à 29 VIDAS',19),
	(13,'Empresa:\r\nCartão de CNPJ.\r\nContrato Social.\r\nComprovante de endereço.\r\nFicha de inscrição Estadual/Municipal.','VITALLIS SAÚDE ',23),
	(14,'Documentação da Empresa: Contrato Social e alterações, Cartão CNJP, Relação de FGTS completa e atual, RG e CPF do sócio administrador, Comprovante de endereço da empresa.\r\nDocumentação dos Funcionários: RG, CPF, comprovante de residencia.\r\n','UNIMED SEGUROS',18),
	(15,'Empresa:\r\nCópia do contrato Social(última alteração) ou declaração de firma individual;\r\nCópia do CNPJ / relação do FGTS (GFIP) / carta de responsabilidade assinada pelo proprietário;\r\n','HAPVIDA AFIX',27),
	(16,'Empresa: \r\nContrato Social e última alteração consolidada, RG/CPF  e comprovante de residência dos sócios, comprovante de endereço da empresa, FGTS completo e quitado e CNPJ.\r\nObs: Obrigatório CPF da Criança (titular)\r\n','BOA SAÚDE',4),
	(17,'Cópia do Contrato Social da Empresa, Cópia da Listagem de FGTS da Empresa (com até 2 Meses Retroativos), Cópia do Documento de Identificação (Com Foto e Assinatura) do Responsável Legal da Empresa, Cópia de Cartão CNPJ da Empresa. \r\nFormulário de Solicitação de Adesão Empresa até 99 Vidas.\r\n','ONE HEALTH (GRUPO AMIL)',13),
	(18,'a) Contrato Social, devidamente registrado no órgão competente; \r\n\r\nb) Proposta de Seguro, assinada, sob carimbo, pelo corretor e pelo representante legal da empresa na forma de seus atos constitutivos ou SulAmérica Saúde PME Cod. 557 10 Condições Gerais mediante procuração registrada em cartório com poderes específicos para contratar;\r\n\r\nc) Cartões-Proposta assinados pelo representante legal da empresa na forma de seus atos constitutivos ou mediante procuração registrada em cartório com poderes específicos para contratar e pelo Proponente;\r\n\r\nd) Cópia da relação atualizada de Fundo de Garantia por Tempo de Serviço – FGTS acompanhada da última Guia de Recolhimento quitada;\r\n\r\ne) Cópia do Contrato de Estágio assinado pelo estagiário e pelo representante legal da empresa, na forma de seus atos constitutivos ou mediante procuração registrada em cartório com poderes específicos para contratar e pela Instituição de ensino, todas sob carimbo; \r\n\r\nf) Cópia do Contrato de Aprendiz assinado pelo aprendiz e pelo representante legal da empresa na forma de seus atos constitutivos e/ou Registro de Empregado assinado pelo empregado e pelo empregador, na forma de seus atos constitutivos, ou em ambas as situações mediante procuração registrada em cartório com poderes específicos para contratar e documento que comprove a inscrição/matrícula em Escola/Instituição de Ensino Técnico; \r\n\r\ng) Registro de Empregado em papel timbrado, certidão de nascimento, casamento, escritura declaratória lavrada em cartório, tutela ou guarda judicial, passaporte, RNE - Registro Nacional de Estrangeiros e outros documentos que a Seguradora julgar necessários; \r\n\r\nh) Outros documentos que a Seguradora julgar necessário, que comprovem oficialmente e financeiramente a constituição da Empresa, o vínculo entre o Grupo Segurado e o Estipulante e o vínculo entre Segurado e Dependentes. ','SULAMÉRICA - Saúde PME - Ambulatório e Hospitalar com Obstetrícia (557) – 03 a 29vidas',16),
	(19,'a) Contrato Social, devidamente registrado no órgão competente; \r\n\r\nb) Proposta de Seguro, assinada, sob carimbo, pelo corretor e pelo representante legal da empresa na forma de seus atos constitutivos ou mediante procuração registrada em cartório com poderes específicos para contratar;\r\n \r\nc) Cartões-Proposta assinados pelo representante legal da empresa na forma de seus atos constitutivos ou mediante procuração registrada em cartório com poderes específicos para contratar e pelo Proponente;\r\n\r\nd) Cópia da relação atualizada de Fundo de Garantia por Tempo de Serviço – FGTS acompanhada da última Guia de Recolhimento quitada;\r\n\r\ne) Cópia do Contrato de Estágio assinado pelo estagiário e pelo representante legal da empresa, na forma de seus atos constitutivos ou mediante procuração registrada em cartório com poderes específicos para contratar, pela Instituição de ensino, todas sob carimbo; \r\n\r\nf) Cópia do Contrato de Aprendiz assinado pelo aprendiz e pelo representante legal da empresa na forma de seus atos constitutivos e/ou Registro de Empregado assinado pelo empregado e pelo empregador, na forma de seus atos constitutivos, ou em ambas as situações mediante procuração registrada em cartório com poderes específicos para contratar e documento que comprove a inscrição/matrícula em Escola/Instituição de Ensino Técnico; \r\n\r\ng) Registro de Empregado em papel timbrado, certidão de nascimento, casamento, escritura declaratório lavrada em cartório, tutela ou guarda judicial, passaporte, RNE - Registro Nacional de Estrangeiros e outros documentos que a Seguradora julgar necessários; \r\n\r\nh) Outros documentos que a Seguradora julgar necessário, que comprovem oficialmente e financeiramente a constituição da Empresa, o vínculo entre o Grupo Segurado e o Estipulante e o vínculo entre Segurado e Dependentes. ','SULAMÉRICA - Saúde PME - Hospitalar com Obstetrícia (553) – 03 à 29 vidas',16),
	(20,'a) Contrato Social, devidamente registrado no órgão competente; \r\n\r\nb) Proposta Comercial, devidamente assinada, sob carimbo, pelo representante legal da empresa na forma de seus atos constitutivos ou mediante procuração registrada em cartório com poderes específicos para contratar;\r\n\r\nc) Proposta de Seguro, assinada, sob carimbo, pelo corretor e pelo representante legal da empresa, na forma de seus atos constitutivos ou mediante procuração registrada em cartório com poderes específicos para contratar;\r\n\r\nd) Cartões-Proposta assinados pelo representante legal da empresa na forma de seus atos constitutivos ou mediante procuração registrada em cartório com poderes específicos para contratar e pelo proponente, ou arquivo magnético em linguagem txt cujo layout é fornecido pela Seguradora;\r\n\r\ne) Cópia da relação atualizada de Fundo de Garantia por Tempo de Serviço – FGTS, acompanhada da última Guia de Recolhimento quitada; \r\n\r\nf) Cópia do Contrato de Estágio assinado pelo estagiário e pelo representante legal da empresa na forma de seus atos constitutivos ou mediante procuração registrada em cartório com poderes específicos para contratar, e pela Instituição de ensino, todas sob carimbo; SulAmérica Saúde PME Mais Cod. 567 12 Condições Gerais;\r\n\r\ng) Cópia do Contrato de Aprendiz assinado pelo aprendiz e pelo representante legal da empresa na forma de seus atos constitutivos e/ou Registro de Empregado assinado pelo empregado e pelo empregador, na forma de seus atos constitutivos, ou em ambas as situações mediante procuração registrada em cartório com poderes específicos para contratar e documento que comprove a inscrição/matrícula em Escola/Instituição de Ensino Técnico; \r\n\r\nh) Registro de Empregado em papel timbrado, certidão de nascimento, casamento, escritura declaratório lavrada em cartório, tutela ou guarda judicial, passaporte e RNE - Registro Nacional de Estrangeiro e Diário Oficial, outros documentos que a Seguradora julgar necessários; \r\n\r\ni) Outros documentos que a Seguradora julgar necessário, que comprovem oficialmente e financeiramente a constituição da Empresa, o vínculo entre o Grupo Segurado e o Estipulante e o vínculo entre Segurado e Dependentes.','SULAMÉRICA - Saúde PME Mais - Ambulatorial e Hospitalar com Obstetrícia (567) – 30 à 99 vidas',16),
	(21,'a) Contrato Social, devidamente registrado no órgão competente; \r\n\r\nb) Proposta Comercial, devidamente assinada, sob carimbo, pelo representante legal da empresa na forma de seus atos constitutivos ou mediante procuração registrada em cartório com poderes específicos para contratar;\r\n \r\nc) Proposta de Seguro, assinada, sob carimbo, pelo corretor e pelo representante legal da empresa na forma de seus atos constitutivos ou mediante procuração registrada em cartório com poderes específicos para contratar;\r\n\r\nd) Cartões-Proposta assinados pelo representante legal da empresa na forma de seus atos constitutivos ou mediante procuração registrada em cartório com poderes específicos para contratar e pelo Proponente; SulAmérica Saúde PME Mais Cod.563 9 Condições Gerais;\r\n\r\ne) Cópia da relação atualizada de Fundo de Garantia por Tempo de Serviço – FGTS acompanhada da última Guia de Recolhimento quitada; \r\n\r\nf) Cópia do Contrato de Estágio assinado pelo estagiário e pelo representante legal da empresa, na forma de seus atos constitutivos ou mediante procuração registrada em cartório com poderes específicos para contratar, pela Instituição de ensino, todas sob carimbo; \r\n\r\ng) Cópia do Contrato de Aprendiz assinado pelo aprendiz e pelo representante legal da empresa na forma de seus atos constitutivos e/ou Registro de Empregado assinado pelo empregado e pelo empregador, na forma de seus atos constitutivos, ou em ambas as situações mediante procuração registrada em cartório com poderes específicos para contratar e documento que comprove a inscrição/matrícula em Escola/Instituição de Ensino Técnico; \r\n\r\nh) Registro de Empregado em papel timbrado, certidão de nascimento, casamento, escritura declaratório lavrada em cartório, tutela ou guarda judicial, passaporte, RNE - Registro Nacional de Estrangeiros e outros documentos que a Seguradora julgar necessários; \r\n\r\ni) Outros documentos que a Seguradora julgar necessário, que comprovem oficialmente e financeiramente a constituição da Empresa, o vínculo entre o Grupo Segurado e o Estipulante e o vínculo entre Segurado e Dependentes. ','SULAMÉRICA - Saúde PME Mais - Hospitalar com Obstetrícia (563) – 30 à 99 vidas',16);

/*!40000 ALTER TABLE `informacoes` ENABLE KEYS */;
UNLOCK TABLES;


# Dump da tabela modalidades
# ------------------------------------------------------------

DROP TABLE IF EXISTS `modalidades`;

CREATE TABLE `modalidades` (
  `id` int(11) unsigned NOT NULL AUTO_INCREMENT,
  `nome` varchar(150) NOT NULL DEFAULT '',
  `descricao` text NOT NULL,
  PRIMARY KEY (`id`)
) ENGINE=InnoDB DEFAULT CHARSET=utf8;

LOCK TABLES `modalidades` WRITE;
/*!40000 ALTER TABLE `modalidades` DISABLE KEYS */;

INSERT INTO `modalidades` (`id`, `nome`, `descricao`)
VALUES
	(1,'ADESÃO ',''),
	(2,'INDIVIDUAL',''),
	(3,'PME','');

/*!40000 ALTER TABLE `modalidades` ENABLE KEYS */;
UNLOCK TABLES;


# Dump da tabela observacoes
# ------------------------------------------------------------

DROP TABLE IF EXISTS `observacoes`;

CREATE TABLE `observacoes` (
  `id` int(11) unsigned NOT NULL AUTO_INCREMENT,
  `descricao` text NOT NULL,
  `nome` varchar(150) NOT NULL DEFAULT '',
  `operadora_id` int(11) unsigned DEFAULT NULL,
  PRIMARY KEY (`id`),
  KEY `operadora_id` (`operadora_id`),
  CONSTRAINT `observacoes_ibfk_1` FOREIGN KEY (`operadora_id`) REFERENCES `operadoras` (`id`)
) ENGINE=InnoDB DEFAULT CHARSET=utf8;

LOCK TABLES `observacoes` WRITE;
/*!40000 ALTER TABLE `observacoes` DISABLE KEYS */;

INSERT INTO `observacoes` (`id`, `descricao`, `nome`, `operadora_id`)
VALUES
	(1,'IOF: 2,38%  /  TAXA DE CADASTRO*: R$ 7,50 POR VIDA  (COBRADA NO 1º PAGAMENTO) \r\nO cliente pode mesclar os planos dos segurados TITULARES.\r\n\r\nBRADESCO DENTAL: Odontologia – Abrangência Nacional  / Plano Cobertura Padrão: R$ 19,56 por pessoa deverão aderir todas as pessoas incluídas no SPG.\r\nPERÍCIA A PARTIR DE 65 ANOS: Dr.José Alberto da Matta - 3353-3261/3351-5704 ;  Dr.Valdir Ayres - 2109-2216/2217; Dr.Thiers Chagas – 3331-0780.\r\nIMPORTANTE: No Plano PERFIL o reembolso tem livre escolha de prestadores, respeitando os valores da tabela  de honorários e serviços da Bradesco Saúde.\r\n\r\n\r\n\r\n','BRADESCO HOSPITALAR NACIONAL',NULL),
	(3,'Quem Pode Aderir: Beneficiários, Sócios e Seus Respectivos Dependentes, Funcionários com Vínculo Empregatício e Consanguíneos (Cunhados, Enteados, Filhos, Irmãos, Netos, Pais e Sogros).\r\n\r\nTaxa de Cadastro: R$ 50,00 por Contrato Plano PME.\r\n\r\nAmil Resgate Saúde: R$ 20,00\r\nAssistência Multiviagem ao Exterior: R$ 20,00','AMIL – PLANO PME 02 À 29 VIDAS',2),
	(4,'Quem Pode Aderir: Beneficiários, Sócios e Seus Respectivos Dependentes, Funcionários com Vínculo Empregatício e Consanguíneos (Cunhados, Enteados, Filhos, Irmãos, Netos, Pais e Sogros).\r\n\r\nTaxa de Cadastro: R$ 50,00 por Contrato Plano PME.\r\n\r\nAmil Resgate Saúde: R$ 20,00\r\nAssistência Multiviagem ao Exterior: R$ 20,00\r\n\r\n','AMIL – PLANO PME 30 À 99 VIDAS',2),
	(5,'IOF: 2,38% / TAXA DE CADASTRO*: R$ 7,50 POR VIDA (COBRADA NO 1º PAGAMENTO) O cliente pode mesclar os planos dos segurados TITULARES.\r\n\r\nBradesco Dental: \r\n- Odontologia – Abrangência Nacional. \r\n- Plano Cobertura Padrão: R$ 19,56 por pessoa deverão aderir todas as pessoas incluídas no SPG.\r\n\r\nIMPORTANTE: No Plano PERFIL o reembolso tem livre escolha de prestadores, respeitando os valores da tabela de honorários e serviços da Bradesco Saúde.\r\n','BRADESCO ',1),
	(6,'Não informado.','CAIXA',5),
	(7,'ESPECIALIDADES CASSEB  ESPECIALIDADES: Especialidades do Centro Médico Casseb: Acupuntura, Alergologia, Angiologia, Audiometria, Cardiologia, Cirurgia Geral, Cirurgia Cabeça e Pescoço, Clinica da dor, Clinica Médica, Dermatologia, Endocrinologia, Fonoaudiologia, Gastroentologia, Geriatria, Ginecologia, Laborátorio de Analises Clínicas, Neurologia, Nutrição, Mamografia, Obstetrícia, Oftalmologia, Ortopedia / Traumatologia, Otorrinolaringologia, Pediatria, Perícia Médica, Pneumologia, Proctologia, Psicologia, Psiquiatria, Raio X, Terapia Ocupacional, Ultrassonografia, Urologia.\r\n\r\nENTREVISTA QUALIFICADA:\r\nObrigatória: Para crianças até 6 anos, 11meses e 29 dias, mulheres e  homens  a partir dos 45 anos. \r\nMarcação: (71) 3444-0500 - Saúde Casseb. \r\nObrigatório: Teste do pezinho(Crianças até 1 ano, 11 meses e 29 dias).\r\nCartão de Vacina: Crianças até 1 ano, 11 meses e 29 dias). \r\n','CASSEB - SEM COPARTICIPAÇÃO',6),
	(8,'ESPECIALIDADES CASSEB  ESPECIALIDADES: Especialidades do Centro Médico Casseb: Acupuntura, Alergologia, Angiologia, Audiometria, Cardiologia, Cirurgia Geral, Cirurgia Cabeça e Pescoço, Clinica da dor, Clinica Médica, Dermatologia, Endocrinologia, Fonoaudiologia, Gastroentologia, Geriatria, Ginecologia, Laborátorio de Analises Clínicas, Neurologia, Nutrição, Mamografia, Obstetrícia, Oftalmologia, Ortopedia / Traumatologia, Otorrinolaringologia, Pediatria, Perícia Médica, Pneumologia, Proctologia, Psicologia, Psiquiatria, Raio X, Terapia Ocupacional, Ultrassonografia, Urologia.\r\n\r\nENTREVISTA QUALIFICADA:\r\nObrigatória: Para crianças até 6 anos, 11meses e 29 dias, mulheres e  homens  a partir dos 45 anos. \r\nMarcação: (71) 3444-0500 - Saúde Casseb. \r\nObrigatório: Teste do pezinho(Crianças até 1 ano, 11 meses e 29 dias).\r\nCartão de Vacina: Crianças até 1 ano, 11 meses e 29 dias). \r\n\r\nVALORES DE COPARTICIPAÇÃO:\r\nConsultas Eletivas: R$ 21,00\r\nConsultas P/S: R$ 35,00\r\nExames Simples: R$ 6,00\r\nExames Complexos: R$ 30,00\r\n\r\nCMC - CENTRO MÉDICO CASSEB\r\nConsultas Eletivas: R$ 8,00\r\nExames Simples: R$ 6,00\r\nExames Complexos: R$ 15,00\r\n\r\nObs: Valores aproximados que podem variar conforme procedimentos realizados e locais de atendimento.*\r\n','CASSEB - COM COPARTICIPAÇÃO',6),
	(9,'Taxa de Adesão: R$ 10,00 por usuário.\r\n\r\nATENÇÃO:\r\nBeneficiários são sócios e seus respectivos dependentes, funcionários com vínculo empregatício e consaguineos (cunhados, enteados, filhos, irmãos, netos, pais e sogros) até 43 anos, exceto sobrinhos sendo  até os 18 anos. \r\nHaverá isenção total das carências nas empresas acima de 30 usuários. \r\n\r\nPROCEDIMENTO\r\nConsultas Eletivas: R$ 9,58\r\nConsultas de Urgências: R$ 15,85\r\nExames Simples: R$ 7,87\r\nExames Complexos: R$ 47,77\r\n\r\nNOSSO PLANO: Internações em hospitais da Rede própria,consultas nas Hapclínicas e exames nas clínicas Vida & Imagem, atendimento eletivo na Rede própria Norte e Nordeste e de urgência e  emergência em todo Brasil através do ABRAMGE. \r\n\r\nMIX: Internações nos hospitais da Rede própria,exames  clinicas Vida & Imagem,atendimento eletivo para  consultas na rede credenciada Norte e Nordeste,urgência e emergência em todo Brasil através do ABRAMGE.\r\n\r\n\r\n\r\n','NOSSO PLANO ',10),
	(11,'TX. ADESÃO: R$15,00 \r\n \r\nAssistência Médica ¹: Plano de assistência médica com desconto no valor da mensalidade, em caso de contratação concomitante do plano de assistência odontológica.\r\nAssistência Médica ²: Plano de assistência médica sem desconto no valor da mensalidade, em caso de não contratação concomitante do plano de assistência odontológica.\r\n\r\n- A contratação do plano de assistência odontológica será realizada por instrumento próprio, em termo de adesão distinto do plano de assistência médica.\r\n- Os planos de assistência médica para grupos familiares, a partir de 02 (duas) vidas, poderão sofrer desconto de até 5% (cinco por cento) no valor de sua mensalidade no ato da contratação.\r\n - Os planos de assistência médica para grupos familiares, a partir de 04 (quatro) vidas, poderão sofrer desconto de até 10% (dez por cento) no valor de sua mensalidade no ato da contratação.\r\n- Os preços contidos na tabela dos produtos \"Nosso Plano\" e \"Mix\" abrangem exclusivamente a cobertura de assistência médica. Os valores relativos aos produtos de assistência odontológica estão contidos na tabela \"Planos Odontológicos\".\r\n\r\nAtenção: \r\n- No verso desta folha estão contidos os índices de reajuste por mudança de faixa etária, permitindo assim o pleno conhecimento da mudança do valor de sua mensalidade em decorrência da variação de idade.     \r\n- Para os descontos do Plano Familiar, só será considerada a quantidade de beneficiários inscritos no ato da contratação. Casa haja inclusões posteriores à contratação, não haverá incidência de novo desconto. Caso haja cancelamento posterior à contratação e que faça o contrato não se classificar mais no grupo de desconto, o mesmo será reduzido ou até mesmo deixará de ser aplicado.','NOSSO PLANO - INDIVIDUAL - SEM COPARTICIPAÇÃO',NULL),
	(14,'ACIMA DE 59 ANOS: VENDA ADMINISTRATIVA.\r\nTaxas de Cadastro: R$ 10,00 (Dez Reais) por vida.\r\nConsulte prêmio médio para empresa de 30 a 90 vidas (sujeito à aprovação, com mudança de regra de comissionamento).\r\n\r\nTaxa de Coparticipação:\r\nConsultas: R$ 20,00\r\nConsultas de Urgência/Emergência: R$30,00\r\nDemais Procedimentos (Exceto Internação): 20%','AMI',26),
	(15,'Taxa de adesão empresarial: R$ 60,00\r\n\r\nCoparticipação de 30% sobre exames, limitados aos respectivos valores: \r\nExames Simples: R$ 4,30\r\nExames Complementares: R$ 31,50\r\n\r\nCoparticipação: R$ 25,00 por consulta\r\n','UNIÃO MÉDICA ',25),
	(16,'Taxa de Implantação : R$ 10,00 (por beneficiário).\r\nQuem pode aderir: Sócios, Colaborador, Estagiário, Prestador de Serviço, Microempreendedor Individual.\r\n\r\nValores de Coparticipação:\r\nConsultas Eletivas: R$ 25,00\r\nConsultas P/S: R$ 35,00\r\nExames Simples: R$ 8,00\r\nExames Complexos: R$ 40,00\r\nFranquia internação: R$ 60,00\r\nPlano Básico: R$ 60,00\r\nFranquia internação: R$ 90,00\r\nPlano Especial: R$ 90,00\r\n\r\nRELAÇÃO DE CONGÊNERES: Allianz, Amil, Care Plus, Bradesco Saúde, Golden Cross, Lincx, Marítima ,Medial, Notre Dame, Omint, Porto Seguro.\r\nDocumentação necessária: Cópia das carteirinhas, 3 últimos boletos pagos e comprovação de início da vigência.','UNIMED CNU',17),
	(17,'Coparticipação em consultas: R$ 23,00','UNIMED FEIRA - 02 à 29 VIDAS',NULL),
	(18,'Coparticipação em consultas: R$ 23,00','UNIMED FEIRA - 02 à 29 VIDAS',19),
	(19,'Para vidas acima de 58 anos, consultar a operadora.\r\n\r\nCoparticipativo em consultas: R$ 20,00\r\n\r\n','UNIMED FEIRA - 03 à 29 VIDAS',19),
	(20,'VENDAS PERMITIDA APENAS NAS CIDADES DE ATUAÇÃO DO PRODUTO.\r\n\r\nCNPJ - Sendo mínimo um ano no contrato social da empresa.\r\nMínimo de 2 Titulares.\r\n\r\nCoparticipação:\r\nConsultas Eletivas: R$ 20,00\r\nConsultas em pronto soccoro: R$ 40,00\r\nExames e procedimentos ambulatoriais: R$ 6,00','VITALLIS SAÚDE ',23),
	(21,'Este estudo não contempla funcionários afastados, agregados, demitidos, aposentados, aposentados por invalidez, gestantes e remidos.\r\nEste estudo não considera casos crônicos, em tratamento, internados e home care.\r\n\r\nBreak Even de 70%.\r\n100% Compulsório.\r\nSeguro Saúde PME Corporativo – Seguros Unimed de 04 à 99 Vidas, Sendo 02 Titulares.\r\nCo-participação de 20% em Consultas e Exames Simples, Revertida para à Seguros Unimed.\r\n\r\nCarregamentos:\r\nAgenc.: 200%\r\nCorretagem: 5%\r\n\r\nAs tabelas prêmios apresentadas têm validade apenas para as vidas na BAHIA, havendo vidas em outros estados, por gentileza, informar a auantidade por UF para realizarmos um novo estudo.\r\n\r\nAs tabelas não são válidas para a quantidade de vida femininas acima de 60% e também não estarão válidas caso haja concentração igual ou superior a 10% de vidas na última faixa etária  (59 Anos ou Mais). Para ambos os casos, favor enviar o pedido para análise do escritório regional.\r\n\r\n\r\n','UNIMED SEGUROS ',18),
	(22,'Taxa de Adesão: R$ 10,00 por usuário.\r\n\r\nATENÇÃO:\r\nBeneficiários são sócios e seus respectivos dependentes, funcionários com vínculo empregatício e consaguineos (cunhados, enteados, filhos, irmãos, netos, pais e sogros) até 43 anos, exceto sobrinhos sendo  até os 18 anos. \r\nHaverá isenção total das carências nas empresas acima de 30 usuários. \r\n\r\nPROCEDIMENTO:\r\nConsultas Eletivas: R$ 19,15\r\nConsultas de Urgências: R$ 23,83\r\nExames Simples: R$ 7,87\r\nExames Complexos: R$ 47,77\r\n\r\nNOSSO PLANO: Internações em hospitais da Rede própria,consultas nas Hapclínicas e exames nas clínicas Vida & Imagem, atendimento eletivo na Rede própria Norte e Nordeste e de urgência e  emergência em todo Brasil através do ABRAMGE. \r\n\r\nMIX: Internações nos hospitais da Rede própria,exames  clinicas Vida & Imagem,atendimento eletivo para  consultas na rede credenciada Norte e Nordeste,urgência e emergência em todo Brasil através do ABRAMGE.\r\n\r\n','MIX',10),
	(23,'Taxa de Adesão: R$ 10,00 por usuário.\r\n\r\nQuem pode aderir:\r\nEmpresas que estejam ativas na Receita Federal na data de Assinatura do Termo de Adesão Affix.\r\nTermo e documentos necessários tenham sido recebidos e aprovados nos prazos.\r\nNão terem Contrato ativo na Hapvida.\r\n\r\nDiferenciais dos planos: \r\nNOSSO PLANO: Internações em hospitais da Rede própria,consultas nas Hapclínicas e exames nas clínicas Vida & Imagem, atendimento eletivo na Rede própria Norte e Nordeste e de urgência e emergência em todo Brasil através do ABRAMGE. \r\n\r\nMIX: Internações nos hospitais da Rede própria, exames clinicas Vida & Imagem,atendimento eletivo para consultas na rede credenciada Norte e Nordeste,urgência e emergência em todo Brasil através do ABRAMGE.\r\n\r\n\r\n','HAPVIDA AFIX',27),
	(24,'Para pagamento das mensalidades em Débito em conta do plano ambulatorial, os bancos autorizados são:\r\nITAÚ E BRADESCO\r\n\r\nCoparticipação¹ de 30%: Em consultas, exames terapias e outros. Atendimento ambulatoriais.\r\n','BOA SAÚDA - COM COPARTICIPAÇÃO',4),
	(25,'Para pagamento das mensalidades em Débito em conta do plano ambulatorial, os bancos autorizados são:\r\nITAÚ E BRADESCO\r\n','BOA SAÚDE - SEM COPARTICIPAÇÃO',4),
	(26,'Aditivo - Claching em Saúde: R$14,00 Por Beneficiário\r\nTaixa de Cadastro: 	R$50,00\r\nPreços e Planos Válidso, a Partir de 01/02/2017 até 31/05/2017, Exclusivamente Para Contratos PJ 015-1 O e Para Contratação em Todos os Estados do Brasil, Exteto Bahia.		\r\n\r\nQuem Pode Aderir: \"Beneficiários, Sócios e Seus Respectivos Dependentes, Funcionários Com Vínculo Empregatício e Consaguineos  (Cunhados, Enteados, Filhos, Irmãos, Netos, Pais e Sogros).\"\r\n		\r\nVantagens: \r\nReembolso em até 24 Horas.\r\nAtendimento Diferenciado.\r\nAplicativo One Health Mobile.\r\nAbrangência Nacional.\r\nColeta Domiciliar de Exames.\r\nCoberturas de Vacinas.\r\nResgate Saúde (Válido para RJ e SP).\r\nAssistência Viagem Internacional.\r\n','ONE HEALTH (GRUPO AMIL)',13);

/*!40000 ALTER TABLE `observacoes` ENABLE KEYS */;
UNLOCK TABLES;


# Dump da tabela opcionais
# ------------------------------------------------------------

DROP TABLE IF EXISTS `opcionais`;

CREATE TABLE `opcionais` (
  `id` int(11) unsigned NOT NULL AUTO_INCREMENT,
  `descricao` text NOT NULL,
  `nome` varchar(150) NOT NULL DEFAULT '',
  `operadora_id` int(11) unsigned DEFAULT NULL,
  PRIMARY KEY (`id`),
  KEY `operadora_id` (`operadora_id`),
  CONSTRAINT `opcionais_ibfk_1` FOREIGN KEY (`operadora_id`) REFERENCES `operadoras` (`id`)
) ENGINE=InnoDB DEFAULT CHARSET=utf8;

LOCK TABLES `opcionais` WRITE;
/*!40000 ALTER TABLE `opcionais` DISABLE KEYS */;

INSERT INTO `opcionais` (`id`, `descricao`, `nome`, `operadora_id`)
VALUES
	(1,'Dependentes: Serão aceitos os filhos até 29 anos completos, independente de ser ou não universitário.\r\nOs filhos inválidos com qualquer idade, desde que dependentes para efeito de IR.\r\nÚltimo Contrato Social da Empresa, com as devidas alterações, ou Estatutos e Atas no caso de grupos específicos.\r\n\r\n','BRADESCO HOSPITALAR NACIONAL',NULL),
	(2,'Cônjuge até 68 Anos: RG, Declaração de União Estável, Documento de Identificação de Filhos ou Certidão de Casamento. \r\n\r\nOs demais Dependentes até 58 Anos:\r\nFilhos: Certidão de Nascimento ou RG. \r\nEnteados: Doc. que Comprove a Filiação com o Cônjuge do Titular. \r\nPais: Doc. que Comprove Parentesco de Identificação do Beneficiário e do Titular, Comprove o Parentesco com o Titular. \r\nIrmãos: Certidão de Nascimento ou Doc. que Comprove Parentesco. \r\nNeto(a): Certidão de nascimento do beneficiário, nome do titular como avô(ó), Identidade dos pais do beneficiário. \r\nBisneto: Doc. dos Pais, Avós, e Bisavós que Comprovem Parentesco. \r\nAvós: Doc. de Identificação do Beneficiário, a Certidão de Nascimento do Titular Onde Conste o Nome dos Avós. \r\nTios: Doc. De Identificação do Beneficiário com o Nome dos Seus Pais, Doc. dos Pais do Titular. \r\nSobrinhos, Sogro(a), Genro e Nora, Padrasto e Madrasta, Cunhado(a) e Concunhado(a):  Verificar Documentação na Tabela Original.','AMIL – PLANO PME 02 À 29 VIDAS',2),
	(3,'Cônjuge até 68 Anos: Documento de Identificação do Beneficiário, Junto com a Declaração de União Estável, Documento de Identificação de Filhos em Comum ou Certidão de Casamento.\r\n\r\nOs Demais Dependentes até 58 Anos:\r\nFilhos: Certidão de Nascimento ou Documento de Identificação que Comprove o Nome do Titular como Pai/Mãe.\r\nEnteados: Documento de Identificação que Comprove a Filiação com o Cônjuge do Titular, Junto com a Doc. que Comprova o Parentesco do Próprio Cônjuge com o Titular. \r\nPais: Documento de Identificação do Beneficiário e do Titular, que Comprove o Parentesco com o Titular. \r\nIrmãos: Certidão de Nascimento ou Documento de Identificação que Comprove os Pais em Comum com o Titular. \r\nNeto(a): Certidão de Nascimento do Beneficiário com o Nome do Titular como Avô(ó) ou Doc. de Identificação que Comprove a Filiação do Beneficiário, Junto com o Doc. de Identidade dos Pais do Beneficiário, Comprovando que o Beneficiário é Filho do Filho do Titular.\r\nBisneto: Certidão de Nascimento do Beneficiário com o Nome do Filho do Titular como Avô(ó), Junto com o Doc. do Filho do Titular ou Doc. de Identificação que Comprove a Filiação do Beneficiário, Junto com o Doc. De Identidade dos Pais e dos Avós do Beneficiário, Comprovando que o Beneficiário é Neto do Filho do Titular. \r\nAvós: Documento de Identificação do Beneficiário, Junto com a Certidão de Nascimento do Titular Onde Conste o Nome dos Avós ou Doc. de Identificação dos Pais do Titular para Comprovação do Parentesco. \r\nTios: Doc. De Identificação do Beneficiário com o Nome dos Seus Pais e Doc. de Identificação dos Pais do Titular, Comprovando que o Tio Possui a Mesma Filiação dos Pais Titular.\r\nSobrinhos, Sogro(a), Genro e Nora, Padrasto e Madrasta, Cunhado(a) e Concunhado(a): Verificar Documentação na Tabela Original.','AMIL – PLANO PME 30 À 99 VIDAS',2),
	(4,'Serão aceitos os filhos até 29 anos completos, independente de ser ou não universitário.\r\nOs filhos inválidos com qualquer idade, desde que dependentes para efeito de IR.\r\nÚltimo Contrato Social da Empresa, com as devidas alterações, ou Estatutos e Atas no caso de grupos específicos','BRADESCO HOSPITALAR NACIONAL 03 à 29 VIDAS e  04 à 29 VIDAS',1),
	(5,'Serão aceitos os filhos até 29 anos completos, independente de ser ou não universitário.\r\nOs filhos inválidos com qualquer idade, desde que dependentes para efeito de IR.\r\nÚltimo Contrato Social da Empresa, com as devidas alterações, ou Estatutos e Atas no caso de grupos específicos.\r\n','BRADESCO',1),
	(6,'MENOR: Certidão de Nascimento ou RG.\r\nMAIOR: RG e CPF.\r\nCOMPANHEIRO(A): Certidão de Casamento ou Declaração de União Estável registrada em cartório.\r\n\r\n','CAIXA',5),
	(7,'CÔNJUGE OU COMPANHEIRO: Declaração de união estável/Certidão de casamento.\r\nFILHOS(AS)  SOLTEIROS ATÉ 24 ANOS: Comprovante de matrícula da faculdade. \r\nFILHOS (AS) INVÁLIDOS (AS): Certidão de invalidez emitido pelo INSS / MENOR SOB GUARDA: Tutela/termo de guarda.\r\nENTEADOS SOLTEIROS  ATÉ 24 ANOS: Comprovante de matrícula da faculdade.\r\nCARTÃO DO SUS – Todos os beneficiários – link: https://portaldocidadao.saude.gov.br/portalcidadao/areacadastro.htm\r\n','CASSEB',6),
	(8,'Cópia do RG ou Certidão de Nascimento.\r\n','HAPVIDA',10),
	(9,'Cópia da Certidão de Nascimento ou cópia do RG (menores de 18 anos).\r\nCópia do RG ou CNH dentro do prazo de validade (maiores de 18 anos).\r\nCópia do CPF (maiores de 18 anos).\r\nCertidão de Casamento.\r\nDeclaração de convivência com firma reconhecida pelos declarantes.\r\nEntrevista Qualificada (crianças de 0 a 2 anos, mulheres a partir dos 40 anos e homens a partir dos 50 anos).\r\nCartão do SUS.\r\n\r\nACIMA DE 59 ANOS: VENDA ADMINISTRATIVA\r\nO corretor não está autorizado a receber qualquer importância para contratos que necessitem de entrevista médica qualificada, de acordo com os critérios da AMI.\r\n\r\nDependentes: São considerados dependente cônjuge, companheiro (a), companheiro (a) homoafetivo, filhos ou enteados até 21 anos ou 24 anos, 11 meses e 29 dias, se estiverem cursando faculdade.','AMI',26),
	(10,'Cópia do RG, CPF, Cartão do SUS, Contra-cheque e contrato de trabalho.\r\nCertidão de Nascimento (Crianças).\r\n','UNIÃO MÉDICA ',25),
	(11,'Cônjuge: Cópias - RG + CPF + Certidão de Casamento.\r\nCompanheiro(a): Declaração de União Estável de próprio punho, contendo o n° do RG e do CPF do(a) companheiro(a), endereço, tempo de convívio, n° do RG e assinatura de duas testemunhas, firma reconhecida do titular e do(a) companheiro(a). Cópia - RD do companheiro(a).\r\nFilho(a) Solteiro(a): Menores de 30 anos - Cópias RG + CPF.\r\nFilho(a) Inválido(a) de Qualquer Idade: Cópias - RG + CPF + Certidão de Invalidez emitida pelo INSS.\r\nEnteado(a) Solteiro(a): Menores de 30 anos - Cópias - RG + CPF do(a) Enteado(a) + Certidão de Óbito, de um dos genitores ou declaração judicial de ausência certidão de casamento ou declaração de união estável.\r\nMenor Sob Guarda ou Tutela do Segurado Titular: Cópias - RG + CPF do(a) tutelado(a), tutela ou do \"termo de guarda\" expedido por órgão oficial.\r\n\r\n\r\n\r\n','UNIMED CNU',17),
	(12,'Recém Nascidos: Certidão de Nascimento.\r\nCônjuges: Certidão de Casamento.\r\nCompanheiros: Declaração de União Estável.\r\nFilhos Inválidos de qualquer idade: Certidão de Invalidez emitida pelo INSS.\r\nMenor sob guarda ou tutela do segurado titular, solteiro e menor de 24 anos: Tutela ou \"Termo de Guarda\".','UNIMED FEIRA - 02 à 29 VIDAS',19),
	(13,'Empresa: Cópia do Contrato Social e alterações, cópia do cartão CNPJ atualizado, cópia do RG e CPF dos sócios, Inscrição Estadual (quando houver), comprovante de endereço da empresa, telefone e e-mail.\r\nTitular: Comprovação de vínculo trabalhista (cópia da cateira de trabalho ou da folha de registro da empresa), Cópia do RG, CPF e comprovante de endereço atualizado.\r\n','UNIMED FEIRA - 03 à 29 VIDAS',19),
	(14,'Cônjuge.\r\nFilhos até 29 anos.','VITALLIS SAÚDE ',23),
	(15,'Cônjuge: Certidão de Casamento ou União Estável\r\nDependente Menor: Certidão de Nascimento ou RG não Sendo Necessário CPF para Menor de 18 Anos.\r\n','UNIMED SEGUROS',18),
	(16,'Titular Sócio: Cópia do Rg e Cpf ou Cnh, Cópia do comprovante de residência para envio de boleto.\r\nCônjuge: Cópia de Certidão de casamento e Rg e Cpf.\r\nCompanheiro: Declaração união estável companheiro e titular. \r\nFilho(a) até 21 anos ou 24 anos se universitário: Cópia de Certidão de nascimento, Rg e Cpf.\r\nFilho(a) Inválido(a): Cópia do Rg e Cpf (Acima de 14 anos), Cópia da Guarda Judicial.\r\nMenor sob Tutela/Guarda: Cópia autenticada da Tutela Judicial e Guarda Judicial.\r\n','HAPVIDA AFIX',27),
	(17,'Cônjuge e Companheiro: Cópia do RG, Declaração de União Estável. Certidão de Casamento, Certidão de Nascimento de Filho em Comum.\r\nFilhos Solteiros: Menores de 18 Anos e de 18 à 24 Anos se Solteiros e Cursando Faculdade, Cópia Certidão (menores), ou RG (maior).\r\nFilhos Inválidos: Certidão de Invalidez Emitido do INSS.\r\nEnteados Solteiros: Até 24 anos* Certidão de Casamento.\r\nMenor S/Guarda: Cópia da Tutela / Termo de Guarda.\r\nPais: Cópia do RG e CPF.\r\nIrmãos: Cópia do RG e CPF.\r\nAvós: Cópia do RG e CPF.\r\nSogros: Cópia do RG e CPF.\r\n\r\n','BOA SAÚDE',4),
	(18,'Cônjuge até 68 Anos: RG, Declaração de União Estável, Documento de Identificação de Filhos ou Certidão de Casamento.\r\n\r\nOs Demais Dependentes até 58 Anos		\r\nFilhos: Certidão de Nascimento ou RG. \r\nEnteados: Doc. que Comprove a Filiação com o Cônjuge do Ttular.\r\nPais: Doc. que Comprove Parentesco de Identificação do Benefiário e do Titular, Comprove o Parentesco com o Titular. \r\nIrmãos: Certidão de Nascimento ou Doc. que Comprove Parentesco. \r\nNeto(a): Certidão de Nascimento do Beneficiário, Nome do Titular como Avô(ó) Identidade dos Pais do Beneficiário.\r\nBisneto: Doc dos Pais, Avós, e Bisavós que Comprovem Parentesco. \r\nAvós: Doc. de Identificação do Beneficiária, a Certidão de Nascimento do Titular Onde Conste o Nome dos Avós. \r\nTios: Doc. De Identificação do Beneficiário com o Nome dos Seus Pais, Doc dos Pais do Titular.\r\nSobrinhos, Sogro(a), Genro e Nora, Padrasto e Madrasta, Cunhado(a) e Concunhado(a):	Verificar Documentação na Tabela Original.\r\n','ONE HEALTH (GRUPO AMIL)',13);

/*!40000 ALTER TABLE `opcionais` ENABLE KEYS */;
UNLOCK TABLES;


# Dump da tabela operadoras
# ------------------------------------------------------------

DROP TABLE IF EXISTS `operadoras`;

CREATE TABLE `operadoras` (
  `id` int(11) unsigned NOT NULL AUTO_INCREMENT,
  `nome` varchar(100) NOT NULL DEFAULT '',
  `imagem_id` int(11) unsigned DEFAULT NULL,
  `detalhe` varchar(300) DEFAULT NULL,
  `prioridade` float DEFAULT '0',
  PRIMARY KEY (`id`),
  KEY `imagem_id` (`imagem_id`),
  CONSTRAINT `operadoras_ibfk_1` FOREIGN KEY (`imagem_id`) REFERENCES `imagens` (`id`)
) ENGINE=InnoDB DEFAULT CHARSET=utf8;

LOCK TABLES `operadoras` WRITE;
/*!40000 ALTER TABLE `operadoras` DISABLE KEYS */;

INSERT INTO `operadoras` (`id`, `nome`, `imagem_id`, `detalhe`, `prioridade`)
VALUES
	(1,'BRADESCO',2,'HOSPITALAR',0),
	(2,'AMIL',3,'',2),
	(4,'BOA SAÚDE',9,NULL,0),
	(5,'CAIXA SAÚDE',6,'VOLUNTÁRIA - SEM COPARTICIPAÇÃO',0),
	(6,'CASSEB - SAÚDE CASSEB',5,NULL,0),
	(10,'HAPVIDA',10,NULL,0),
	(13,'ONE HEALTH (GRUPO AMIL)',11,NULL,0),
	(16,'SULAMERICA',12,NULL,0),
	(17,'UNIMED - CENTRAL NACIONAL UNIMED',4,'',4),
	(18,'UNIMED - SEGUROS UNIMED',15,NULL,0),
	(19,'UNIMED - UNIMED FEIRA DE SANTANA',8,NULL,0),
	(23,'VITALLIS',17,NULL,0),
	(25,'UNIÃO MÉDICA',14,NULL,0),
	(26,'SAÚDE A.M.I.',7,NULL,0),
	(27,'HAPVIDA AFIX',18,NULL,0),
	(28,'BRADESCO',2,'SPG - OPCIONAL - SEM COPARTICIPAÇÃO',0),
	(29,'BRADESCO',2,'SPG - OPCIONAL - COM COPARTICIPAÇÃO',0),
	(30,'BRADESCO',2,'SPG - COMPULSÓRIA - SEM COPARTICIPAÇÃO',6),
	(31,'BRADESCO',2,'SPG - COMPULSÓRIA - COM COPARTICIPAÇÃO',0),
	(33,'CAIXA SAÚDE',6,'VOLUNTÁRIA - COM COPARTICIPAÇÃO',0),
	(34,'CAIXA SAÚDE',6,'COMPULSÓRIA - SEM COPARTICIPAÇÃO',0),
	(35,'CAIXA SAÚDE',6,'COMPULSÓRIA - COM COPARTICIPAÇÃO',0);

/*!40000 ALTER TABLE `operadoras` ENABLE KEYS */;
UNLOCK TABLES;


# Dump da tabela produtos
# ------------------------------------------------------------

DROP TABLE IF EXISTS `produtos`;

CREATE TABLE `produtos` (
  `id` int(11) unsigned NOT NULL AUTO_INCREMENT,
  `nome` varchar(200) NOT NULL DEFAULT '',
  `descricao` text NOT NULL,
  `operadora_id` int(11) unsigned NOT NULL,
  PRIMARY KEY (`id`),
  KEY `operadora_id` (`operadora_id`),
  CONSTRAINT `produtos_ibfk_1` FOREIGN KEY (`operadora_id`) REFERENCES `operadoras` (`id`)
) ENGINE=InnoDB DEFAULT CHARSET=utf8;

LOCK TABLES `produtos` WRITE;
/*!40000 ALTER TABLE `produtos` DISABLE KEYS */;

INSERT INTO `produtos` (`id`, `nome`, `descricao`, `operadora_id`)
VALUES
	(84,'400 - 02 à 29 VIDAS - SEM COPARTICIPAÇÃO','400 - 02 à 29 VIDAS - SEM COPARTICIPAÇÃO\r\n',2),
	(85,'500 - 02 à 29 VIDAS - SEM COPARTICIPAÇÃO','500 - 02 à 29 VIDAS - SEM COPARTICIPAÇÃO\r\n',2),
	(86,'700 - 02 à 29 VIDAS - SEM COPARTICIPAÇÃO','700 - 02 à 29 VIDAS - SEM COPARTICIPAÇÃO',2),
	(87,'400 - 02 à 29 VIDAS - COM COPARTICIPAÇÃO','400 - 02 à 29 VIDAS - COM COPARTICIPAÇÃO',2),
	(88,'500 - 02 à 29 VIDAS - COM COPARTICIPAÇÃO','500 - 02 à 29 VIDAS - COM COPARTICIPAÇÃO',2),
	(89,'700 - 02 à 29 VIDAS - COM COPARTICIPAÇÃO','700 - 02 à 29 VIDAS - COM COPARTICIPAÇÃO',2),
	(90,'400 - 30 à 99 VIDAS - SEM COPARTICIPAÇÃO','400 - 30 à 99 VIDAS - SEM COPARTICIPAÇÃO',2),
	(91,'500 - 30 à 99 VIDAS - SEM COPARTICIPAÇÃO','500 - 30 à 99 VIDAS - SEM COPARTICIPAÇÃO',2),
	(92,'700 - 30 à 99 VIDAS - SEM COPARTICIPAÇÃO','700 - 30 à 99 VIDAS - SEM COPARTICIPAÇÃO',2),
	(93,'400 - 30 à 99 VIDAS - COM COPARTICIPAÇÃO','400 - 30 à 99 VIDAS - COM COPARTICIPAÇÃO',2),
	(94,'500 - 30 à 99 VIDAS - COM COPARTICIPAÇÃO','500 - 30 à 99 VIDAS - COM COPARTICIPAÇÃO',2),
	(95,'700 - 30 à 99 VIDAS - COM COPARTICIPAÇÃO','700 - 30 à 99 VIDAS - COM COPARTICIPAÇÃO\r\n',2),
	(96,'HOSPITALAR - 03 à 29 VIDAS - OPCIONAL','HOSPITALAR - 03 à 29 VIDAS - OPCIONAL\r\n',1),
	(98,'HOSPITALAR - 03 à 29 VIDAS - COMPULSÓRIA','HOSPITALAR - 03 à 29 VIDAS - COMPULSÓRIA\r\n',1),
	(99,'HOSPITALAR - 04 à 29 VIDAS - OPCIONAL','HOSPITALAR - 04 à 29 VIDAS - OPCIONAL\r\n',1),
	(100,'HOSPITALAR - 04 à 29 VIDAS - COMPULSÓRIA','HOSPITALAR - 04 à 29 VIDAS - COMPULSÓRIA\r\n',1),
	(101,'PERFIL - 03 à 29 VIDAS - 1 TITULAR - OPCIONAL - SEM COPARTICIPAÇÃO','PERFIL - 03 à 29 VIDAS - 1 TITULAR - OPCIONAL - SEM COPARTICIPAÇÃO\r\n',1),
	(102,'PERFIL - 03 à 29 VIDAS - 1 TITULAR - COMPULSÓRIA - SEM COPARTICIPAÇÃO','PERFIL - 03 à 29 VIDAS - 1 TITULAR - COMPULSÓRIA - SEM COPARTICIPAÇÃO\r\n',1),
	(103,'PERFIL - 04 à 29 VIDAS - OPCIONAL - SEM COPARTICIPAÇÃO','PERFIL - 04 à 29 VIDAS - OPCIONAL - SEM COPARTICIPAÇÃO\r\n',1),
	(104,'PERFIL - 04 à 29 VIDAS - OPCIONAL - COPARTICIPAÇÃO 10%','PERFIL - 04 à 29 VIDAS - OPCIONAL - COPARTICIPAÇÃO 10%\r\n',1),
	(105,'PERFIL - 04 à 29 VIDAS - OPCIONAL - COPARTICIPAÇÃO 20%','PERFIL - 04 à 29 VIDAS - OPCIONAL - COPARTICIPAÇÃO 20%\r\n',1),
	(106,'PERFIL - 04 à 29 VIDAS - OPCIONAL - COPARTICIPAÇÃO 30%','PERFIL - 04 à 29 VIDAS - OPCIONAL - COPARTICIPAÇÃO 30%\r\n',1),
	(107,'PERFIL - 04 à 29 VIDAS - COMPULSÓRIA - SEM COPARTICIPAÇÃO ','PERFIL - 04 à 29 VIDAS - COMPULSÓRIA - SEM COPARTICIPAÇÃO \r\n',1),
	(108,'PERFIL - 04 à 29 VIDAS - COMPULSÓRIA - COPARTICIPAÇÃO 10%','PERFIL - 04 à 29 VIDAS - COMPULSÓRIA - COPARTICIPAÇÃO 10%\r\n',1),
	(109,'PERFIL - 04 à 29 VIDAS - COMPULSÓRIA - COPARTICIPAÇÃO 20%','PERFIL - 04 à 29 VIDAS - COMPULSÓRIA - COPARTICIPAÇÃO 20%\r\n',1),
	(110,'PERFIL - 04 à 29 VIDAS - COMPULSÓRIA - COPARTICIPAÇÃO 30%','PERFIL - 04 à 29 VIDAS - COMPULSÓRIA - COPARTICIPAÇÃO 30%\r\n',1),
	(111,'PERFIL - 30 à 99 VIDAS - OPCIONAL - SEM COPARTICIPAÇÃO','PERFIL - 30 à 99 VIDAS - OPCIONAL - SEM COPARTICIPAÇÃO\r\n',1),
	(112,'PERFIL - 30 à 99 VIDAS - COMPULSÓRIA - SEM COPARTICIPAÇÃO ','PERFIL - 30 à 99 VIDAS - COMPULSÓRIA - SEM COPARTICIPAÇÃO \r\n',1),
	(113,'FLEX NACIONAL - 03 à 29 VIDAS - OPCIONAL - SEM COPARTICIPAÇÃO','FLEX NACIONAL - 03 à 29 VIDAS - OPCIONAL - SEM COPARTICIPAÇÃO\r\n',1),
	(114,'FLEX NACIONAL - 03 à 29 VIDAS - OPCIONAL - COPARTICIPAÇÃO 10%','FLEX NACIONAL - 03 à 29 VIDAS - OPCIONAL - COPARTICIPAÇÃO 10%\r\n',1),
	(115,'FLEX NACIONAL - 03 à 29 VIDAS - OPCIONAL - COPARTICIPAÇÃO 20%','FLEX NACIONAL - 03 à 29 VIDAS - OPCIONAL - COPARTICIPAÇÃO 20%\r\n',1),
	(116,'FLEX NACIONAL - 03 à 29 VIDAS - OPCIONAL - COPARTICIPAÇÃO 30%','FLEX NACIONAL - 03 à 29 VIDAS - OPCIONAL - COPARTICIPAÇÃO 30%\r\n',1),
	(117,'FLEX NACIONAL - 03 à 29 VIDAS - COMPULSÓRIA - SEM COPARTICIPAÇÃO','FLEX NACIONAL - 03 à 29 VIDAS - COMPULSÓRIA - SEM COPARTICIPAÇÃO\r\n',1),
	(118,'FLEX NACIONAL - 03 à 29 VIDAS - COMPULSÓRIA - COPARTICIPAÇÃO 10%','FLEX NACIONAL - 03 à 29 VIDAS - COMPULSÓRIA - COPARTICIPAÇÃO 10%\r\n',1),
	(119,'FLEX NACIONAL - 03 à 29 VIDAS - COMPULSÓRIA - COPARTICIPAÇÃO 30%','FLEX NACIONAL - 03 à 29 VIDAS - COMPULSÓRIA - COPARTICIPAÇÃO 30%\r\n',1),
	(120,'FLEX NACIONAL - 04 à 29 VIDAS - 2 TITULARES - OPCIONAL - SEM COPARTICIPAÇÃO','FLEX NACIONAL - 04 à 29 VIDAS - 2 TITULARES - OPCIONAL - SEM COPARTICIPAÇÃO\r\n',1),
	(121,'FLEX NACIONAL - 04 à 29 VIDAS - 2 TITULARES - OPCIONAL - COPARTICIPAÇÃO 10%','FLEX NACIONAL - 04 à 29 VIDAS - 2 TITULARES - OPCIONAL - COPARTICIPAÇÃO 10%\r\n',1),
	(122,'FLEX NACIONAL - 04 à 29 VIDAS - 2 TITULARES - OPCIONAL - COPARTICIPAÇÃO 20%','FLEX NACIONAL - 04 à 29 VIDAS - 2 TITULARES - OPCIONAL - COPARTICIPAÇÃO 20%\r\n',1),
	(123,'FLEX NACIONAL - 04 à 29 VIDAS - 2 TITULARES - OPCIONAL - COPARTICIPAÇÃO 30%','FLEX NACIONAL - 04 à 29 VIDAS - 2 TITULARES - OPCIONAL - COPARTICIPAÇÃO 30%\r\n',1),
	(124,'FLEX NACIONAL - 04 à 29 VIDAS - 2 TITULARES - COMPULSÓRIA - SEM COPARTICIPAÇÃO','FLEX NACIONAL - 04 à 29 VIDAS - 2 TITULARES - COMPULSÓRIA - SEM COPARTICIPAÇÃO\r\n',1),
	(125,'FLEX NACIONAL - 04 à 29 VIDAS - 2 TITULARES - COMPULSÓRIA - COPARTICIPAÇÃO 10%','FLEX NACIONAL - 04 à 29 VIDAS - 2 TITULARES - COMPULSÓRIA - COPARTICIPAÇÃO 10%\r\n',1),
	(126,'FLEX NACIONAL - 04 à 29 VIDAS - 2 TITULARES - COMPULSÓRIA - COPARTICIPAÇÃO 20%','FLEX NACIONAL - 04 à 29 VIDAS - 2 TITULARES - COMPULSÓRIA - COPARTICIPAÇÃO 20%\r\n',1),
	(127,'FLEX NACIONAL - 04 à 29 VIDAS - 2 TITULARES - COMPULSÓRIA - COPARTICIPAÇÃO 30%','FLEX NACIONAL  - 04 à 29 VIDAS - 2 TITULARES - COMPULSÓRIA - COPARTICIPAÇÃO 30%\r\n',1),
	(128,'FLEX NACIONAL - 30 à 99 VIDAS - 2 TITULARES - OPCIONAL - SEM COPARTICIPAÇÃO','FLEX NACIONAL - 30 à 99 VIDAS - 2 TITULARES - OPCIONAL - SEM COPARTICIPAÇÃO\r\n',1),
	(129,'FLEX NACIONAL - 30 à 99 VIDAS - 2 TITULARES - COMPULSÓRIA - SEM COPARTICIPAÇÃO','FLEX NACIONAL - 30 à 99 VIDAS - 2 TITULARES - COMPULSÓRIA - SEM COPARTICIPAÇÃO',1),
	(130,'TOP NACIONAL - 03 à 29 VIDAS - 1 TITULAR - OPCIONAL - SEM COPARTICIPAÇÃO','TOP NACIONAL - 03 à 29 VIDAS - 1 TITULAR - OPCIONAL - SEM COPARTICIPAÇÃO\r\n',1),
	(131,'TOP NACIONAL - 03 à 29 VIDAS - 1 TITULAR - OPCIONAL - COPARTICIPAÇÃO 10%','TOP NACIONAL - 03 à 29 VIDAS - 1 TITULAR - OPCIONAL - COPARTICIPAÇÃO 10%\r\n',1),
	(132,'TOP NACIONAL - 03 à 29 VIDAS - 1 TITULAR - OPCIONAL - COPARTICIPAÇÃO 20%','TOP NACIONAL - 03 à 29 VIDAS - 1 TITULAR - OPCIONAL - COPARTICIPAÇÃO 20%\r\n',1),
	(133,'TOP NACIONAL - 03 à 29 VIDAS - 1 TITULAR - OPCIONAL - COPARTICIPAÇÃO 30%','TOP NACIONAL - 03 à 29 VIDAS - 1 TITULAR - OPCIONAL - COPARTICIPAÇÃO 30%\r\n',1),
	(134,'TOP NACIONAL - 03 à 29 VIDAS - 1 TITULAR - COMPULSÓRIA - SEM COPARTICIPAÇÃO','TOP NACIONAL - 03 à 29 VIDAS - 1 TITULAR - COMPULSÓRIA - SEM COPARTICIPAÇÃO\r\n',1),
	(135,'TOP NACIONAL - 03 à 29 VIDAS - 1 TITULAR - COMPULSÓRIA - COPARTICIPAÇÃO 10%','TOP NACIONAL - 03 à 29 VIDAS - 1 TITULAR - COMPULSÓRIA - COPARTICIPAÇÃO 10%\r\n',1),
	(136,'TOP NACIONAL - 03 à 29 VIDAS - 1 TITULAR - COMPULSÓRIA - COPARTICIPAÇÃO 20%','TOP NACIONAL - 03 à 29 VIDAS - 1 TITULAR - COMPULSÓRIA - COPARTICIPAÇÃO 20%\r\n',1),
	(137,'TOP NACIONAL - 03 à 29 VIDAS - 1 TITULAR - COMPULSÓRIA - COPARTICIPAÇÃO 30%','TOP NACIONAL - 03 à 29 VIDAS - 1 TITULAR - COMPULSÓRIA - COPARTICIPAÇÃO 30%\r\n',1),
	(138,'TOP NACIONAL - 04 à 29 VIDAS - A PARTIR DE 2 TITULARES - OPCIONAL - SEM COPARTICIPAÇÃO','TOP NACIONAL - 04 à 29 VIDAS - A PARTIR DE 2 TITULARES - OPCIONAL - SEM COPARTICIPAÇÃO\r\n',1),
	(139,'TOP NACIONAL - 04 à 29 VIDAS - A PARTIR DE 2 TITULARES - OPCIONAL - COPARTICIPAÇÃO 10%','TOP NACIONAL - 04 à 29 VIDAS - A PARTIR DE 2 TITULARES - OPCIONAL - COPARTICIPAÇÃO 10%',1),
	(140,'TOP NACIONAL - 04 à 29 VIDAS - A PARTIR DE 2 TITULARES - OPCIONAL- COPARTICIPAÇÃO 20%','TOP NACIONAL - 04 à 29 VIDAS - A PARTIR DE 2 TITULARES - OPCIONAL- COPARTICIPAÇÃO 20%',1),
	(141,'TOP NACIONAL - 04 à 29 VIDAS - A PARTIR DE 2 TITULARES - OPCIONAL- COPARTICIPAÇÃO 30%','TOP NACIONAL - 04 à 29 VIDAS - A PARTIR DE 2 TITULARES - OPCIONAL- COPARTICIPAÇÃO 30%',1),
	(142,'TOP NACIONAL - 04 à 29 VIDAS - A PARTIR DE 2 TITULARES - COMPULSÓRIA - SEM COPARTICIPAÇÃO','TOP NACIONAL - 04 à 29 VIDAS - A PARTIR DE 2 TITULARES - COMPULSÓRIA - SEM COPARTICIPAÇÃO',1),
	(143,'TOP NACIONAL - 04 à 29 VIDAS - A PARTIR DE 2 TITULARES - COMPULSÓRIA - COPARTICIPAÇÃO 10%','TOP NACIONAL - 04 à 29 VIDAS - A PARTIR DE 2 TITULARES - COMPULSÓRIA - COPARTICIPAÇÃO 10%\r\n',1),
	(144,'TOP NACIONAL - 04 à 29 VIDAS - A PARTIR DE 2 TITULARES - COMPULSÓRIA - COPARTICIPAÇÃO 20%','TOP NACIONAL - 04 à 29 VIDAS - A PARTIR DE 2 TITULARES - COMPULSÓRIA - COPARTICIPAÇÃO 20%',1),
	(145,'TOP NACIONAL - 04 à 29 VIDAS - A PARTIR DE 2 TITULARES - COMPULSÓRIA - COPARTICIPAÇÃO 30%','TOP NACIONAL - 04 à 29 VIDAS - A PARTIR DE 2 TITULARES - COMPULSÓRIA - COPARTICIPAÇÃO 30%',1),
	(146,'TOP NACIONAL - 30 a 99 VIDAS - OPCIONAL - SEM COPARTICIPAÇÃO','TOP NACIONAL - 30 a 99 VIDAS - OPCIONAL - SEM COPARTICIPAÇÃO',1),
	(147,'TOP NACIONAL - 30 a 99 VIDAS - COMPULSÓRIA - SEM COPARTICIPAÇÃO','TOP NACIONAL - 30 a 99 VIDAS - COMPULSÓRIA - SEM COPARTICIPAÇÃO\r\n',1),
	(235,'INTEGRAL V - 02 à 29 VIDAS - 2 TITULARES - COM COPARTICIPAÇÃO','INTEGRAL V - 02 à 29 VIDAS - 2 TITULARES - COM COPARTICIPAÇÃO',23),
	(236,'FLEX NACIONAL - 03 à 29 VIDAS - COMPULSÓRIA - COPARTICIPAÇÃO 20%','FLEX NACIONAL - 03 à 29 VIDAS - COMPULSÓRIA - COPARTICIPAÇÃO  20%',1),
	(237,'EXCLUIR','EXCLUIR',1),
	(238,'FUNDAMENTAL P111 ‐ 03 à 29 VIDAS - 1 TITULAR  - COMPULSÓRIA ‐ SEM COPARTICIPAÇÃO','FUNDAMENTAL P111 ‐ 03 à 29 VIDAS - 1 TITULAR  - COMPULSÓRIA ‐ SEM COPARTICIPAÇÃO',5),
	(239,'FUNDAMENTAL P121 ‐ 03 à 29 VIDAS - 1 TITULAR  - COMPULSÓRIA ‐ SEM COPARTICIPAÇÃO','FUNDAMENTAL P121 ‐ 03 à 29 VIDAS - 1 TITULAR  - COMPULSÓRIA ‐ SEM COPARTICIPAÇÃO  ',5),
	(240,'VITAL P111 ‐ 03 à 29 VIDAS - 1 TITULAR - COMPULSÓRIA ‐ SEM COPARTICIPAÇÃO','VITAL P111 ‐ 03 à 29 VIDAS - 1 TITULAR - COMPULSÓRIA ‐ SEM COPARTICIPAÇÃO',5),
	(241,'VITAL P121 ‐ 03 à 29 VIDAS - 1 TITULAR - COMPULSÓRIA ‐ SEM COPARTICIPAÇÃO','VITAL P121 ‐ 03 à 29 VIDAS - 1 TITULAR - COMPULSÓRIA ‐ SEM COPARTICIPAÇÃO',5),
	(242,'PRONTO P121 ‐ 03 à 29 VIDAS - 1 TITULAR - COMPULSÓRIA ‐ SEM COPARTICIPAÇÃO','PRONTO P121 ‐ 03 à 29 VIDAS - 1 TITULAR - COMPULSÓRIA ‐ SEM COPARTICIPAÇÃO ',5),
	(243,'COMPLETO P121 ‐ 03 à 29 VIDAS - 1 TITULAR - COMPULSÓRIA ‐ SEM COPARTICIPAÇÃO','COMPLETO P121 ‐ 03 à 29 VIDAS - 1 TITULAR - COMPULSÓRIA ‐ SEM COPARTICIPAÇÃO',5),
	(245,'FUNDAMENTAL P111 ‐ 03 à 29 VIDAS - 1 TITULAR  - VOLUNTÁRIA ‐ SEM COPARTICIPAÇÃO','FUNDAMENTAL P111 ‐ 03 à 29 VIDAS - 1 TITULAR  - VOLUNTÁRIA ‐ SEM COPARTICIPAÇÃO ',5),
	(246,'FUNDAMENTAL P121 ‐ 03 à 29 VIDAS - 1 TITULAR  - VOLUNTÁRIA  ‐ SEM COPARTICIPAÇÃO','FUNDAMENTAL P121 ‐ 03 à 29 VIDAS - 1 TITULAR  - VOLUNTÁRIA  ‐ SEM COPARTICIPAÇÃO  ',5),
	(247,'VITAL P111 ‐ 03 à 29 VIDAS - 1 TITULAR - VOLUNTÁRIA  ‐ SEM COPARTICIPAÇÃO','VITAL P111 ‐ 03 à 29 VIDAS - 1 TITULAR - VOLUNTÁRIA  ‐ SEM COPARTICIPAÇÃO ',5),
	(248,'VITAL P121 ‐ 03 à 29 VIDAS - 1 TITULAR - VOLUNTÁRIA  ‐ SEM COPARTICIPAÇÃO','VITAL P121 ‐ 03 à 29 VIDAS - 1 TITULAR - VOLUNTÁRIA  ‐ SEM COPARTICIPAÇÃO',5),
	(249,'PRONTO P121 ‐ 03 à 29 VIDAS - 1 TITULAR - VOLUNTÁRIA  ‐ SEM COPARTICIPAÇÃO','PRONTO P121 ‐ 03 à 29 VIDAS - 1 TITULAR - VOLUNTÁRIA  ‐ SEM COPARTICIPAÇÃO ',5),
	(250,'COMPLETO P121 ‐ 03 à 29 VIDAS - 1 TITULAR - VOLUNTÁRIA  ‐ SEM COPARTICIPAÇÃO','COMPLETO P121 ‐ 03 à 29 VIDAS - 1 TITULAR - VOLUNTÁRIA  ‐ SEM COPARTICIPAÇÃO ',5),
	(251,'COMPLETO + P121 ‐ 03 à 29 VIDAS - 1 TITULAR  - VOLUNTÁRIA  ‐ SEM COPARTICIPAÇÃO','COMPLETO + P121 ‐ 03 à 29 VIDAS - 1 TITULAR  - VOLUNTÁRIA  ‐ SEM COPARTICIPAÇÃO ',5),
	(252,'COMPLETO + P121 ‐ 03 à 29 VIDAS - 1 TITULAR - COMPULSÓRIA ‐ SEM COPARTICIPAÇÃO','COMPLETO + P121 ‐ 03 à 29 VIDAS - 1 TITULAR - COMPULSÓRIA ‐ SEM COPARTICIPAÇÃO ',5),
	(253,'FUNDAMENTAL P211 ‐ 03 à 29 VIDAS - 1 TITULAR  - COMPULSÓRIA ‐ COPARTICIPAÇÃO 20%','FUNDAMENTAL P211 ‐ 03 à 29 VIDAS - 1 TITULAR  - COMPULSÓRIA ‐ COPARTICIPAÇÃO 20% ',5),
	(254,'FUNDAMENTAL P221 ‐ 03 à 29 VIDAS - 1 TITULAR  - COMPULSÓRIA ‐ COPARTICIPAÇÃO 20%','FUNDAMENTAL P221 ‐ 03 à 29 VIDAS - 1 TITULAR  - COMPULSÓRIA ‐ COPARTICIPAÇÃO 20%',5),
	(255,'VITAL P111 ‐ 03 à 29 VIDAS - 1 TITULAR - COMPULSÓRIA ‐ COPARTICIPAÇÃO 20%','VITAL P111 ‐ 03 à 29 VIDAS - 1 TITULAR - COMPULSÓRIA ‐ COPARTICIPAÇÃO 20% ',5),
	(256,'VITAL P121 ‐ 03 à 29 VIDAS - 1 TITULAR - COMPULSÓRIA ‐ COPARTICIPAÇÃO 20%','VITAL P121 ‐ 03 à 29 VIDAS - 1 TITULAR - COMPULSÓRIA ‐ COPARTICIPAÇÃO 20%',5),
	(257,'PRONTO P121 ‐ 03 à 29 VIDAS - 1 TITULAR - COMPULSÓRIA ‐ COPARTICIPAÇÃO 20%','PRONTO P121 ‐ 03 à 29 VIDAS - 1 TITULAR - COMPULSÓRIA ‐ COPARTICIPAÇÃO 20% ',5),
	(258,'COMPLETO P221 ‐ 03 à 29 VIDAS - 1 TITULAR - COMPULSÓRIA ‐ COPARTICIPAÇÃO 20%','COMPLETO P221 ‐ 03 à 29 VIDAS - 1 TITULAR - COMPULSÓRIA ‐ COPARTICIPAÇÃO 20% ',5),
	(259,'COMPLETO + P221 ‐ 03 à 29 VIDAS - 1 TITULAR  - COMPULSÓRIA ‐ COPARTICIPAÇÃO 20%','COMPLETO + P221 ‐ 03 à 29 VIDAS - 1 TITULAR  - COMPULSÓRIA ‐ COPARTICIPAÇÃO 20% ',5),
	(260,'FUNDAMENTAL P211 ‐ 03 à 29 VIDAS - 1 TITULAR  - VOLUNTÁRIA  ‐ COPARTICIPAÇÃO 20%','FUNDAMENTAL P211 ‐ 03 à 29 VIDAS - 1 TITULAR  - VOLUNTÁRIA  ‐ COPARTICIPAÇÃO 20%  ',5),
	(261,'FUNDAMENTAL P221 ‐ 03 à 29 VIDAS - 1 TITULAR  - VOLUNTÁRIA  ‐ COPARTICIPAÇÃO 20%','FUNDAMENTAL P221 ‐ 03 à 29 VIDAS - 1 TITULAR  - VOLUNTÁRIA  ‐ COPARTICIPAÇÃO 20%',5),
	(262,'VITAL P111 ‐ 03 à 29 VIDAS - 1 TITULAR - VOLUNTÁRIA  ‐ COPARTICIPAÇÃO 20%','VITAL P111 ‐ 03 à 29 VIDAS - 1 TITULAR - VOLUNTÁRIA  ‐ COPARTICIPAÇÃO 20%  ',5),
	(263,'VITAL P121 ‐ 03 à 29 VIDAS - 1 TITULAR  - VOLUNTÁRIA  ‐ COPARTICIPAÇÃO 20%','VITAL P121 ‐ 03 à 29 VIDAS - 1 TITULAR  - VOLUNTÁRIA  ‐ COPARTICIPAÇÃO 20%',5),
	(264,'PRONTO P121 ‐ 03 à 29 VIDAS - 1 TITULAR - VOLUNTÁRIA  ‐ COPARTICIPAÇÃO 20%','PRONTO P121 ‐ 03 à 29 VIDAS - 1 TITULAR - VOLUNTÁRIA  ‐ COPARTICIPAÇÃO 20% ',5),
	(265,'COMPLETO P221 ‐ 03 à 29 VIDAS - 1 TITULAR - VOLUNTÁRIA  ‐ COPARTICIPAÇÃO 20%','COMPLETO P221 ‐ 03 à 29 VIDAS - 1 TITULAR - VOLUNTÁRIA  ‐ COPARTICIPAÇÃO 20% ',5),
	(266,'COMPLETO + P221 ‐ 03 à 29 VIDAS - 1 TITULAR  - VOLUNTÁRIA  ‐ COPARTICIPAÇÃO 20%','COMPLETO + P221 ‐ 03 à 29 VIDAS - 1 TITULAR  - VOLUNTÁRIA  ‐ COPARTICIPAÇÃO 20% ',5),
	(267,'FUNDAMENTAL P111 ‐ 03 à 29 VIDAS - 2 TITULARES - COMPULSÓRIA ‐ SEM COPARTICIPAÇÃO','FUNDAMENTAL P111 ‐ 03 à 29 VIDAS - 2 TITULARES - COMPULSÓRIA ‐ SEM COPARTICIPAÇÃO ',5),
	(268,'FUNDAMENTAL P121 ‐ 03 à 29 VIDAS - 2 TITULARES - COMPULSÓRIA ‐ SEM COPARTICIPAÇÃO','FUNDAMENTAL P121 ‐ 03 à 29 VIDAS - 2 TITULARES - COMPULSÓRIA ‐ SEM COPARTICIPAÇÃO',5),
	(269,'VITAL P111 ‐ 03 à 29 VIDAS - 2 TITULARES - COMPULSÓRIA ‐ SEM COPARTICIPAÇÃO','VITAL P111 ‐ 03 à 29 VIDAS - 2 TITULARES - COMPULSÓRIA ‐ SEM COPARTICIPAÇÃO',5),
	(270,'VITAL P121 ‐ 03 à 29 VIDAS - 2 TITULARES - COMPULSÓRIA ‐ SEM COPARTICIPAÇÃO','VITAL P121 ‐ 03 à 29 VIDAS - 2 TITULARES - COMPULSÓRIA ‐ SEM COPARTICIPAÇÃO',5),
	(271,'PRONTO P121 ‐ 03 à 29 VIDAS - 2 TITULARES - COMPULSÓRIA ‐ SEM COPARTICIPAÇÃO','PRONTO P121 ‐ 03 à 29 VIDAS - 2 TITULARES - COMPULSÓRIA ‐ SEM COPARTICIPAÇÃO ',5),
	(272,'COMPLETO P121 ‐ 03 à 29 VIDAS - 2 TITULARES - COMPULSÓRIA ‐ SEM COPARTICIPAÇÃO','COMPLETO P121 ‐ 03 à 29 VIDAS - 2 TITULARES - COMPULSÓRIA ‐ SEM COPARTICIPAÇÃO ',5),
	(273,'COMPLETO + P121 ‐ 03 à 29 VIDAS - 2 TITULARES - COMPULSÓRIA ‐ SEM COPARTICIPAÇÃO','COMPLETO + P121 ‐ 03 à 29 VIDAS - 2 TITULARES - COMPULSÓRIA ‐ SEM COPARTICIPAÇÃO ',5),
	(274,'FUNDAMENTAL P111 ‐ 03 à 29 VIDAS - 2 TITULARES - VOLUNTÁRIA ‐ SEM COPARTICIPAÇÃO','FUNDAMENTAL P111 ‐ 03 à 29 VIDAS - 2 TITULARES - VOLUNTÁRIA ‐ SEM COPARTICIPAÇÃO',5),
	(275,'FUNDAMENTAL P121 ‐ 03 à 29 VIDAS - 2 TITULARES - VOLUNTÁRIA ‐ SEM COPARTICIPAÇÃO','FUNDAMENTAL P121 ‐ 03 à 29 VIDAS - 2 TITULARES - VOLUNTÁRIA ‐ SEM COPARTICIPAÇÃO ',5),
	(276,'VITAL P111 ‐ 03 à 29 VIDAS - 2 TITULARES - VOLUNTÁRIA ‐ SEM COPARTICIPAÇÃO','VITAL P111 ‐ 03 à 29 VIDAS - 2 TITULARES - VOLUNTÁRIA ‐ SEM COPARTICIPAÇÃO ',5),
	(277,'VITAL P121 ‐ 03 à 29 VIDAS - 2 TITULARES - VOLUNTÁRIA ‐ SEM COPARTICIPAÇÃO','VITAL P121 ‐ 03 à 29 VIDAS - 2 TITULARES - VOLUNTÁRIA ‐ SEM COPARTICIPAÇÃO ',5),
	(278,'PRONTO P121 ‐ 03 à 29 VIDAS - 2 TITULARES - VOLUNTÁRIA ‐ SEM COPARTICIPAÇÃO','PRONTO P121 ‐ 03 à 29 VIDAS - 2 TITULARES - VOLUNTÁRIA ‐ SEM COPARTICIPAÇÃO ',5),
	(279,'COMPLETO P121 ‐ 03 à 29 VIDAS - 2 TITULARES - VOLUNTÁRIA ‐ SEM COPARTICIPAÇÃO','COMPLETO P121 ‐ 03 à 29 VIDAS - 2 TITULARES - VOLUNTÁRIA ‐ SEM COPARTICIPAÇÃO',5),
	(280,'COMPLETO + P121 ‐ 03 à 29 VIDAS - 2 TITULARES - VOLUNTÁRIA ‐ SEM COPARTICIPAÇÃO','COMPLETO + P121 ‐ 03 à 29 VIDAS - 2 TITULARES - VOLUNTÁRIA ‐ SEM COPARTICIPAÇÃO ',5),
	(281,'FUNDAMENTAL P111 ‐ 03 à 29 VIDAS - 2 TITULARES - COMPULSÓRIA ‐ COPARTICIPAÇÃO 20%','FUNDAMENTAL P111 ‐ 03 à 29 VIDAS - 2 TITULARES - COMPULSÓRIA ‐ COPARTICIPAÇÃO 20%',5),
	(282,'FUNDAMENTAL P121 ‐ 03 à 29 VIDAS - 2 TITULARES - COMPULSÓRIA ‐ COPARTICIPAÇÃO 20%','FUNDAMENTAL P121 ‐ 03 à 29 VIDAS - 2 TITULARES - COMPULSÓRIA ‐ COPARTICIPAÇÃO 20% ',5),
	(283,'VITAL P111 ‐ 03 à 29 VIDAS - 2 TITULARES - COMPULSÓRIA ‐ COPARTICIPAÇÃO 20%','VITAL P111 ‐ 03 à 29 VIDAS - 2 TITULARES - COMPULSÓRIA ‐ COPARTICIPAÇÃO 20% ',5),
	(284,'VITAL P121 ‐ 03 à 29 VIDAS - 2 TITULARES - COMPULSÓRIA ‐ COPARTICIPAÇÃO 20%','VITAL P121 ‐ 03 à 29 VIDAS - 2 TITULARES - COMPULSÓRIA ‐ COPARTICIPAÇÃO 20%',5),
	(285,'PRONTO P121 ‐ 03 à 29 VIDAS - 2 TITULARES - COMPULSÓRIA ‐ COPARTICIPAÇÃO 20%','PRONTO P121 ‐ 03 à 29 VIDAS - 2 TITULARES - COMPULSÓRIA ‐ COPARTICIPAÇÃO 20% ',5),
	(286,'COMPLETO P121 ‐ 03 à 29 VIDAS - 2 TITULARES - COMPULSÓRIA ‐ COPARTICIPAÇÃO 20%','COMPLETO P121 ‐ 03 à 29 VIDAS - 2 TITULARES - COMPULSÓRIA ‐ COPARTICIPAÇÃO 20% ',5),
	(287,'COMPLETO + P121 ‐ 03 à 29 VIDAS - 2 TITULARES - COMPULSÓRIA ‐ COPARTICIPAÇÃO 20%','COMPLETO + P121 ‐ 03 à 29 VIDAS - 2 TITULARES - COMPULSÓRIA ‐ COPARTICIPAÇÃO 20% ',5),
	(288,'FUNDAMENTAL P111 ‐ 03 à 29 VIDAS - 2 TITULARES - VOLUNTÁRIA ‐ COPARTICIPAÇÃO 20%','FUNDAMENTAL P111 ‐ 03 à 29 VIDAS - 2 TITULARES - VOLUNTÁRIA ‐ COPARTICIPAÇÃO 20% ',5),
	(289,'FUNDAMENTAL P121 ‐ 03 à 29 VIDAS - 2 TITULARES - VOLUNTÁRIA ‐ COPARTICIPAÇÃO 20%','FUNDAMENTAL P121 ‐ 03 à 29 VIDAS - 2 TITULARES - VOLUNTÁRIA ‐ COPARTICIPAÇÃO 20% ',5),
	(290,'VITAL P111 ‐ 03 à 29 VIDAS - 2 TITULARES - VOLUNTÁRIA ‐ COPARTICIPAÇÃO 20%','VITAL P111 ‐ 03 à 29 VIDAS - 2 TITULARES - VOLUNTÁRIA ‐ COPARTICIPAÇÃO 20% ',5),
	(291,'VITAL P121 ‐ 03 à 29 VIDAS - 2 TITULARES - VOLUNTÁRIA ‐ COPARTICIPAÇÃO 20%','VITAL P121 ‐ 03 à 29 VIDAS - 2 TITULARES - VOLUNTÁRIA ‐ COPARTICIPAÇÃO 20% ',5),
	(292,'PRONTO P121 ‐ 03 à 29 VIDAS - 2 TITULARES - VOLUNTÁRIA ‐ COPARTICIPAÇÃO 20%','PRONTO P121 ‐ 03 à 29 VIDAS - 2 TITULARES - VOLUNTÁRIA ‐ COPARTICIPAÇÃO 20% ',5),
	(293,'COMPLETO P121 ‐ 03 à 29 VIDAS - 2 TITULARES - VOLUNTÁRIA ‐ COPARTICIPAÇÃO 20%','COMPLETO P121 ‐ 03 à 29 VIDAS - 2 TITULARES - VOLUNTÁRIA ‐ COPARTICIPAÇÃO 20% ',5),
	(294,'COMPLETO + P121 ‐ 03 à 29 VIDAS - 2 TITULARES - VOLUNTÁRIA ‐ COPARTICIPAÇÃO 20%','COMPLETO + P121 ‐ 03 à 29 VIDAS - 2 TITULARES - VOLUNTÁRIA ‐ COPARTICIPAÇÃO 20% ',5),
	(295,'COLETIVO EMPRESARIAL - 02 à 29 VIDAS - SEM COPARTICIPAÇÃO','COLETIVO EMPRESARIAL - 02 à 29 VIDAS - SEM COPARTICIPAÇÃO ',6),
	(296,'COLETIVO EMPRESARIAL - 02 à 29 VIDAS - COM COPARTICIPAÇÃO','COLETIVO EMPRESARIAL - 02 à 29 VIDAS - COM COPARTICIPAÇÃO',6),
	(312,'FLEX I - 02 à 99 VIDAS - COM COPARTICIPAÇÃO','FLEX I - 02 à 99 VIDAS - COM COPARTICIPAÇÃO',26),
	(313,'FLEX II - 02 à 99 VIDAS - COM COPARTICIPAÇÃO','FLEX II - 02 à 99 VIDAS - COM COPARTICIPAÇÃO',26),
	(314,'OURO I - 02 à 99 VIDAS - SEM COPARTICIPAÇÃO','OURO I - 02 à 99 VIDAS - SEM COPARTICIPAÇÃO',26),
	(315,'OUTRO II - 02 à 99 VIDAS - SEM COPARTICIPAÇÃO','OUTRO II - 02 à 99 VIDAS - SEM COPARTICIPAÇÃO',26),
	(316,'UNIÃO MÉDICA - 02 à 29 VIDAS - COPARTICIPAÇÃO EM CONSULTAS E EXAMES','UNIÃO MÉDICA - 02 à 29 VIDAS - COPARTICIPAÇÃO EM CONSULTAS E EXAMES',25),
	(317,'UNIÃO MÉDICA - 02 à 29 VIDAS - COPARTICIPAÇÃO EM CONSULTAS','UNIÃO MÉDICA - 02 à 29 VIDAS - COPARTICIPAÇÃO EM CONSULTAS',25),
	(318,'UNIMED CNU - 03 à 99 VIDAS - BÁSICO - COM COPARTICIPAÇÃO','UNIMED CNU - 03 à 99 VIDAS - BÁSICO - COM COPARTICIPAÇÃO',17),
	(319,'UNIMED - CNU - 03 à 99 VIDAS - BÁSICO - SEM COPARTICIPAÇÃO','UNIMED - CNU - 03 à 99 VIDAS - BÁSICO - SEM COPARTICIPAÇÃO  ',17),
	(320,'UNIMED - CNU - 03 à 99 VIDAS - ESPECIAL - COM COPARTICIPAÇÃO','UNIMED - CNU - 03 à 99 VIDAS - ESPECIAL - COM COPARTICIPAÇÃO',17),
	(321,'UNIMED - CNU - 03 à 99 VIDAS - ESPECIAL - SEM COPARTICIPAÇÃO','UNIMED - CNU - 03 à 99 VIDAS - ESPECIAL - SEM COPARTICIPAÇÃO',17),
	(322,'UNIMED CNU - 03 à 99 VIDAS - MASTER - SEM COPARTICIPAÇÃO','UNIMED CNU - 03 à 99 VIDAS - MASTER - SEM COPARTICIPAÇÃO',17),
	(323,'MICRO | MÉDIA | PEQUENAS EMPRESA - CITY PLAN - 02 à 08 VIDAS - COM COPARTICIPAÇÃO','MICRO | MÉDIA | PEQUENAS EMPRESA - CITY PLAN - 02 à 08 VIDAS - COM COPARTICIPAÇÃO',19),
	(324,'MICRO | MÉDIA | PEQUENAS EMPRESA - CITY PLAN - 09 à 15 VIDAS - COM COPARTICIPAÇÃO','MICRO | MÉDIA | PEQUENAS EMPRESA - CITY PLAN - 09 à 15 VIDAS - COM COPARTICIPAÇÃO  ',19),
	(325,'MICRO | MÉDIA | PEQUENAS EMPRESA - CITY PLAN - 16 à 22 VIDAS - COM COPARTICIPAÇÃO','MICRO | MÉDIA | PEQUENAS EMPRESA - CITY PLAN - 16 à 22 VIDAS - COM COPARTICIPAÇÃO  ',19),
	(326,'MICRO | MÉDIA | PEQUENAS EMPRESA - CITY PLAN - 23 à 29 VIDAS - COM COPARTICIPAÇÃO','MICRO | MÉDIA | PEQUENAS EMPRESA - CITY PLAN - 23 à 29 VIDAS - COM COPARTICIPAÇÃO',19),
	(327,'MICRO | MÉDIA | PEQUENAS EMPRESA - CITY PLAN - 03 à 06 VIDAS - COM COPARTICIPAÇÃO','MICRO | MÉDIA | PEQUENAS EMPRESA - CITY PLAN - 03 à 06 VIDAS - COM COPARTICIPAÇÃO',19),
	(328,'MICRO | MÉDIA | PEQUENAS EMPRESA - CITY PLAN - 07 à 10 VIDAS - COM COPARTICIPAÇÃO','MICRO | MÉDIA | PEQUENAS EMPRESA - CITY PLAN - 07 à 10 VIDAS - COM COPARTICIPAÇÃO ',19),
	(329,'MICRO | MÉDIA | PEQUENAS EMPRESA - CITY PLAN - 11 à 19 VIDAS - COM COPARTICIPAÇÃO','MICRO | MÉDIA | PEQUENAS EMPRESA - CITY PLAN - 11 à 19 VIDAS - COM COPARTICIPAÇÃO',19),
	(330,'MICRO | MÉDIA | PEQUENAS EMPRESA - CITY PLAN - 20 à 29 VIDAS - COM COPARTICIPAÇÃO','MICRO | MÉDIA | PEQUENAS EMPRESA - CITY PLAN - 20 à 29 VIDAS - COM COPARTICIPAÇÃO',19),
	(331,'PRONTO P121 ‐ 03 à 29 VIDAS - 1 TITULAR - VOLUNTÁRIA ‐ COPARTICIPAÇÃO 20%','PRONTO P121 ‐ 03 à 29 VIDAS - 1 TITULAR - VOLUNTÁRIA ‐ COPARTICIPAÇÃO 20%',5),
	(332,'PRONTO P221 ‐ 03 à 29 VIDAS - 1 TITULAR - COMPULSÓRIA ‐ COPARTICIPAÇÃO 20%','PRONTO P221 ‐ 03 à 29 VIDAS - 1 TITULAR - COMPULSÓRIA ‐ COPARTICIPAÇÃO 20% ',5),
	(333,'PRONTO P221 ‐ 03 à 29 VIDAS - 1 TITULAR - COMPULSÓRIA ‐ SEM COPARTICIPAÇÃO','PRONTO P221 ‐ 03 à 29 VIDAS - 1 TITULAR - COMPULSÓRIA ‐ SEM COPARTICIPAÇÃO',5),
	(334,'NOSSO PLANO - 02 à 29 VIDAS - AMBULATORIAL - SEM COPARTICIPAÇÃO','NOSSO PLANO - 02 à 29 VIDAS - AMBULATORIAL - SEM COPARTICIPAÇÃO',10),
	(335,'NOSSO PLANO - 02 à 29 VIDAS - AMBULATORIAL + HOSPITALAR + OBSTETRÍCIA - SEM COPARTICIPAÇÃO','NOSSO PLANO - 02 à 29 VIDAS - AMBULATORIAL + HOSPITALAR + OBSTETRÍCIA - SEM COPARTICIPAÇÃO',10),
	(336,'NOSSO PLANO - 02 à 29 VIDAS - AMBULATORIAL - COM COPARTICIPAÇÃO','NOSSO PLANO - 02 à 29 VIDAS - AMBULATORIAL - COM COPARTICIPAÇÃO',10),
	(337,'NOSSO PLANO - 02 à 29 VIDAS - AMBULATORIAL + HOSPITALAR + OBSTETRÍCIA - COM COPARTICIPAÇÃO','NOSSO PLANO - 02 à 29 VIDAS - AMBULATORIAL + HOSPITALAR + OBSTETRÍCIA - COM COPARTICIPAÇÃO',10),
	(338,'MIX - 02 à 29 VIDAS - AMBULATORIAL + HOSPITALAR + OBSTETRÍCIA - SEM COPARTICIPAÇÃO','MIX - 02 à 29 VIDAS - AMBULATORIAL + HOSPITALAR + OBSTETRÍCIA - SEM COPARTICIPAÇÃO',10),
	(340,'PEQUENAS | MEDIAS EMPRESAS - CORPORATIVO - COMPACTO - 04 à 09 VIDAS - COM COPARTICIPAÇÃO','PEQUENAS | MEDIAS EMPRESAS - CORPORATIVO - COMPACTO - 04 à 09 VIDAS - COM COPARTICIPAÇÃO',18),
	(341,'PEQUENAS | MEDIAS EMPRESAS - CORPORATIVO - EFETIVO - 04 à 09 VIDAS - COM COPARTICIPAÇÃO','PEQUENAS | MEDIAS EMPRESAS - CORPORATIVO - EFETIVO - 04 à 09 VIDAS - COM COPARTICIPAÇÃO',18),
	(342,'PEQUENAS | MEDIAS EMPRESAS - CORPORATIVO - SUPERIOR - 04 à 09 VIDAS - COM COPARTICIPAÇÃO','PEQUENAS | MEDIAS EMPRESAS - CORPORATIVO - SUPERIOR - 04 à 09 VIDAS - COM COPARTICIPAÇÃO',18),
	(343,'PEQUENAS | MEDIAS EMPRESAS - CORPORATIVO - SÊNIOR - 04 à 09 VIDAS - COM COPARTICIPAÇÃO','PEQUENAS | MEDIAS EMPRESAS - CORPORATIVO - SÊNIOR - 04 à 09 VIDAS - COM COPARTICIPAÇÃO',18),
	(344,'UNISEG ESSENCIAL - 04 à 09 VIDAS - COM COPARTICIPAÇÃO','UNISEG ESSENCIAL - 04 à 09 VIDAS - COM COPARTICIPAÇÃO',18),
	(345,'PEQUENAS | MEDIAS EMPRESAS - CORPORATIVO - COMPACTO - 04 à 09 VIDAS - SEM COPARTICIPAÇÃO','PEQUENAS | MEDIAS EMPRESAS - CORPORATIVO - COMPACTO - 04 à 09 VIDAS - SEM COPARTICIPAÇÃO',18),
	(346,'PEQUENAS | MEDIAS EMPRESAS - CORPORATIVO - EFETIVO - 04 à 09 VIDAS - SEM COPARTICIPAÇÃO','PEQUENAS | MEDIAS EMPRESAS - CORPORATIVO - EFETIVO - 04 à 09 VIDAS - SEM COPARTICIPAÇÃO',18),
	(347,'PEQUENAS | MEDIAS EMPRESAS - CORPORATIVO - SUPERIOR - 04 à 09 VIDAS - SEM COPARTICIPAÇÃO','PEQUENAS | MEDIAS EMPRESAS - CORPORATIVO - SUPERIOR - 04 à 09 VIDAS - SEM COPARTICIPAÇÃO',18),
	(348,'PEQUENAS | MEDIAS EMPRESAS - CORPORATIVO - SÊNIOR - 04 à 09 VIDAS - SEM COPARTICIPAÇÃO','PEQUENAS | MEDIAS EMPRESAS - CORPORATIVO - SÊNIOR - 04 à 09 VIDAS - SEM COPARTICIPAÇÃO',18),
	(349,'UNISEG ESSENCIAL - 04 à 09 VIDAS - SEM COPARTICIPAÇÃO','UNISEG ESSENCIAL - 04 à 09 VIDAS - SEM COPARTICIPAÇÃO',18),
	(350,'PRONTO P221 ‐ 03 à 29 VIDAS - 1 TITULAR - VOLUNTÁRIA ‐ COPARTICIPAÇÃO 20%','PRONTO P221 ‐ 03 à 29 VIDAS - 1 TITULAR - VOLUNTÁRIA ‐ COPARTICIPAÇÃO 20%',5),
	(351,'PRONTO P221 ‐ 03 à 29 VIDAS - 1 TITULAR - VOLUNTÁRIA ‐ SEM COPARTICIPAÇÃO','PRONTO P221 ‐ 03 à 29 VIDAS - 1 TITULAR - VOLUNTÁRIA ‐ SEM COPARTICIPAÇÃO ',5),
	(352,'PEQUENAS | MEDIAS EMPRESAS - CORPORATIVO - COMPACTO - 10 à 29 VIDAS - COM COPARTICIPAÇÃO','PEQUENAS | MEDIAS EMPRESAS - CORPORATIVO - COMPACTO - 10 à 29 VIDAS - COM COPARTICIPAÇÃO',18),
	(353,'PEQUENAS | MEDIAS EMPRESAS - CORPORATIVO - EFETIVO - 10 à 29 VIDAS - COM COPARTICIPAÇÃO','PEQUENAS | MEDIAS EMPRESAS - CORPORATIVO - EFETIVO - 10 à 29 VIDAS - COM COPARTICIPAÇÃO',18),
	(354,'PEQUENAS | MEDIAS EMPRESAS - CORPORATIVO - SUPERIOR - 10 à 29 VIDAS - COM COPARTICIPAÇÃO','PEQUENAS | MEDIAS EMPRESAS - CORPORATIVO - SUPERIOR - 10 à 29 VIDAS - COM COPARTICIPAÇÃO',18),
	(355,'PEQUENAS | MEDIAS EMPRESAS - CORPORATIVO - SÊNIOR - 10 à 29 VIDAS - COM COPARTICIPAÇÃO','PEQUENAS | MEDIAS EMPRESAS - CORPORATIVO - SÊNIOR - 10 à 29 VIDAS - COM COPARTICIPAÇÃO',18),
	(356,'UNISEG ESSENCIAL - 10 à 29 VIDAS - COM COPARTICIPAÇÃO','UNISEG ESSENCIAL - 10 à 29 VIDAS - COM COPARTICIPAÇÃO',18),
	(357,'PEPEQUENAS | MEDIAS EMPRESAS - CORPORATIVO - COMPACTO - 10 à 29 VIDAS - SEM COPARTICIPAÇÃO','PEPEQUENAS | MEDIAS EMPRESAS - CORPORATIVO - COMPACTO - 10 à 29 VIDAS - SEM COPARTICIPAÇÃO',18),
	(358,'PEQUENAS | MEDIAS EMPRESAS - CORPORATIVO - EFETIVO - 10 à 29 VIDAS - SEM COPARTICIPAÇÃO','PEQUENAS | MEDIAS EMPRESAS - CORPORATIVO - EFETIVO - 10 à 29 VIDAS - SEM COPARTICIPAÇÃO',18),
	(359,'PEQUENAS | MEDIAS EMPRESAS - CORPORATIVO - SUPERIOR - 10 à 29 VIDAS - SEM COPARTICIPAÇÃO','PEQUENAS | MEDIAS EMPRESAS - CORPORATIVO - SUPERIOR - 10 à 29 VIDAS - SEM COPARTICIPAÇÃO',18),
	(360,'PEQUENAS | MEDIAS EMPRESAS - CORPORATIVO - SÊNIOR - 10 à 29 VIDAS - SEM COPARTICIPAÇÃO','PEQUENAS | MEDIAS EMPRESAS - CORPORATIVO - SÊNIOR - 10 à 29 VIDAS - SEM COPARTICIPAÇÃO',18),
	(361,'UNISEG ESSENCIAL - 10 à 29 VIDAS - SEM COPARTICIPAÇÃO','UNISEG ESSENCIAL - 10 à 29 VIDAS - SEM COPARTICIPAÇÃO',18),
	(362,'UNISEG ESSENCIAL - 30 à 99 VIDAS - SEM COPARTICIPAÇÃO','UNISEG ESSENCIAL - 30 à 99 VIDAS - SEM COPARTICIPAÇÃO',18),
	(363,'PEQUENAS | MEDIAS EMPRESAS - CORPORATIVO - SÊNIOR - 30 à 99 VIDAS - SEM COPARTICIPAÇÃO','PEQUENAS | MEDIAS EMPRESAS - CORPORATIVO - SÊNIOR - 30 à 99 VIDAS - SEM COPARTICIPAÇÃO',18),
	(364,'PEQUENAS | MEDIAS EMPRESAS - CORPORATIVO - SUPERIOR - 30 à 99 VIDAS - SEM COPARTICIPAÇÃO','PEQUENAS | MEDIAS EMPRESAS - CORPORATIVO - SUPERIOR - 30 à 99 VIDAS - SEM COPARTICIPAÇÃO',18),
	(365,'PEQUENAS | MEDIAS EMPRESAS - CORPORATIVO - EFETIVO - 30 à 99 VIDAS - SEM COPARTICIPAÇÃO','PEQUENAS | MEDIAS EMPRESAS - CORPORATIVO - EFETIVO - 30 à 99 VIDAS - SEM COPARTICIPAÇÃO',18),
	(366,'PEPEQUENAS | MEDIAS EMPRESAS - CORPORATIVO - COMPACTO - 30 à 99 VIDAS - SEM COPARTICIPAÇÃO','PEPEQUENAS | MEDIAS EMPRESAS - CORPORATIVO - COMPACTO - 30 à 99 VIDAS - SEM COPARTICIPAÇÃO\r\n',18),
	(367,'UNISEG ESSENCIAL - 30 à 99 VIDAS - COM COPARTICIPAÇÃO','UNISEG ESSENCIAL - 30 à 99 VIDAS - COM COPARTICIPAÇÃO',18),
	(368,'PEQUENAS | MEDIAS EMPRESAS - CORPORATIVO - SÊNIOR - 30 à 99 VIDAS - COM COPARTICIPAÇÃO','PEQUENAS | MEDIAS EMPRESAS - CORPORATIVO - SÊNIOR - 30 à 99 VIDAS - COM COPARTICIPAÇÃO',18),
	(369,'PEQUENAS | MEDIAS EMPRESAS - CORPORATIVO - SUPERIOR - 30 à 99 VIDAS - COM COPARTICIPAÇÃO','PEQUENAS | MEDIAS EMPRESAS - CORPORATIVO - SUPERIOR - 30 à 99 VIDAS - COM COPARTICIPAÇÃO',18),
	(370,'PEQUENAS | MEDIAS EMPRESAS - CORPORATIVO - EFETIVO - 30 à 99 VIDAS - COM COPARTICIPAÇÃO','PEQUENAS | MEDIAS EMPRESAS - CORPORATIVO - EFETIVO - 30 à 99 VIDAS - COM COPARTICIPAÇÃO',18),
	(371,'PEQUENAS | MEDIAS EMPRESAS - CORPORATIVO - COMPACTO - 30 à 99 VIDAS - COM COPARTICIPAÇÃO','PEQUENAS | MEDIAS EMPRESAS - CORPORATIVO - COMPACTO - 30 à 99 VIDAS - COM COPARTICIPAÇÃO',18),
	(372,'FUNDAMENTAL P211 ‐ 03 à 29 VIDAS - 2 TITULARES - COMPULSÓRIA ‐ COPARTICIPAÇÃO 20%','FUNDAMENTAL P211 ‐ 03 à 29 VIDAS - 2 TITULARES - COMPULSÓRIA ‐ COPARTICIPAÇÃO 20% ',5),
	(373,'FUNDAMENTAL P221 ‐ 03 à 29 VIDAS - 2 TITULARES - COMPULSÓRIA ‐ COPARTICIPAÇÃO 20%','FUNDAMENTAL P221 ‐ 03 à 29 VIDAS - 2 TITULARES - COMPULSÓRIA ‐ COPARTICIPAÇÃO 20% ',5),
	(374,'FUNDAMENTAL P211 ‐ 03 à 29 VIDAS - 2 TITULARES - VOLUNTÁRIA ‐ COPARTICIPAÇÃO 20%','FUNDAMENTAL P211 ‐ 03 à 29 VIDAS - 2 TITULARES - VOLUNTÁRIA ‐ COPARTICIPAÇÃO 20% ',5),
	(375,'FUNDAMENTAL P221 ‐ 03 à 29 VIDAS - 2 TITULARES - VOLUNTÁRIA ‐ COPARTICIPAÇÃO 20%','FUNDAMENTAL P221 ‐ 03 à 29 VIDAS - 2 TITULARES - VOLUNTÁRIA ‐ COPARTICIPAÇÃO 20% ',5),
	(376,'PRONTO P221 ‐ 03 à 29 VIDAS - 2 TITULARES - COMPULSÓRIA ‐ COPARTICIPAÇÃO 20%','PRONTO P221 ‐ 03 à 29 VIDAS - 2 TITULARES - COMPULSÓRIA ‐ COPARTICIPAÇÃO 20% ',5),
	(377,'COMPLETO P221 ‐ 03 à 29 VIDAS - 2 TITULARES - COMPULSÓRIA ‐ COPARTICIPAÇÃO 20%','COMPLETO P221 ‐ 03 à 29 VIDAS - 2 TITULARES - COMPULSÓRIA ‐ COPARTICIPAÇÃO 20% ',5),
	(378,'COMPLETO + P221 ‐ 03 à 29 VIDAS - 2 TITULARES - COMPULSÓRIA ‐ COPARTICIPAÇÃO 20%','COMPLETO + P221 ‐ 03 à 29 VIDAS - 2 TITULARES - COMPULSÓRIA ‐ COPARTICIPAÇÃO 20%',5),
	(379,'PRONTO P221 ‐ 03 à 29 VIDAS - 2 TITULARES - VOLUNTÁRIA ‐ COPARTICIPAÇÃO 20%','PRONTO P221 ‐ 03 à 29 VIDAS - 2 TITULARES - VOLUNTÁRIA ‐ COPARTICIPAÇÃO 20%',5),
	(380,'COMPLETO P221 ‐ 03 à 29 VIDAS - 2 TITULARES - VOLUNTÁRIA ‐ COPARTICIPAÇÃO 20%','COMPLETO P221 ‐ 03 à 29 VIDAS - 2 TITULARES - VOLUNTÁRIA ‐ COPARTICIPAÇÃO 20% ',5),
	(381,'COMPLETO + P221 ‐ 03 à 29 VIDAS - 2 TITULARES - VOLUNTÁRIA ‐ COPARTICIPAÇÃO 20%','COMPLETO + P221 ‐ 03 à 29 VIDAS - 2 TITULARES - VOLUNTÁRIA ‐ COPARTICIPAÇÃO 20% ',5),
	(382,'PEQUENAS | MEDIAS EMPRESAS - CORPORATIVO - COMPLETO - 04 à 09 VIDAS - SEM COPARTICIPAÇÃO','PEQUENAS | MEDIAS EMPRESAS - CORPORATIVO - COMPLETO - 04 à 09 VIDAS - SEM COPARTICIPAÇÃO',18),
	(383,'PEQUENAS | MEDIAS EMPRESAS - CORPORATIVO - COMPLETO – 30 à 99 VIDAS - SEM COPARTICIPAÇÃO','PEQUENAS | MEDIAS EMPRESAS - CORPORATIVO - COMPLETO – 30 à 99 VIDAS - SEM COPARTICIPAÇÃO',18),
	(384,'PEQUENAS | MEDIAS EMPRESAS - CORPORATIVO - COMPLETO - 10 à 29 VIDAS - SEM COPARTICIPAÇÃO','PEQUENAS | MEDIAS EMPRESAS - CORPORATIVO - COMPLETO - 10 à 29 VIDAS - SEM COPARTICIPAÇÃO',18),
	(385,'MIX - 02 à 29 VIDAS - AMBULATORIAL + HOSPITALAR + OBSTETRÍCIA - COM COPARTICIPAÇÃO','MIX - 02 à 29 VIDAS - AMBULATORIAL + HOSPITALAR + OBSTETRÍCIA - COM COPARTICIPAÇÃO',10),
	(386,'NOSSO PLANO - 01 à 99 VIDAS - AMBULATORIAL + HOSPITALAR + OBSTETRÍCIA','NOSSO PLANO - 01 à 99 VIDAS - AMBULATORIAL + HOSPITALAR + OBSTETRÍCIA',27),
	(387,'MIX - 01 à 99 VIDAS - AMBULATORIAL + HOSPITALAR + OBSTETRÍCIA','MIX - 01 à 99 VIDAS - AMBULATORIAL + HOSPITALAR + OBSTETRÍCIA ',27),
	(388,'AMBULATORIAL EMPRESARIAL - 03 à 29 VIDAS - SEM COPARTICIPAÇÃO','AMBULATORIAL EMPRESARIAL - 03 à 29 VIDAS - SEM COPARTICIPAÇÃO',4),
	(389,'AMBULATORIAL EMPRESARIAL - 03 à 29 VIDAS - COM COPARTICIPAÇÃO','AMBULATORIAL EMPRESARIAL - 03 à 29 VIDAS - COM COPARTICIPAÇÃO',4),
	(390,'AMBULATORIAL EMPRESARIAL - 30 à 99 VIDAS - SEM COPARTICIPAÇÃO','AMBULATORIAL EMPRESARIAL - 30 à 99 VIDAS - SEM COPARTICIPAÇÃO',4),
	(393,'LINCX LT3 - 02 à 29 VIDAS - SEM COPARTICIPAÇÃO','LINCX LT3 - 02 à 29 VIDAS - SEM COPARTICIPAÇÃO',13),
	(394,'LINCX LT4 - 02 à 29 VIDAS - SEM COPARTICIPAÇÃO','LINCX LT4 - 02 à 29 VIDAS - SEM COPARTICIPAÇÃO',13),
	(395,'BLACK T2 - 02 à 29 VIDAS - SEM COPARTICIPAÇÃO','BLACK T2 - 02 à 29 VIDAS - SEM COPARTICIPAÇÃO',13),
	(396,'BLACK T3 - 02 à 29 VIDAS - SEM COPARTICIPAÇÃO','BLACK T3 - 02 à 29 VIDAS - SEM COPARTICIPAÇÃO',13),
	(397,'BLACK T4 - 02 à 29 VIDAS - SEM COPARTICIPAÇÃO','BLACK T4 - 02 à 29 VIDAS - SEM COPARTICIPAÇÃO',13),
	(398,'BLACK T5 - 02 à 29 VIDAS - SEM COPARTICIPAÇÃO','BLACK T5 - 02 à 29 VIDAS - SEM COPARTICIPAÇÃO',13),
	(399,'LINCX LT3 - 02 à 29 VIDAS - COM COPARTICIPAÇÃO','LINCX LT3 - 02 à 29 VIDAS - COM COPARTICIPAÇÃO',13),
	(400,'LINCX LT4 - 02 à 29 VIDAS - COM COPARTICIPAÇÃO','LINCX LT4 - 02 à 29 VIDAS - COM COPARTICIPAÇÃO',13),
	(401,'BLACK T2 - 02 à 29 VIDAS - COM COPARTICIPAÇÃO','BLACK T2 - 02 à 29 VIDAS - COM COPARTICIPAÇÃO',13),
	(402,'BLACK T3 - 02 à 29 VIDAS - COM COPARTICIPAÇÃO','BLACK T3 - 02 à 29 VIDAS - COM COPARTICIPAÇÃO',13),
	(403,'BLACK T5 - 02 à 29 VIDAS - COM COPARTICIPAÇÃO','BLACK T5 - 02 à 29 VIDAS - COM COPARTICIPAÇÃO',13),
	(404,'BLACK T4 - 02 à 29 VIDAS - COM COPARTICIPAÇÃO','BLACK T4 - 02 à 29 VIDAS - COM COPARTICIPAÇÃO',13),
	(405,'LINCX LT3 - 30 à 99 VIDAS - SEM COPARTICIPAÇÃO','LINCX LT3 - 30 à 99 VIDAS - SEM COPARTICIPAÇÃO',13),
	(406,'LINCX LT4 - 30 à 99 VIDAS - SEM COPARTICIPAÇÃO','LINCX LT4 - 30 à 99 VIDAS - SEM COPARTICIPAÇÃO',13),
	(407,'BLACK T2 - 30 à 99 VIDAS - SEM COPARTICIPAÇÃO','BLACK T2 - 30 à 99 VIDAS - SEM COPARTICIPAÇÃO',13),
	(408,'BLACK T3 - 30 à 99 VIDAS - SEM COPARTICIPAÇÃO','BLACK T3 - 30 à 99 VIDAS - SEM COPARTICIPAÇÃO',13),
	(409,'BLACK T4 - 30 à 99 VIDAS - SEM COPARTICIPAÇÃO','BLACK T4 - 30 à 99 VIDAS - SEM COPARTICIPAÇÃO',13),
	(410,'BLACK T5 - 30 à 99 VIDAS - SEM COPARTICIPAÇÃO','BLACK T5 - 30 à 99 VIDAS - SEM COPARTICIPAÇÃO',13),
	(411,'LINCX LT3 - 30 à 99 VIDAS - COM COPARTICIPAÇÃO','LINCX LT3 - 30 à 99 VIDAS - COM COPARTICIPAÇÃO',13),
	(412,'LINCX LT4 - 30 à 99 VIDAS - COM COPARTICIPAÇÃO','LINCX LT4 - 30 à 99 VIDAS - COM COPARTICIPAÇÃO',13),
	(413,'BLACK T2 - 30 à 99 VIDAS - COM COPARTICIPAÇÃO','BLACK T2 - 30 à 99 VIDAS - COM COPARTICIPAÇÃO',13),
	(414,'BLACK T3 - 30 à 99 VIDAS - COM COPARTICIPAÇÃO','BLACK T3 - 30 à 99 VIDAS - COM COPARTICIPAÇÃO',13),
	(415,'BLACK T4 - 30 à 99 VIDAS - COM COPARTICIPAÇÃO','BLACK T4 - 30 à 99 VIDAS - COM COPARTICIPAÇÃO',13),
	(416,'BLACK T5 - 30 à 99 VIDAS - COM COPARTICIPAÇÃO','BLACK T5 - 30 à 99 VIDAS - COM COPARTICIPAÇÃO',13),
	(417,'557 - EXATO PJ - Enfermaria – 03 a 29 vidas - FLEX','557 - EXATO PJ - Enfermaria – 03 a 29 vidas - FLEX',16),
	(421,'557 - EXATO - MEI - Enfermaria – 03 a 29 vidas - FLEX','557 - EXATO - MEI - Enfermaria – 03 a 29 vidas - FLEX',16),
	(422,'557 - EXATO - CEI - Enfermaria – 03 a 29 vidas - COMPULSÓRIO','557 - EXATO - CEI - Enfermaria – 03 a 29 vidas - COMPULSÓRIO',16),
	(423,'557 - EXATO - CEI - Enfermaria – 03 a 29 vidas - FLEX','557 - EXATO - CEI - Enfermaria – 03 a 29 vidas - FLEX',16),
	(424,'557 - EXATO - MEI - Enfermaria – 03 a 29 vidas - COMPULSÓRIO','557 - EXATO - MEI - Enfermaria – 03 a 29 vidas - COMPULSÓRIO',16),
	(425,'557 - EXATO PJ - Enfermaria – 03 a 29 vidas - COMPULSÓRIO','557 - EXATO PJ - Enfermaria – 03 a 29 vidas - COMPULSÓRIO',16),
	(426,'557 - CLÁSSICO - PJ - Apartamento – 03 a 29 vidas - COMPULSÓRIO','557 - CLÁSSICO - PJ - Apartamento – 03 a 29 vidas - COMPULSÓRIO',16),
	(427,'557 - CLÁSSICO - PJ - Apartamento – 03 a 29 vidas - FLEX','557 - CLÁSSICO - PJ - Apartamento – 03 a 29 vidas - FLEX',16),
	(428,'557 - CLÁSSICO - CEI - Apartamento – 03 a 29 vidas - FLEX','557 - CLÁSSICO - CEI - Apartamento – 03 a 29 vidas - FLEX',16),
	(429,'557 - CLÁSSICO - CEI - Apartamento– 03 a 29 vidas - COMPULSÓRIO','557 - CLÁSSICO - CEI - Apartamento – 03 a 29 vidas - COMPULSÓRIO',16),
	(430,'557 - CLÁSSICO - MEI - Apartamento – 03 a 29 vidas - COMPULSÓRIO','557 - CLÁSSICO - MEI - Apartamento – 03 a 29 vidas - COMPULSÓRIO',16),
	(431,'557 - CLÁSSICO - MEI - Apartamento – 03 a 29 vidas - FLEX','557 - CLÁSSICO - MEI - Apartamento – 03 a 29 vidas - COMPULSÓRIO',16),
	(432,'557 - ESPECIAL 100/R1 - PJ - Apartamento – 03 a 29 vidas - FLEX','557 - ESPECIAL 100/R1 - PJ - Apartamento – 03 a 29 vidas - FLEX',16),
	(433,'557 - ESPECIAL 100/R1 - PJ - Apartamento – 03 a 29 vidas - COMPULSÓRIO','557 - ESPECIAL 100/R1 - PJ - Apartamento – 03 a 29 vidas - COMPULSÓRIO',16),
	(434,'557 - ESPECIAL 100/R1 - CEI - Apartamento – 03 a 29 vidas - COMPULSÓRIO','557 - ESPECIAL 100/R1 - CEI - Apartamento – 03 a 29 vidas - COMPULSÓRIO',16),
	(435,'557 - ESPECIAL 100/R1 - CEI - Apartamento – 03 a 29 vidas - FLEX','557 - ESPECIAL 100/R1 - CEI - Apartamento – 03 a 29 vidas - FLEX',16),
	(436,'557 - ESPECIAL 100/R1 - MEI - Apartamento – 03 a 29 vidas - COMPULSÓRIO','557 - ESPECIAL 100/R1 - MEI - Apartamento – 03 a 29 vidas - COMPULSÓRIO',16),
	(437,'557 - ESPECIAL 100/R1 - MEI - Apartamento – 03 a 29 vidas - FLEX','557 - ESPECIAL 100/R1 - MEI - Apartamento – 03 a 29 vidas - FLEX',16),
	(438,'557 - ESPECIAL 100/R2 - MEI - Apartamento – 03 a 29 vidas - COMPULSÓRIO','557 - ESPECIAL 100/R2 - MEI - Apartamento – 03 a 29 vidas - COMPULSÓRIO',16),
	(439,'557 - ESPECIAL 100/R2 - MEI - Apartamento – 03 a 29 vidas - FLEX','557 - ESPECIAL 100/R2 - MEI - Apartamento – 03 a 29 vidas - FLEX',16),
	(440,'557 - ESPECIAL 100/R2 - CEI - Apartamento – 03 a 29 vidas - COMPULSÓRIO','557 - ESPECIAL 100/R2 - CEI - Apartamento – 03 a 29 vidas - COMPULSÓRIO',16),
	(441,'557 - ESPECIAL 100/R2 - CEI - Apartamento – 03 a 29 vidas - FLEX','557 - ESPECIAL 100/R2 - CEI - Apartamento – 03 a 29 vidas - FLEX',16),
	(442,'557 - ESPECIAL 100/R2 - PJ - Apartamento – 03 a 29 vidas - COMPULSÓRIO','557 - ESPECIAL 100/R2 - PJ - Apartamento – 03 a 29 vidas - COMPULSÓRIO',16),
	(443,'557 - ESPECIAL 100/R2 - PJ - Apartamento – 03 a 29 vidas - FLEX','557 - ESPECIAL 100/R2 - PJ - Apartamento – 03 a 29 vidas - FLEX',16),
	(444,'557 - ESPECIAL 100/R3 - PJ - Apartamento – 03 a 29 vidas - COMPULSÓRIO','557 - ESPECIAL 100/R3 - PJ - Apartamento – 03 a 29 vidas - COMPULSÓRIO',16),
	(445,'557 - ESPECIAL 100/R3 - PJ - Apartamento – 03 a 29 vidas - FLEX','557 - ESPECIAL 100/R3 - PJ - Apartamento – 03 a 29 vidas - FLEX',16),
	(446,'557 - ESPECIAL 100/R3 - CEI - Apartamento – 03 a 29 vidas - COMPULSÓRIO','557 - ESPECIAL 100/R3 - CEI - Apartamento – 03 a 29 vidas - COMPULSÓRIO',16),
	(447,'557 - ESPECIAL 100/R3 - CEI - Apartamento – 03 a 29 vidas - FLEX','557 - ESPECIAL 100/R3 - CEI - Apartamento – 03 a 29 vidas - FLEX',16),
	(448,'557 - ESPECIAL 100/R3 - MEI- Apartamento – 03 a 29 vidas - COMPULSÓRIO','557 - ESPECIAL 100/R3 - MEI- Apartamento – 03 a 29 vidas - COMPULSÓRIO',16),
	(449,'557 - ESPECIAL 100/R3 - MEI- Apartamento – 03 a 29 vidas - FLEX','557 - ESPECIAL 100/R3 - MEI- Apartamento – 03 a 29 vidas - FLEX',16),
	(450,'557 - EXECUTIVO R1 - MEI- Apartamento – 03 a 29 vidas - COMPULSÓRIO','557 - EXECUTIVO R1 - MEI- Apartamento – 03 a 29 vidas - COMPULSÓRIO',16),
	(451,'557 - EXECUTIVO R1 - MEI- Apartamento – 03 a 29 vidas - FLEX','557 - EXECUTIVO R1 - MEI- Apartamento – 03 a 29 vidas - FLEX',16),
	(452,'557 - EXECUTIVO R1 - CEI- Apartamento – 03 a 29 vidas - COMPULSÓRIO','557 - EXECUTIVO R1 - CEI- Apartamento – 03 a 29 vidas - COMPULSÓRIO',16),
	(453,'557 - EXECUTIVO R1 - CEI- Apartamento – 03 a 29 vidas - FLEX','557 - EXECUTIVO R1 - CEI- Apartamento – 03 a 29 vidas - FLEX',16),
	(454,'557 - EXECUTIVO R1 - PJ - Apartamento – 03 a 29 vidas - COMPULSÓRIO','557 - EXECUTIVO R1 - PJ - Apartamento – 03 a 29 vidas - COMPULSÓRIO',16),
	(455,'557 - EXECUTIVO R1 - PJ - Apartamento – 03 a 29 vidas - FLEX','557 - EXECUTIVO R1 - PJ - Apartamento – 03 a 29 vidas - FLEX',16),
	(456,'557 - EXECUTIVO R2 - PJ - Apartamento – 03 a 29 vidas - COMPULSÓRIO','557 - EXECUTIVO R2 - PJ - Apartamento – 03 a 29 vidas - COMPULSÓRIO',16),
	(457,'557 - EXECUTIVO R2 - PJ - Apartamento – 03 a 29 vidas - FLEX','557 - EXECUTIVO R2 - PJ - Apartamento – 03 a 29 vidas - FLEX',16),
	(458,'557 - EXECUTIVO R2 - CEI - Apartamento – 03 a 29 vidas - COMPULSÓRIO','557 - EXECUTIVO R2 - CEI - Apartamento – 03 a 29 vidas - COMPULSÓRIO',16),
	(459,'557 - EXECUTIVO R2 - CEI - Apartamento – 03 a 29 vidas - FLEX','557 - EXECUTIVO R2 - CEI - Apartamento – 03 a 29 vidas - FLEX',16),
	(460,'557 - EXECUTIVO R2 - MEI - Apartamento – 03 a 29 vidas - COMPULSÓRIO','557 - EXECUTIVO R2 - MEI - Apartamento – 03 a 29 vidas - COMPULSÓRIO',16),
	(461,'557 - EXECUTIVO R2 - MEI - Apartamento – 03 a 29 vidas - FLEX','557 - EXECUTIVO R2 - MEI - Apartamento – 03 a 29 vidas - FLEX',16),
	(462,'557 - EXECUTIVO R3 - MEI - Apartamento – 03 a 29 vidas - COMPULSÓRIO','557 - EXECUTIVO R3 - MEI - Apartamento – 03 a 29 vidas - COMPULSÓRIO',16),
	(463,'557 - EXECUTIVO R3 - MEI - Apartamento – 03 a 29 vidas - FLEX','557 - EXECUTIVO R3 - MEI - Apartamento – 03 a 29 vidas - FLEX',16),
	(464,'557 - EXECUTIVO R3 - CEI - Apartamento – 03 a 29 vidas - COMPULSÓRIO','557 - EXECUTIVO R3 - CEI - Apartamento – 03 a 29 vidas - COMPULSÓRIO',16),
	(465,'557 - EXECUTIVO R3 - CEI - Apartamento – 03 a 29 vidas - FLEX','557 - EXECUTIVO R3 - CEI - Apartamento – 03 a 29 vidas - FLEX',16),
	(466,'557 - EXECUTIVO R3 - PJ - Apartamento – 03 a 29 vidas - COMPULSÓRIO','557 - EXECUTIVO R3 - PJ - Apartamento – 03 a 29 vidas - COMPULSÓRIO',16),
	(467,'557 - EXECUTIVO R3 - PJ - Apartamento – 03 a 29 vidas - FLEX','557 - EXECUTIVO R3 - PJ - Apartamento – 03 a 29 vidas - FLEX',16),
	(468,'557 - PRESTIGE - PJ - Apartamento – 03 a 29 vidas - COMPULSÓRIO','557 - PRESTIGE - PJ - Apartamento – 03 a 29 vidas - COMPULSÓRIO',16),
	(469,'557 - PRESTIGE - PJ - Apartamento – 03 a 29 vidas - FLEX','557 - PRESTIGE - PJ - Apartamento – 03 a 29 vidas - FLEX',16),
	(470,'557 - PRESTIGE - CEI - Apartamento – 03 a 29 vidas - COMPULSÓRIO','557 - PRESTIGE - CEI - Apartamento – 03 a 29 vidas - COMPULSÓRIO',16),
	(471,'557 - PRESTIGE - CEI - Apartamento – 03 a 29 vidas - FLEX','557 - PRESTIGE - CEI - Apartamento – 03 a 29 vidas - FLEX',16),
	(472,'557 - PRESTIGE - MEI - Apartamento – 03 a 29 vidas - COMPULSÓRIO','557 - PRESTIGE - MEI - Apartamento – 03 a 29 vidas - COMPULSÓRIO',16),
	(473,'557 - PRESTIGE - MEI - Apartamento – 03 a 29 vidas - FLEX','557 - PRESTIGE - MEI - Apartamento – 03 a 29 vidas - FLEX',16),
	(474,'553 - EXATO - PJ - Enfermaria – 03 a 29 vidas - COMPULSÓRIO','553 - EXATO - PJ - Enfermaria – 03 a 29 vidas - COMPULSÓRIO',16),
	(475,'553 - EXATO - PJ - Enfermaria – 03 a 29 vidas - FLEX','553 - EXATO - PJ - Enfermaria – 03 a 29 vidas - FLEX',16),
	(476,'553 - EXATO - MEI- Enfermaria – 03 a 29 vidas - COMPULSÓRIO','553 - EXATO - MEI- Enfermaria – 03 a 29 vidas - COMPULSÓRIO',16),
	(477,'553 - EXATO - MEI- Enfermaria – 03 a 29 vidas - FLEX','553 - EXATO - MEI- Enfermaria – 03 a 29 vidas - FLEX',16),
	(478,'553 - EXATO - CEI- Enfermaria – 03 a 29 vidas - COMPULSÓRIO','553 - EXATO - CEI- Enfermaria – 03 a 29 vidas - COMPULSÓRIO',16),
	(479,'553 - EXATO - CEI- Enfermaria – 03 a 29 vidas - FLEX','553 - EXATO - CEI- Enfermaria – 03 a 29 vidas - FLEX',16),
	(480,'553 - CLÁSSICO - PJ - Apartamento – 03 a 29 vidas - COMPULSÓRIO','553 - CLÁSSICO - PJ - Apartamento – 03 a 29 vidas - COMPULSÓRIO',16),
	(481,'553 - CLÁSSICO - PJ - Apartamento – 03 a 29 vidas - FLEX','553 - CLÁSSICO - PJ - Apartamento – 03 a 29 vidas - FLEX',16),
	(482,'553 - CLÁSSICO - MEI - Apartamento – 03 a 29 vidas - COMPULSÓRIO','553 - CLÁSSICO - MEI - Apartamento – 03 a 29 vidas - COMPULSÓRIO',16),
	(483,'553 - CLÁSSICO - MEI - Apartamento – 03 a 29 vidas - FLEX','553 - CLÁSSICO - MEI - Apartamento – 03 a 29 vidas - FLEX',16),
	(484,'553 - CLÁSSICO - CEI - Apartamento – 03 a 29 vidas - COMPULSÓRIO','553 - CLÁSSICO - CEI - Apartamento – 03 a 29 vidas - COMPULSÓRIO',16),
	(485,'553 - CLÁSSICO - CEI - Apartamento– 03 a 29 vidas - FLEX','553 - CLÁSSICO - CEI - Apartamento – 03 a 29 vidas - FLEX',16),
	(486,'553 - ESPECIAL 100 - R1- PJ - Apartamento – 03 a 29 vidas - COMPULSÓRIO','553 - ESPECIAL 100 - R1- PJ - Apartamento – 03 a 29 vidas - COMPULSÓRIO',16),
	(487,'553 - ESPECIAL 100 - R1- PJ - Apartamento – 03 a 29 vidas - FLEX','553 - ESPECIAL 100 - R1- PJ - Apartamento – 03 a 29 vidas - FLEX',16),
	(488,'553 - ESPECIAL 100 - R1- MEI - Apartamento – 03 a 29 vidas - COMPULSÓRIO','553 - ESPECIAL 100 - R1- MEI - Apartamento – 03 a 29 vidas - COMPULSÓRIO',16),
	(489,'553 - ESPECIAL 100 - R1- MEI - Apartamento – 03 a 29 vidas - FLEX','553 - ESPECIAL 100 - R1- MEI - Apartamento – 03 a 29 vidas - FLEX',16),
	(490,'553 - ESPECIAL 100 - R1- CEI - Apartamento – 03 a 29 vidas - COMPULSÓRIO','553 - ESPECIAL 100 - R1- CEI - Apartamento – 03 a 29 vidas - COMPULSÓRIO',16),
	(491,'553 - ESPECIAL 100 - R1- CEI - Apartamento – 03 a 29 vidas - FLEX','553 - ESPECIAL 100 - R1- CEI - Apartamento – 03 a 29 vidas - FLEX',16),
	(492,'553 - ESPECIAL 100 - R2- PJ- Apartamento – 03 a 29 vidas - COMPULSÓRIO','553 - ESPECIAL 100 - R2- PJ- Apartamento – 03 a 29 vidas - COMPULSÓRIO',16),
	(493,'553 - ESPECIAL 100 - R2- PJ- Apartamento – 03 a 29 vidas - FLEX','553 - ESPECIAL 100 - R2- PJ- Apartamento – 03 a 29 vidas - FLEX',16),
	(494,'553 - ESPECIAL 100 - R2- MEI - Apartamento – 03 a 29 vidas - COMPULSÓRIO','553 - ESPECIAL 100 - R2- MEI - Apartamento – 03 a 29 vidas - COMPULSÓRIO',16),
	(495,'553 - ESPECIAL 100 - R2- MEI - Apartamento – 03 a 29 vidas - FLEX','553 - ESPECIAL 100 - R2- MEI - Apartamento – 03 a 29 vidas - FLEX',16),
	(496,'553 - ESPECIAL 100 - R2- CEI - Apartamento – 03 a 29 vidas - COMPULSÓRIO','553 - ESPECIAL 100 - R2- CEI - Apartamento – 03 a 29 vidas - COMPULSÓRIO',16),
	(497,'553 - ESPECIAL 100 - R2- CEI - Apartamento – 03 a 29 vidas - FLEX','553 - ESPECIAL 100 - R2- CEI - Apartamento – 03 a 29 vidas - FLEX',16),
	(498,'553 - ESPECIAL 100 - R3- PJ - Apartamento – 03 a 29 vidas - COMPULSÓRIO','553 - ESPECIAL 100 - R3 - PJ - Apartamento – 03 a 29 vidas - COMPULSÓRIO',16),
	(499,'553 - ESPECIAL 100 - R3- PJ - Apartamento – 03 a 29 vidas - FLEX','553 - ESPECIAL 100 - R3- PJ - Apartamento – 03 a 29 vidas - FLEX',16),
	(500,'553 - ESPECIAL 100 - R3- MEI - Apartamento – 03 a 29 vidas - COMPULSÓRIO','553 - ESPECIAL 100 - R3- MEI - Apartamento – 03 a 29 vidas - COMPULSÓRIO',16),
	(501,'553 - ESPECIAL 100 - R3- MEI - Apartamento – 03 a 29 vidas - FLEX','553 - ESPECIAL 100 - R3- MEI - Apartamento – 03 a 29 vidas - FLEX',16),
	(502,'553 - ESPECIAL 100 - R3- CEI - Apartamento – 03 a 29 vidas - COMPULSÓRIO','553 - ESPECIAL 100 - R3- CEI - Apartamento – 03 a 29 vidas - COMPULSÓRIO',16),
	(503,'553 - ESPECIAL 100 - R3- CEI - Apartamento – 03 a 29 vidas - FLEX','553 - ESPECIAL 100 - R3- CEI - Apartamento – 03 a 29 vidas - FLEX',16),
	(504,'553 - EXECUTIVO - R1- PJ - Apartamento – 03 a 29 vidas - COMPULSÓRIO','553 - EXECUTIVO - R1- PJ - Apartamento – 03 a 29 vidas - COMPULSÓRIO',16),
	(505,'553 - EXECUTIVO - R1- PJ - Apartamento – 03 a 29 vidas - FLEX','553 - EXECUTIVO - R1- PJ - Apartamento – 03 a 29 vidas - FLEX',16),
	(506,'553 - EXECUTIVO - R1- MEI- Apartamento – 03 a 29 vidas - COMPULSÓRIO','553 - EXECUTIVO - R1- MEI- Apartamento – 03 a 29 vidas - COMPULSÓRIO',16),
	(507,'553 - EXECUTIVO - R1- MEI- Apartamento – 03 a 29 vidas - FLEX','553 - EXECUTIVO - R1- MEI- Apartamento – 03 a 29 vidas - FLEX',16),
	(508,'553 - EXECUTIVO - R1- CEI- Apartamento – 03 a 29 vidas - COMPULSÓRIO','553 - EXECUTIVO - R1- CEI- Apartamento – 03 a 29 vidas - COMPULSÓRIO',16),
	(509,'553 - EXECUTIVO - R1- CEI- Apartamento – 03 a 29 vidas - FLEX','553 - EXECUTIVO - R1- CEI- Apartamento – 03 a 29 vidas - FLEX',16),
	(510,'553 - EXECUTIVO - R2 - PJ - Apartamento – 03 a 29 vidas - COMPULSÓRIO','553 - EXECUTIVO - R2 - PJ - Apartamento – 03 a 29 vidas - COMPULSÓRIO',16),
	(511,'553 - EXECUTIVO - R2 - PJ - Apartamento – 03 a 29 vidas - FLEX','553 - EXECUTIVO - R2 - PJ - Apartamento – 03 a 29 vidas - FLEX',16),
	(512,'553 - EXECUTIVO - R2 - MEI - Apartamento – 03 a 29 vidas - COMPULSÓRIO','553 - EXECUTIVO - R2 - MEI - Apartamento – 03 a 29 vidas - COMPULSÓRIO',16),
	(513,'553 - EXECUTIVO - R2 - MEI - Apartamento – 03 a 29 vidas - FLEX','553 - EXECUTIVO - R2 - MEI - Apartamento – 03 a 29 vidas - FLEX',16),
	(514,'553 - EXECUTIVO - R2 - CEI - Apartamento – 03 a 29 vidas - COMPULSORIO','553 - EXECUTIVO - R2 - CEI - Apartamento – 03 a 29 vidas - COMPULSÓRIO',16),
	(515,'553 - EXECUTIVO - R2 - CEI - Apartamento – 03 a 29 vidas - FLEX','553 - EXECUTIVO - R2 - CEI - Apartamento – 03 a 29 vidas - FLEX',16),
	(516,'553 - EXECUTIVO - R3 - PJ - Apartamento – 03 a 29 vidas - COMPULSÓRIO','553 - EXECUTIVO - R3 - PJ - Apartamento – 03 a 29 vidas - COMPULSÓRIO',16),
	(517,'553 - EXECUTIVO - R3 - PJ - Apartamento – 03 a 29 vidas - FLEX','553 - EXECUTIVO - R3 - PJ - Apartamento – 03 a 29 vidas - FLEX',16),
	(518,'553 - EXECUTIVO - R3 - MEI - Apartamento – 03 a 29 vidas - COMPULSÓRIO','553 - EXECUTIVO - R3 - MEI - Apartamento – 03 a 29 vidas - COMPULSÓRIO',16),
	(519,'553 - EXECUTIVO - R3 - MEI - Apartamento – 03 a 29 vidas - FLEX','553 - EXECUTIVO - R3 - MEI - Apartamento – 03 a 29 vidas - FLEX',16),
	(520,'553 - EXECUTIVO - R3 - CEI - Apartamento – 03 a 29 vidas - COMPULSÓRIO','553 - EXECUTIVO - R3 - CEI - Apartamento – 03 a 29 vidas - COMPULSÓRIO',16),
	(521,'553 - EXECUTIVO - R3 - CEI - Apartamento – 03 a 29 vidas - FLEX','553 - EXECUTIVO - R3 - CEI - Apartamento – 03 a 29 vidas - FLEX',16),
	(522,'553 - PRESTIGE - PJ - Apartamento – 03 a 29 vidas - COMPULSÓRIO','553 - PRESTIGE - PJ - Apartamento – 03 a 29 vidas - COMPULSÓRIO',16),
	(523,'553 - PRESTIGE - PJ - Apartamento – 03 a 29 vidas - FLEX','553 - PRESTIGE - PJ - Apartamento – 03 a 29 vidas - FLEX',16),
	(524,'553 - PRESTIGE - MEI - Apartamento – 03 a 29 vidas - COMPULSÓRIO','553 - PRESTIGE - MEI - Apartamento – 03 a 29 vidas - COMPULSÓRIO',16),
	(525,'553 - PRESTIGE - MEI - Apartamento – 03 a 29 vidas - FLEX','553 - PRESTIGE - MEI - Apartamento – 03 a 29 vidas - FLEX',16),
	(526,'553 - PRESTIGE - CEI - Apartamento – 03 a 29 vidas - COMPULSÓRIO','553 - PRESTIGE - CEI - Apartamento – 03 a 29 vidas - COMPULSÓRIO',16),
	(527,'553 - PRESTIGE - CEI - Apartamento – 03 a 29 vidas - FLEX','553 - PRESTIGE - CEI - Apartamento – 03 a 29 vidas - FLEX',16);

/*!40000 ALTER TABLE `produtos` ENABLE KEYS */;
UNLOCK TABLES;


# Dump da tabela ramos
# ------------------------------------------------------------

DROP TABLE IF EXISTS `ramos`;

CREATE TABLE `ramos` (
  `id` int(11) unsigned NOT NULL AUTO_INCREMENT,
  `descricao` text NOT NULL,
  `nome` varchar(150) NOT NULL DEFAULT '',
  PRIMARY KEY (`id`)
) ENGINE=InnoDB DEFAULT CHARSET=utf8;

LOCK TABLES `ramos` WRITE;
/*!40000 ALTER TABLE `ramos` DISABLE KEYS */;

INSERT INTO `ramos` (`id`, `descricao`, `nome`)
VALUES
	(1,'SAÚDE','SAÚDE'),
	(2,'ODONTOLÓGICO','ODONTOLÓGICO');

/*!40000 ALTER TABLE `ramos` ENABLE KEYS */;
UNLOCK TABLES;


# Dump da tabela redes
# ------------------------------------------------------------

DROP TABLE IF EXISTS `redes`;

CREATE TABLE `redes` (
  `id` int(11) unsigned NOT NULL AUTO_INCREMENT,
  `descricao` text NOT NULL,
  `nome` varchar(150) NOT NULL DEFAULT '',
  `operadora_id` int(11) unsigned DEFAULT NULL,
  PRIMARY KEY (`id`),
  KEY `operadora_id` (`operadora_id`),
  CONSTRAINT `redes_ibfk_1` FOREIGN KEY (`operadora_id`) REFERENCES `operadoras` (`id`)
) ENGINE=InnoDB DEFAULT CHARSET=utf8;

LOCK TABLES `redes` WRITE;
/*!40000 ALTER TABLE `redes` DISABLE KEYS */;

INSERT INTO `redes` (`id`, `descricao`, `nome`, `operadora_id`)
VALUES
	(1,'PLANO TOP - SALVADOR: Ceparh, Clínica São Bernardo, Clisur, COT Canela, CTO Médico Agenor Paiva, Day Hospital Promédica, Fund. Baiano de olhos.  Cardiologia, Hosp. Evangelico, Hosp Prof Jorge Valente, Hosp. Da Cidade, Hosp. Sagrada Familia, Hosp. De Cunha, Hosp. Jaar Andrade, Hosp. Portugues, Hosp. Santo Amaro, Hosp. São Rafael,  INSBOT, Sobaby, SOMED, Instituto Cardio Pulmonar, Insituto dos Olhos, Itaigara Memorial Hosp Dia, Life Center, Oftalmoclin, Orto Clinica, Probaby.\r\n','BRADESCO HOSPITALAR NACIONAL',NULL),
	(3,'400: Hosp. Sagrada Família, Hosp. Santo Amaro, Day Horc, Cato, Clisur, COF, COT, Espaço Bom Viver, HBA, Hosp. Aeroporto, Hosp. Agenor Paiva, Hosp. Evangélico da Bahia, Hosp. Jaar Andrade, Hosp. Salvador, Hosp. Santa Izabel, Insbot, Nupsi, Probaby, Sobaby, Ortra, Semeca, Ortra, Alclin Hosp. de Olhos Lavigne, Caparh, Clinnaza, Day Hospital Louis Pateur, Hosp. S&A, Hosp. Santa luzia, IBOPC.\r\n','400 - 02 À 29 VIDAS',2),
	(4,'500: Hosp. Sagrada Família, Hosp. Santo Amaro, Day Horc, Cato, Clisur, COF, COT, Espaço Bom Viver, HBA, Hosp. Aeroporto, Hosp. Agenor Paiva, Hosp. Evangélico da Bahia, Hosp. Jaar Andrade, Hosp. Salvador, Hosp. Santa Izabel, Insbot, Nupsi, Probaby, Sobaby, Ortra, Semeca, Ortra, Alclin Hosp. de Olhos Lavigne, Caparh, Clinnaza, Day Hospital Louis Pateur, Hosp. S&A, Hosp. Santa luzia, IBOPC, Hospital São Rafael, Instituto Cárdio Pulmonar, Instituto de Olhos Freitas, Clínica de Urologia Modesto Jacobino.\r\n','500 - 02 À 29 VIDAS',2),
	(5,'700: Hosp. Sagrada Família, Hosp. Santo Amaro, Day Horc, Cato, Clisur, COF, COT, Espaço Bom Viver, HBA, Hosp. Aeroporto, Hosp. Agenor Paiva, Hosp. Evangélico da Bahia, Hosp. Jaar Andrade, Hosp. Salvador, Hosp. Santa Izabel, Insbot, Nupsi, Probaby, Sobaby, Ortra, Semeca, Ortra, Alclin Hosp. de Olhos Lavigne, Caparh, Clinnaza, Day Hospital Louis Pateur, Hosp. S&A, Hosp. Santa luzia, IBOPC,  Hospital São Rafael, Instituto Cárdio Pulmonar, Instituto de Olhos Freitas, Clínica de Urologia Modesto Jacobino, Hospital Aliança.','700 - 02 à 29 VIDAS',2),
	(6,'400: Hosp. Sagrada Família, Hosp. Santo Amaro, Day Horc, Cato, Clisur, COF, COT, Espaço Bom Viver, HBA, Hosp. Aeroporto, Hosp. Agenor Paiva, Hosp. Evangélico da Bahia, Hosp. Jaar Andrade, Hosp. Salvador, Hosp. Santa Izabel, Insbot, Nupsi, Probaby, Sobaby, Ortra, Semeca, Ortra, Alclin Hosp. de Olhos Lavigne, Caparh, Clinnaza, Day Hospital Louis Pateur, Hosp. S&A, Hosp. Santa luzia, IBOPC.\r\n','400 - 30 à 99 Vidas',2),
	(7,'500: Hosp. Sagrada Família, Hosp. Santo Amaro, Day Horc, Cato, Clisur, COF, COT, Espaço Bom Viver, HBA, Hosp. Aeroporto, Hosp. Agenor Paiva, Hosp. Evangélico da Bahia, Hosp. Jaar Andrade, Hosp. Salvador, Hosp. Santa Izabel, Insbot, Nupsi, Probaby, Sobaby, Ortra, Semeca, Ortra, Alclin Hosp. de Olhos Lavigne, Caparh, Clinnaza, Day Hospital Louis Pateur, Hosp. S&A, Hosp. Santa luzia, IBOPC,  Hospital São Rafael, Instituto Cárdio Pulmonar, Instituto de Olhos Freitas, Clínica de Urologia Modesto Jacobino.\r\n','500 - 30 à 99 VIDAS',2),
	(8,'700: Hosp. Sagrada Família, Hosp. Santo Amaro, Day Horc, Cato, Clisur, COF, COT, Espaço Bom Viver, HBA, Hosp. Aeroporto, Hosp. Agenor Paiva, Hosp. Evangélico da Bahia, Hosp. Jaar Andrade, Hosp. Salvador, Hosp. Santa Izabel, Insbot, Nupsi, Probaby, Sobaby, Ortra, Semeca, Ortra, Alclin Hosp. de Olhos Lavigne, Caparh, Clinnaza, Day Hospital Louis Pateur, Hosp. S&A, Hosp. Santa luzia, IBOPC, Hospital São Rafael, Instituto Cárdio Pulmonar, Instituto de Olhos Freitas, Clínica de Urologia Modesto Jacobino, Hospital Aliança.','700 - 30 à 99 VIDAS',2),
	(9,'PLANO TOP - SALVADOR: \r\n- Ceparh, Clínica São Bernardo, Clisur, COT Canela, CTO Médico Agenor Paiva, Day Hospital Promédica, Fund. Baiano de olhos.\r\n- Cardiologia, Hosp. Evangelico, Hosp. Prof Jorge Valente, Hosp. Da Cidade, Hosp. Sagrada Familia, Hosp. De Cunha, Hosp. Jaar Andrade, Hosp. Portugues, Hosp. Santo Amaro, Hosp. São Rafael, INSBOT, Sobaby, SOMED, Instituto Cardio Pulmonar, Insituto dos Olhos, Itaigara Memorial, Hosp. Dia, Life Center, Oftalmoclin, Orto Clinica, Probaby.\r\n','BRADESCO ',1),
	(10,'FUNDAMENTAL: HOSP. DA BAHIA-HBA, HOSP. SALVADOR, INSBOT, SOMED SOCORROS MÉDICOS, HOSP. DAY HORC, DAYHORC-HOSP. DE OLHOS, CLIVALE-CALÇADA, C.M. HOSP. AGENOR PAIVA, HOSP. EVANGELICO DA BAHIA, HOSP. DA SAGRADA FAMILIA, INST. DE OLHOS FREITAS, PRO BABY, SAMES, FISIORT CLINICA MÉDICA.\r\nVITAL: Todos do fundamental + HOSP. DE OLHOS JOSÉ EUTROPIO, HOSP. SANTA LUZIA, POLICLINICA SANTA CLARA.\r\nPRONTO: Todos os anteriores + HOSPITAL SÃO RAFAEL, INSTITUTO CARDIO PULMONAR DA BAHIA, HOSPITAL ALIANÇA E HOSPITAL PORTUGUÊS.\r\nCOMPLETO: Todos os anteriores +  Sírio Libanês, Albert Einsten (São Paulo) -  Samaritano ( Rio de Janeiro).\r\n\r\n\r\n\r\n\r\n\r\n','CAIXA',5),
	(11,'Centro Médico Casseb, Hospital Santa Isabel,  Hospital Agenor Paiva, Hospital da Cidade, Hospital Salvador, Hospital Salvador, Hospital Sagrada Família, Hospital Sobaby, Sames, Somed, CDI, Clab, Sermeca, Clinica Ecco, Nephron, Cenob, Clinica Ultra Gin, Clinica Oftalmológica torres. \r\n','CASSEB',6),
	(12,'Hospital Tereza de Lisieux, Hapclínica Dendezeiros, Hapclínica Lauro de Freitas, Hapclínica, Cajazeiras, Hapclínica Cajazeiras, Hapclínica Camaçari, Hapclínica Ondina.\r\n','HAPVIDA - PME',10),
	(13,'Não Informado.','AMI',26),
	(15,'Feira de Santana: EMEC, MATER DEI, Hospital Ortopédico, HTO, GYNETOCO, Inst. De Cardiologia, SÓBABY, Otorrinos, IHEF - Laboratório, São Matheus, Santa Cecilia, Laboratório Análise, Bambino, Pró-Diagnóstico, Maternidade Santa Emilia','UNIÃO MÉDICA ',25),
	(16,'Hospitais:\r\nHospital Agenor Paiva, Hospital Agnus Dei, Hospital Cidade, Hospital Cot, Hospital das Clínicas Alagoinhas, Hospital Evangélico, Hospital Jorge Valente, Hospital Português, Hospital Prohope, Hospital Sagrada Família, Hospital Salvador, Hospital Santa Helena, Hospital Santa Izabel, Hospital Santo Amaro, Hospital São Rafael, Insbot, Ortoped, Probaby, Sobaby.\r\n\r\nClinicas: \r\nCardiokids, Cardioprev, Clínica Anna Paola Gatto, Clínica Biocheck Up, Itaigara Memorial, Clivale, Clínica de Brotas, Clínica CEHON, Clínica DERMAE, Clínica Guri, Clínica Leitão Guerra, Clínica Master Vida, Clínica Multiclin,  Clínica Vida, DAYHORC, Humana, IPSE, Otorrino Center, Proneuro, Sermec, Sermeca, Univisão.\r\n\r\nLaboratórios:\r\nLaboratório DNA, Laboratório LABCHECAP, Laboratório Leme, Laboratório LPC, Laboratório SABIN, Laboratório Spalazanni.\r\n\r\nCentros de Diagnose (Planos Exames de imagem):\r\nBahia Imagem, Diagnoson, Image Memorial, Multi Imagem, Master Vida, Delfin.\r\n','CNU - BÁSICO',17),
	(17,'Hospitais:\r\nHospital Agenor Paiva, Hospital Agnus Dei, Hospital Cidade, Hospital Cot, Hospital das Clínicas Alagoinhas, Hospital Evangélico, Hospital Jorge Valente, Hospital Português, Hospital Prohope, Hospital Sagrada Família, Hospital Salvador, Hospital Santa Helena, Hospital Santa Izabel, Hospital Santo Amaro, Hospital São Rafael, Insbot, Ortoped, Probaby, Sobaby, \r\n\r\nClinicas: \r\nCardiokids, Cardioprev, Clínica Anna Paola Gatto, Clínica Biocheck Up, Itaigara Memorial, Clivale, Clínica de Brotas, Clínica CEHON, Clínica DERMAE, Clínica Guri, Clínica Leitão Guerra, Clínica Master Vida, Clínica Multiclin,  Clínica Vida, DAYHORC, Humana, IPSE, Otorrino Center, Proneuro, Sermec, Sermeca, Univisão.\r\n\r\nLaboratórios:\r\nLaboratório DNA, Laboratório LABCHECAP, Laboratório Leme, Laboratório LPC, Laboratório SABIN, Laboratório Spalazanni.\r\n\r\nCentros de Diagnose (Planos Exames de imagem):\r\nBahia Imagem, Diagnoson, Image Memorial, Multi Imagem, Master Vida, Delfin.\r\n','CNU - ESPECIAL',17),
	(18,'Hospitais:\r\nHospital Agenor Paiva, Hospital Agnus Dei, Hospital Cidade, Hospital Cot, Hospital das Clínicas Alagoinhas, Hospital Evangélico, Hospital Jorge Valente, Hospital Português, Hospital Prohope, Hospital Sagrada Família, Hospital Salvador, Hospital Santa Helena, Hospital Santa Izabel, Hospital Santo Amaro, Hospital São Rafael, Insbot, Ortoped, Probaby, Sobaby, Hospital Aliança. \r\n\r\nClinicas: \r\nCardiokids, Cardioprev, Clínica Anna Paola Gatto, Clínica Biocheck Up, Itaigara Memorial, Clivale, Clínica de Brotas, Clínica CEHON, Clínica DERMAE, Clínica Guri, Clínica Leitão Guerra, Clínica Master Vida, Clínica Multiclin,  Clínica Vida, DAYHORC, Humana, IPSE, Otorrino Center, Proneuro, Sermec, Sermeca, Univisão.\r\n\r\nLaboratórios:\r\nLaboratório DNA, Laboratório LABCHECAP, Laboratório Leme, Laboratório LPC, Laboratório SABIN, Laboratório Spalazanni.\r\n\r\nCentros de Diagnose (Planos Exames de imagem):\r\nBahia Imagem, Diagnoson, Image Memorial, Multi Imagem, Master Vida, Delfin.\r\n\r\n','CNU - MASTER',17),
	(19,'Não Informado.','UNIMED FEIRA',19),
	(20,'Hospital Maternidade Luiz Argolo, Hospital da Cidade, Hospital Aeroporto, Hospital Agnus Dei, Clinica São Roque, Sobaby, Clisur, Hospital Prohope, Hospital Evangelico da Bahia, Hospital Santa Helena, Hospital SEMED, Hospital São Paulo, Hospital Agenor Paiva, Hospital Santa Izabel, Cot Canela, Hospital da Sagrada Familia, Clinica Bom Viver, Hospital e Maternidade de Santo Amaro, Clima, Oftamodiagnose Hospital dos Olhos, Climege, Hospital Jorge Valente, CEPARH, Hospital Santo Amaro, Probaby, Inooa, Otorrino Center.','UNIMED SEGUROS - COMPACTO - EFETIVO',18),
	(21,'Hospital Tereza de Lisieux, Hapclínica Dendezeiros, Hapclínica Lauro de Freitas, Hapclínica, Cajazeiras, Hapclínica Cajazeiras, Hapclínica Camaçari, Hapclínica Ondina.','HAPVIDA AFIX',27),
	(22,'Local: Imagem Memorial e CAM, Labchecap e Spalazanni, Clínica Ocular, Hospital Santa Clara, NOOBA, Alergoderma, Clínica Fé e APAE, Fund.de Neurologia, Holos, Rodolfo Dantas\r\nEcco, Sermeca e Sobaby.\r\n\r\n','BOA SAÚDE',4),
	(23,'Hospital Maternidade Luiz Argolo, Hospital da Cidade, Hospital Aeroporto, Hospital Agnus Dei, Clinica São Roque, Sobaby, Clisur, Hospital Prohope, Hospital Evangelico da Bahia, Hospital Santa Helena, Hospital SEMED, Hospital São Paulo, Hospital Agenor Paiva, Hospital Santa Izabel, Cot Canela, Hospital da Sagrada Familia, Clinica Bom Viver, Hospital e Maternidade de Santo Amaro, Clima, Oftamodiagnose Hospital dos Olhos, Climege, Hospital Jorge Valente, CEPARH, Hospital Santo Amaro, Probaby, Inooa, Otorrino Center, Otorrino Center, INCAR.','UNIMED SEGUROS - COMPLETO',18),
	(24,'Hospital Maternidade Luiz Argolo, Hospital da Cidade, Hospital Aeroporto, Hospital Agnus Dei, Clinica São Roque, Sobaby, Clisur, Hospital Prohope, Hospital Evangelico da Bahia, Hospital Santa Helena, Hospital SEMED, Hospital São Paulo, Hospital Agenor Paiva, Hospital Santa Izabel, Cot Canela, Hospital da Sagrada Familia, Clinica Bom Viver, Hospital e Maternidade de Santo Amaro, Clima, Oftamodiagnose Hospital dos Olhos, Climege, Hospital Jorge Valente, CEPARH, Hospital Santo Amaro, Probaby, Inooa, Otorrino Center, Otorrino Center, INCAR, Itaigara Memorial Hospital Dia, Day Horc, Hospital São Rafael, Oftalmoclin, Hospital Portugues, Fundação Baiana de Cardiologia, COF, Instituto de Olhos Freitas.','UNIMED SEGUROS  - SUPERIOR',18),
	(25,'Hospital Maternidade Luiz Argolo, Hospital da Cidade, Hospital Aeroporto, Hospital Agnus Dei, Clinica São Roque, Sobaby, Clisur, Hospital Prohope, Hospital Evangelico da Bahia, Hospital Santa Helena, Hospital SEMED, Hospital São Paulo, Hospital Agenor Paiva, Hospital Santa Izabel, Cot Canela, Hospital da Sagrada Familia, Clinica Bom Viver, Hospital e Maternidade de Santo Amaro, Clima, Oftamodiagnose Hospital dos Olhos, Climege, Hospital Jorge Valente, CEPARH, Hospital Santo Amaro, Probaby, Inooa, Otorrino Center, Otorrino Center, INCAR, Itaigara Memorial Hospital Dia, Day Horc, Hospital São Rafael, Oftalmoclin, Hospital Portugues, Fundação Baiana de Cardiologia, COF, Instituto de Olhos Freitas, Instituto Cardio Pulmonar da Bahia, Hospital Aliança.','UNIMED SEGUROS - SÊNIOR',18),
	(26,'Hospital Sagrada Família, Hospital Santo Amaro, Day horc, Cato, Clisur, COF, COT, Espaço Bom Viver, HBA, Hospital Aeroporto, Hosp. Agenor Paiva, Hosp. Evangélico da Bahia, Hosp. Jaar Andrade, Hosp. Salvador, Hosp. Santa Izabel, Insbot, Nupsi, Probaby, Sobaby, Ortra, Semeca, Ortra, Alclin Hosp. de Olhos lavigne, Caparh, Clinnaza, Day Hospital Louis Pateur, Hosp. S&A, Hosp. Santa luzia, IBOPC, Hospital São Rafael, Instituto Cárdio Pulmonar, Instituto de Olhos Freitas, Clínica de Urologia Modesto Jacobino, Hospital Aliança.\r\n','ONE HEALTH (GRUPO AMIL)',13),
	(27,'Plano Exato: Hospital da Bahia , Hospital Santa Clara , Hospital aeroporto , Hospital evangelho , Hospital Santo Amaro, Hospital Agenor Paiva ,Hospital da Cidade, Hospital J Andrade, Hospital Sagrada Família, Hospital Salvador, Insbot , Probaby, Hospital Santa luzia Ortopédica, Cot, Image Memorial, Diagnoson, Instituto de Olhos Freitas, Laboratório Spalazani, Labaclem, Lab Center, Laboclin, Multiclin, Otorrino Center,  Sermeca , Somed, CATO, Cedermes, Ceparh.','SULAMÉRICA - EXATO',16),
	(28,'Plano Clássico: Hospital da Bahia , Hospital Santa Clara , Hospital aeroporto , Hospital evangelho , Hospital Santo Amaro, Hospital Agenor Paiva ,Hospital da Cidade, Hospital J Andrade, Hospital Sagrada Família, Hospital Salvador, Insbot , Probaby, Hospital Santa luzia Ortopédica, Cot, Image Memorial, Diagnoson, Instituto de Olhos Freitas, Laboratório Spalazani, Labaclem, Lab Center, Laboclin, Multiclin, Otorrino Center,  Sermeca , Somed, CATO, Cedermes, Ceparh, Hospital Santa Izabel , Fundação Baiana de Cardiologia, Hospital Jorge Valente, Instituto cardio Pulmonar.','SULAMÉRICA - CLÁSSICO',16),
	(29,'Plano Especial 100: Hospital da Bahia , Hospital Santa Clara , Hospital aeroporto , Hospital evangelho , Hospital Santo Amaro, Hospital Agenor Paiva ,Hospital da Cidade, Hospital J Andrade, Hospital Sagrada Família, Hospital Salvador, Insbot , Probaby, Hospital Santa luzia Ortopédica, Cot, Image Memorial, Diagnoson, Instituto de Olhos Freitas, Laboratório Spalazani, Labaclem, Lab Center, Laboclin, Multiclin, Otorrino Center,  Sermeca , Somed, CATO, Cedermes, Ceparh, Hospital Santa Izabel , Fundação Baiana de Cardiologia, Hospital Jorge Valente, Instituto cardio Pulmonar, Hospital São Rafael.\r\n\r\n','SULAMÉRICA - ESPECIAL 100',16),
	(30,'Plano Executivo: Hospital da Bahia , Hospital Santa Clara , Hospital aeroporto , Hospital evangelho , Hospital Santo Amaro, Hospital Agenor Paiva ,Hospital da Cidade, Hospital J Andrade, Hospital Sagrada Família, Hospital Salvador, Insbot , Probaby, Hospital Santa luzia Ortopédica, Cot, Image Memorial, Diagnoson, Instituto de Olhos Freitas, Laboratório Spalazani, Labaclem, Lab Center, Laboclin, Multiclin, Otorrino Center,  Sermeca , Somed, CATO, Cedermes, Ceparh, Hospital Santa Izabel , Fundação Baiana de Cardiologia, Hospital Jorge Valente, Instituto cardio Pulmonar, Hospital São Rafael, Hospital Aliança / em são Paulo inclui o Hospital Sírio Libanês e  Hospital Israelita Albert Einstein.','SULAMÉRICA - EXECUTIVO',16),
	(31,'Plano Executivo: Hospital da Bahia , Hospital Santa Clara , Hospital Santo Amaro, Hospital Agenor Paiva ,Hospital da Cidade, Hospital J Andrade, Hospital Sagrada Família, Hospital Salvador, Insbot , Probaby, Hospital Santa Luzia, Diagnoson Ultra e Densi., Orthopédica, Cot, Image Memorial, Diagnoson, Instituto de Olhos Freitas, Laboratório Spalazani, Labaclem, Lab Center, Laboclin, Multiclin, Otorrino Center,  Semeg, Sermeca , Somed, CATO, Cedermes,Centro Médico Itaigara, Ceparh, Cliderma,  Hospital Santa Izabel , Fundação Baiana de Cardiologia, Hospital Jorge Valente, Instituto Cardio Pulmonar, Hospital São Rafael, Hospital Espanhol. ','SULAMÉRICA - PRESTIGE (557 / 543)',16);

/*!40000 ALTER TABLE `redes` ENABLE KEYS */;
UNLOCK TABLES;


# Dump da tabela reembolsos
# ------------------------------------------------------------

DROP TABLE IF EXISTS `reembolsos`;

CREATE TABLE `reembolsos` (
  `id` int(11) unsigned NOT NULL AUTO_INCREMENT,
  `descricao` text NOT NULL,
  `nome` varchar(150) NOT NULL DEFAULT '',
  `operadora_id` int(11) unsigned DEFAULT NULL,
  PRIMARY KEY (`id`),
  KEY `operadora_id` (`operadora_id`),
  CONSTRAINT `reembolsos_ibfk_1` FOREIGN KEY (`operadora_id`) REFERENCES `operadoras` (`id`)
) ENGINE=InnoDB DEFAULT CHARSET=utf8;

LOCK TABLES `reembolsos` WRITE;
/*!40000 ALTER TABLE `reembolsos` DISABLE KEYS */;

INSERT INTO `reembolsos` (`id`, `descricao`, `nome`, `operadora_id`)
VALUES
	(1,'....','BRADESCO HOSPITALAR NACIONAL',NULL),
	(2,'EXCLUIR','EXCLUIR',5),
	(3,'Fundamental P211 - Enfermaria: R$  R$ 70,00 \r\nFundamental P221 - Apartamento: R$  R$ 70,00 \r\nVital P111 - Enfermaria: R$ 70,00 \r\nVital P121 - Apartamento: R$ 70,00\r\nPronto P221 - Apartamento: R$ 116,66 \r\nCompleto P221 - Apartamento: R$ 186,66    \r\nCompleto + P221 - Apartamento: R$ 404,43','Coparticipação 20%',5),
	(4,'Fundamental P111 - Enfermaria: R$ 70,00 \r\nFundamental P121 - Apartamento: R$ 70,00\r\nVital P111 - Enfermaria: R$ 70,00 \r\nVital P121 - Apartamento: R$ 70,00\r\nPronto P121 - Apartamento: R$ 116,66 \r\nCompleto P121 - Apartamento: R$ 186,66    \r\nCompleto + P121 - Apartamento: R$ 404,43\r\n','Sem coparticipação',5),
	(5,'Compacto e Efetivo: 1x\r\nCompleto: 1,5x\r\nSuperior: 3x\r\nSênior: 8x\r\n\r\nExemplos - Reembolso para Consultas:\r\nCompacto e Efetivo: R$ 75,00\r\nCompleto: 1,5x: R$ 112,50\r\nSuperior: 3x: R$ 225,00\r\nSênior: 8x: R$ 600,00','UNIMED SEGUROS ',18),
	(6,'Consulta: R$ 180,00\r\nSessão de Psicologia (até): R$99,54 \r\nSessão de Fonoaudiologia: R$99,54 \r\nHemograma Completo: R$50,40 \r\nMamografia: R$200,34\r\nEletrocardiograma: R$88,20 \r\nRessonância Magnética de Crânio: R$2.268,00\r\nEndoscopia Digestiva: R$340,20 \r\nTeste Ergométrico: R$226,80 \r\nTomografia de Crânio: R$938,70 \r\nUltrassom Obstétrico: R$176,40 \r\nParto: R$3.874,50 \r\nHisterectomia Total: R$3.780,00\r\nGastrectomia Total Via Abdominal: R$7.843,50 \r\nRevascularização Miocárdio s/ Extracorpórea: R$8.505,00 \r\nColecistectomia c/ Colangiografia: R$4.819,50 \r\nHemorroidectomia Aberta ou Fechada: R$2.173,50 \r\nApendicectomia: R$2.664,90 \r\nArtroscopia do Joelho para Cirurgia: R$2.683,80 ','LINCX LT3',13),
	(7,'Consulta: R$270,00 \r\nSessão de Psicologia (até): R$149,31  \r\nSessão de Fonoaudiologia: R$149,31  \r\nHemograma Completo: R$75,60  \r\nMamografia: R$300,51 \r\nEletrocardiograma: R$132,30 \r\nRessonância Magnética de Crânio: R$3.402,00\r\nEndoscopia Digestiva: R$510,30 \r\nTeste Ergométrico: R$340,20\r\nTomografia de Crânio: R$1.408,05\r\nUltrassom Obstétrico: R$264,60\r\nParto: R$5.166,00 \r\nHisterectomia Total: R$5.040,00\r\nGastrectomia Total Via Abdominal: R$10.458,00 \r\nRevascularização Miocárdio s/ Extracorpórea: R$11.340,00 \r\nColecistectomia c/ Colangiografia: R$6.426,00 \r\nHemorroidectomia Aberta ou Fechada: R$2.898,00\r\nApendicectomia: R$3.553,20\r\nArtroscopia do Joelho para Cirurgia: R$3.578,40','LINCX LT4',13),
	(8,'Consulta: R$360,00 \r\nSessão de Psicologia (até): R$149,31  \r\nSessão de Fonoaudiologia: R$149,31  \r\nHemograma Completo: R$75,60  \r\nMamografia: R$300,51 \r\nEletrocardiograma: R$132,30 \r\nRessonância Magnética de Crânio: R$3.402,00\r\nEndoscopia Digestiva: R$510,30 \r\nTeste Ergométrico: R$340,20\r\nTomografia de Crânio: R$1.408,05\r\nUltrassom Obstétrico: R$264,60\r\nParto: R$9.040,50\r\nHisterectomia Total: R$8.820,00\r\nGastrectomia Total Via Abdominal: R$18.301,50 \r\nRevascularização Miocárdio s/ Extracorpórea: R$19.845,00 \r\nColecistectomia c/ Colangiografia: R$11.245,50  \r\nHemorroidectomia Aberta ou Fechada: R$5.071,50 \r\nApendicectomia: R$6.218,10 \r\nArtroscopia do Joelho para Cirurgia: R$6.262,20 ','BLACK T2',13),
	(9,'Consulta: R$510,00 \r\nSessão de Psicologia (até): R$248,85  \r\nSessão de Fonoaudiologia: R$248,85  \r\nHemograma Completo: R$126,00  \r\nMamografia: R$500,85\r\nEletrocardiograma: R$220,50\r\nRessonância Magnética de Crânio: R$5.670,00\r\nEndoscopia Digestiva: R$850,50\r\nTeste Ergométrico: R$567,00\r\nTomografia de Crânio: R$2.346,75\r\nUltrassom Obstétrico: R$441,00\r\nParto: R$11.623,50\r\nHisterectomia Total: R$11.340,00\r\nGastrectomia Total Via Abdominal: R$23.530,50 \r\nRevascularização Miocárdio s/ Extracorpórea: R$25.515,00 \r\nColecistectomia c/ Colangiografia: R$14.458,50 \r\nHemorroidectomia Aberta ou Fechada: R$6.520,50 \r\nApendicectomia: R$7.994,70\r\nArtroscopia do Joelho para Cirurgia: R$8.051,40 ','BLACK T3 ',13),
	(10,'Consulta: R$600,00  \r\nSessão de Psicologia (até): R$248,85  \r\nSessão de Fonoaudiologia: R$248,85  \r\nHemograma Completo: R$126,00  \r\nMamografia: R$500,85\r\nEletrocardiograma: R$220,50\r\nRessonância Magnética de Crânio: R$5.670,00\r\nEndoscopia Digestiva: R$850,50\r\nTeste Ergométrico: R$567,00\r\nTomografia de Crânio: R$2.346,75\r\nUltrassom Obstétrico: R$441,00\r\nParto: R$18.081,00\r\nHisterectomia Total: R$17.640,00\r\nGastrectomia Total Via Abdominal: R$36.603,00 \r\nRevascularização Miocárdio s/ Extracorpórea: R$39.690,00 \r\nColecistectomia c/ Colangiografia: R$22.491,00 \r\nHemorroidectomia Aberta ou Fechada: R$10.143,00\r\nApendicectomia: R$12.436,20\r\nArtroscopia do Joelho para Cirurgia: R$12.524,40 ','BLACK T4',13),
	(11,'Consulta: R$810,00   \r\nSessão de Psicologia (até): R$248,85  \r\nSessão de Fonoaudiologia: R$248,85  \r\nHemograma Completo: R$126,00  \r\nMamografia: R$500,85\r\nEletrocardiograma: R$220,50\r\nRessonância Magnética de Crânio: R$5.670,00\r\nEndoscopia Digestiva: R$850,50\r\nTeste Ergométrico: R$567,00\r\nTomografia de Crânio: R$2.346,75\r\nUltrassom Obstétrico: R$441,00\r\nParto: R$25.830,00\r\nHisterectomia Total: R$25.200,00\r\nGastrectomia Total Via Abdominal: R$52.290,00 \r\nRevascularização Miocárdio s/ Extracorpórea: R$56.700,00\r\nColecistectomia c/ Colangiografia: R$32.130,00\r\nHemorroidectomia Aberta ou Fechada: R$14.490,00\r\nApendicectomia: R$17.766,00\r\nArtroscopia do Joelho para Cirurgia: R$17.892,00 ','BLACK T5 ',13),
	(12,'SOB CONSULTA','SULAMÉRICA - EXATO - ENFERMARIA - 03 à 29 VIDAS',16),
	(13,'SOB CONSULTA','SULAMÉRICA - CLASSICO - APARTAMENTO - 03 à 29 VIDAS',16),
	(14,'SOB CONSULTA','SULAMÉRICA - ESPECIAL 100 R1 - APARTAMENTO - 03 à 29 VIDAS',16),
	(15,'SOB CONSULTA','SULAMÉRICA - ESPECIAL 100 R2 - APARTAMENTO - 03 à 29 VIDAS',16),
	(16,'SOB CONSULTA ','SULAMÉRICA - ESPECIAL 100 R3 - APARTAMENTO - 03 à 29 VIDAS',16),
	(17,'SOB CONSULTA','SULAMÉRICA - EXECUTIVO R1 - APARTAMENTO - 03 à 29 VIDAS',16),
	(18,'SOB CONSULTA','SULAMÉRICA - EXECUTIVO R2 - APARTAMENTO - 03 à 29 VIDAS',16),
	(19,'SOB CONSULTA','SULAMÉRICA - EXECUTIVO R3 - APARTAMENTO - 03 à 29 VIDAS',16),
	(20,'SOB CONSULTA','SULAMÉRICA - PRESTIGE - APARTAMENTO - 03 à 29 VIDAS',16),
	(21,'SOB CONSULTA','SULAMÉRICA - CLASSICO - APARTAMENTO - 30 à 99 VIDAS',16),
	(22,'SOB CONSULTA','SULAMÉRICA - EXATO - APARTAMENTO - 30 à 99 VIDAS',16),
	(23,'SOB CONSULTA','SULAMÉRICA - ESPECIAL 100 R1- APARTAMENTO - 30 à 99 VIDAS',16),
	(24,'SOB CONSULTA','SULAMÉRICA - ESPECIAL 100 R2- APARTAMENTO - 30 à 99 VIDAS',16),
	(25,'SOB CONSULTA','SULAMÉRICA - ESPECIAL 100 R3- APARTAMENTO - 30 à 99 VIDAS',16),
	(26,'SOB CONSULTA','SULAMÉRICA - EXECUTIVO R1- APARTAMENTO - 30 à 99 VIDAS',16),
	(27,'SOB CONSULTA','SULAMÉRICA - EXECUTIVO R2- APARTAMENTO - 30 à 99 VIDAS',16),
	(28,'SOB CONSULTA','SULAMÉRICA - EXECUTIVO R3 - APARTAMENTO - 30 à 99 VIDAS',16),
	(29,'SOB CONSULTA','SULAMÉRICA - PRESTIGE - APARTAMENTO - 30 à 99 VIDAS',16);

/*!40000 ALTER TABLE `reembolsos` ENABLE KEYS */;
UNLOCK TABLES;


# Dump da tabela regioes
# ------------------------------------------------------------

DROP TABLE IF EXISTS `regioes`;

CREATE TABLE `regioes` (
  `id` int(11) unsigned NOT NULL AUTO_INCREMENT,
  `nome` varchar(200) NOT NULL DEFAULT '',
  `estado_id` int(11) unsigned NOT NULL,
  `operadora_id` int(11) unsigned DEFAULT NULL,
  `descricao` text,
  PRIMARY KEY (`id`),
  KEY `estado_id` (`estado_id`),
  KEY `operadora_id` (`operadora_id`),
  CONSTRAINT `regioes_ibfk_1` FOREIGN KEY (`estado_id`) REFERENCES `estados` (`id`),
  CONSTRAINT `regioes_ibfk_2` FOREIGN KEY (`operadora_id`) REFERENCES `operadoras` (`id`)
) ENGINE=InnoDB DEFAULT CHARSET=utf8;

LOCK TABLES `regioes` WRITE;
/*!40000 ALTER TABLE `regioes` DISABLE KEYS */;

INSERT INTO `regioes` (`id`, `nome`, `estado_id`, `operadora_id`, `descricao`)
VALUES
	(1,'Bahia',5,17,'Bahia'),
	(2,'Bahia',5,2,'Bahia'),
	(3,'Bahia',5,1,'Bahia'),
	(4,'Bahia',5,5,'Bahia'),
	(5,'MUNICÍPIO SALVADOR',5,6,'Município Salvador'),
	(6,'HAPVIDA',5,10,'Salvador, Camaçari, Candeias, Conde,Dias D´Ávila, Itaparica, Lauro de Freitas, Madre de Deus,  Vera Cruz, Mata de São João,  Saubara, S. Sebastião do Passé,   Pojuca, Santo Amaro, Simões Filho, S.Francisco do Conde.\r\n'),
	(7,'Salvador e Região Metropolitana',5,26,'Salvador e Região Metropolitana'),
	(9,'Interior da Bahia',5,26,'Interior da Bahia'),
	(10,'Bahia',5,25,'Feira de Santana e Microrregião, Conceição do Coité, Conceição do Jacuípe, Capim Grosso, Campo Formoso, Castro Alves, Cruz das Almas, Ipirá, Itaberaba, Jacobina, Ribeira do Pombal, Senhor do Bonfim, Santo Amaro, Santaluz, Santo Antônio de Jesus, Santo Estevão, Santaluz, Serrinha e Valente.'),
	(11,'Nacional',5,17,'Salvador, Lauro de Freitas, Camaçari, Candeias, Dias D\' Ávila, Simões Filho, Alagoinhas, Catu, Pojuca, São Sebastião do Passé, Madre de Deus, Mata de São João, São Francisco do\r\nConde, Entre Rios, Esplanada, Acajutiba e Santo Amaro.'),
	(12,'Bahia - 02 à 29 Vidas',5,19,'FEIRA DE SANTANA: Feira de Santana, Água Fria, Amélia Rodrigues, Anguera, Antônio Cardoso, Araci, Baixa Grande, Biritinga, Conceição de Feira, Conceição do Jacuípe, Coração de Maria, Fátima, Ipecaetá, Ipirá, Irará, Itatim, Novo Triunfo, Pintadas, Piritiba, Quintino, Rafael Jambeiro, Santa Bárbara, Santanópolis, Santo Estevão, São Gonçalo dos Campos, Serrinha, Tapiramutá, Teofilândia, Terra Nova, Tucano.\r\n\r\nCHAPADA DE DIAMANTINA: Andaraí, Boa Vista do Tupim, Boninal, Bonito, Boquira, Érico Cardoso, Iaçu, Ibiquera, Ibitiara, Iraquara, Itaberaba, Itaeté, Lajedinho, Lençóis, Macajuba, Marcionílio Dias, Mucugê, Nova Redenção, Novo Horizonte, Palmeiras, Piatã, Ruy Barbosa, Seabra, Souto Soares, Tanque Novo, Utinga, Wagner. SISALEIRA: Candeal, Cansanção, Canudos, Capela do Alto Alegre, Conceição do Coité, Euclides da Cunha, Gavião, Ichú, Monte Santo, Nordestina, Nova Fátima, Pé de Serra, Queimadas, Retirolândia, Riachão do Jacuípe, Santa Luz, São Domingos, Serra Preta, Tanquinho, Valente.'),
	(13,'Bahia - 03 à 29 VIDAS ',5,19,'Feira de Santana\r\n'),
	(14,'Bahia e Minas Gerais',5,23,'Minas Gerais: Belo Horizonte e Contagem.\r\n\r\nBahia: Alagoinhas, Barreiras, Brumado, Camaçari, Candeias, Catu, Dias D\'Ávila, Eunápolis, Feira de Santana, Ilhéus, Itabuna, Itapetinga, Jequié, Lauro de Freitas, Mucuri, Pojuca, Porto Seguro, Salvador, Serrinha, Simões Filho, Teixeira de Freitas, Valença e Vitória da Consquista.\r\n'),
	(15,'Bahia',5,18,'Bahia'),
	(16,'Bahia',5,27,'Bahia'),
	(17,'MUNICÍPIO SALVADOR',5,4,'MUNICÍPIO SALVADOR'),
	(18,'Bahia',5,13,'Bahia'),
	(19,'BAHIA',5,16,'BAHIA');

/*!40000 ALTER TABLE `regioes` ENABLE KEYS */;
UNLOCK TABLES;


# Dump da tabela simulacoes
# ------------------------------------------------------------

DROP TABLE IF EXISTS `simulacoes`;

CREATE TABLE `simulacoes` (
  `id` int(11) unsigned NOT NULL AUTO_INCREMENT,
  `nome` varchar(100) NOT NULL DEFAULT '',
  `contato` varchar(100) NOT NULL,
  `email` varchar(200) NOT NULL,
  `faixa1` int(11) DEFAULT NULL,
  `faixa2` int(11) DEFAULT NULL,
  `faixa3` int(11) DEFAULT NULL,
  `faixa4` int(11) DEFAULT NULL,
  `faixa5` int(11) DEFAULT NULL,
  `faixa6` int(11) DEFAULT NULL,
  `faixa7` int(11) DEFAULT NULL,
  `faixa8` int(11) DEFAULT NULL,
  `faixa9` int(11) DEFAULT NULL,
  `faixa10` int(11) DEFAULT NULL,
  `data` timestamp NOT NULL DEFAULT CURRENT_TIMESTAMP,
  `telefone` int(11) DEFAULT NULL,
  `user_id` int(10) unsigned DEFAULT NULL,
  PRIMARY KEY (`id`),
  KEY `user_id` (`user_id`),
  CONSTRAINT `simulacoes_ibfk_1` FOREIGN KEY (`user_id`) REFERENCES `users` (`id`)
) ENGINE=InnoDB DEFAULT CHARSET=utf8;

LOCK TABLES `simulacoes` WRITE;
/*!40000 ALTER TABLE `simulacoes` DISABLE KEYS */;

INSERT INTO `simulacoes` (`id`, `nome`, `contato`, `email`, `faixa1`, `faixa2`, `faixa3`, `faixa4`, `faixa5`, `faixa6`, `faixa7`, `faixa8`, `faixa9`, `faixa10`, `data`, `telefone`, `user_id`)
VALUES
	(1,'Rodrigo','Rodrigo','rodrigo@gowebdesign.com.br',1,2,2,2,2,NULL,NULL,NULL,NULL,NULL,'2017-04-19 16:12:06',999999,1),
	(2,'Rodrigo','Rodrigo','rodrigo@gowebdesign.com.br',10,10,10,10,10,10,10,NULL,NULL,NULL,'2017-04-19 16:22:52',999999,1),
	(3,'COTACAO','EMPRESARIAL','',NULL,NULL,NULL,NULL,2,NULL,NULL,NULL,NULL,2,'2017-04-20 12:16:16',NULL,16),
	(4,'COTACAO','EMPRESARIAL','',NULL,NULL,NULL,NULL,2,NULL,NULL,NULL,NULL,2,'2017-04-20 12:16:18',NULL,16),
	(5,'LUIS HENRIQUE','LUIS','',NULL,NULL,NULL,1,NULL,NULL,NULL,NULL,NULL,2,'2017-04-20 15:45:06',NULL,17),
	(6,'Natuseg','Marcelo','',2,1,1,1,1,NULL,NULL,NULL,NULL,NULL,'2017-04-24 20:56:06',NULL,7),
	(7,'Natuseg','Marcelo','',2,1,1,1,1,NULL,NULL,NULL,NULL,NULL,'2017-04-24 20:56:17',NULL,7),
	(8,'Corpar','Fabio','fabio.piva@corretorparceiro.com.br',1,1,NULL,1,1,1,NULL,NULL,NULL,NULL,'2017-04-27 17:35:50',NULL,7),
	(9,'Corpar','Fabio','fabio.piva@corretorparceiro.com.br',1,1,NULL,1,1,1,NULL,NULL,NULL,NULL,'2017-04-27 17:39:25',NULL,NULL),
	(10,'Passo a passo','Gonzaga','',1,2,1,5,1,NULL,NULL,1,NULL,NULL,'2017-05-02 16:33:27',NULL,7),
	(11,'Rafaela Saldanha','Rafaela','',1,NULL,NULL,1,NULL,NULL,NULL,NULL,1,1,'2017-05-04 11:48:02',NULL,9),
	(12,'Franquia','Andre','',1,1,1,1,2,NULL,NULL,NULL,NULL,NULL,'2017-05-09 14:15:40',NULL,7),
	(13,'Natuseg','Marcelo','',1,NULL,NULL,1,1,NULL,NULL,NULL,NULL,NULL,'2017-05-18 15:56:07',NULL,7),
	(14,'Rodrigo','Rodrigo','rodrigo@gowebdesign.com.br',1,1,1,1,1,1,1,1,1,1,'2017-05-19 15:23:12',999999,1),
	(15,'Rosagarcia','Rosangela','rosangela.garcia@natuseg.com.br',1,1,1,1,1,1,1,1,1,1,'2017-05-19 17:11:46',NULL,19),
	(16,'Rosagarcia','Rosangela','rosangela.garcia@natuseg.com.br',1,1,1,1,1,1,1,1,1,1,'2017-05-19 17:12:01',NULL,19),
	(17,'Rosagarcia','Rosangela','rosangela.garcia@natuseg.com.br',1,1,1,1,1,1,1,1,1,1,'2017-05-19 17:12:27',NULL,19),
	(18,'Dom Pretto','Siomara','asmdpomaspdom',NULL,2,3,4,5,6,9,2,NULL,NULL,'2017-05-20 13:53:09',999999,1),
	(19,'Rosangela','Rosagarcia','rosangela.garcia@natuseg.com.br',1,1,1,1,1,1,1,1,1,1,'2017-05-22 15:17:05',NULL,19),
	(20,'Rosangela Garcia de Sousa','rosgarcia','rosangela.garcia@natuseg.com.br',1,1,1,1,1,1,1,1,1,NULL,'2017-05-22 16:47:49',NULL,19),
	(21,'Rosangela Garcia de Sousa','rosgarcia','rosangela.garcia@natuseg.com.br',1,1,1,1,1,1,1,1,1,NULL,'2017-05-22 16:47:51',NULL,19),
	(22,'Rosangela Garcia de Sousa','rosgarcia','rosangela.garcia@natuseg.com.br',1,1,1,1,1,1,1,1,1,NULL,'2017-05-22 16:48:10',NULL,19),
	(23,'Rosangela Garcia de Sousa','rosgarcia','rosangela.garcia@natuseg.com.br',1,1,1,1,1,1,1,1,1,NULL,'2017-05-22 16:48:13',NULL,19),
	(24,'Rosangela Garcia de Sousa','rosgarcia','rosangela.garcia@natuseg.com.br',1,1,1,1,1,1,1,1,1,NULL,'2017-05-22 16:48:16',NULL,19),
	(25,'Rosangela Garcia de Sousa','rosgarcia','rosangela.garcia@natuseg.com.br',1,1,1,1,1,1,1,1,1,NULL,'2017-05-22 16:48:32',NULL,19),
	(26,'tytdytyutyut','tyutyrutyuty','utyrutyruty',1,1,1,1,NULL,NULL,NULL,NULL,NULL,NULL,'2017-05-22 16:54:09',6576,19),
	(27,'tytdytyutyut','tyutyrutyuty','utyrutyruty',1,1,1,1,NULL,NULL,NULL,NULL,NULL,NULL,'2017-05-22 16:54:35',6576,19),
	(28,'Gilson Segurows\'','Gilson','',1,1,2,1,NULL,1,NULL,NULL,NULL,NULL,'2017-05-30 16:48:55',NULL,7),
	(29,'Gilson Segurows\'','Gilson','',1,1,2,1,NULL,1,NULL,NULL,NULL,NULL,'2017-05-30 16:49:00',NULL,7),
	(30,'Advocacia','Louise Barros','rosagarcia@live.com.pt',1,NULL,NULL,NULL,1,NULL,NULL,NULL,NULL,1,'2017-06-09 15:56:59',2147483647,19),
	(31,'Advocacia','Louise Barros','rosagarcia@live.com.pt',1,NULL,NULL,NULL,1,NULL,NULL,NULL,NULL,1,'2017-06-09 15:57:07',2147483647,19),
	(32,'CONDOMÍNIO TATTI MORENO','Tatti Moreno','',NULL,1,2,1,6,NULL,4,1,1,NULL,'2017-06-11 23:07:36',NULL,22),
	(33,'CONDOMÍNIO TATTI MORENO','Tatti Moreno','',NULL,1,2,1,6,NULL,4,1,1,NULL,'2017-06-11 23:08:02',NULL,22),
	(34,'CONDOMÍNIO TATTI MORENO','Tatti Moreno','',NULL,1,2,1,6,NULL,4,1,1,NULL,'2017-06-11 23:08:18',NULL,22),
	(35,'fernandes','fernandes','mmmm',2,1,1,11,NULL,NULL,NULL,NULL,NULL,NULL,'2017-06-12 18:11:42',NULL,7),
	(36,'Construtora Irmãos Leal Ltda','Ismael Neto','menezesn11@gmail.com',NULL,1,NULL,1,4,5,1,4,6,2,'2017-06-13 12:25:14',36451117,19),
	(37,'','','',NULL,NULL,1,NULL,1,1,NULL,NULL,NULL,NULL,'2017-06-14 12:03:23',NULL,23),
	(38,'09381624000170','','',NULL,1,NULL,1,NULL,NULL,NULL,NULL,1,3,'2017-06-14 16:53:48',NULL,24);

/*!40000 ALTER TABLE `simulacoes` ENABLE KEYS */;
UNLOCK TABLES;


# Dump da tabela simulacoes_tabelas
# ------------------------------------------------------------

DROP TABLE IF EXISTS `simulacoes_tabelas`;

CREATE TABLE `simulacoes_tabelas` (
  `id` int(11) unsigned NOT NULL AUTO_INCREMENT,
  `simulacao_id` int(11) unsigned NOT NULL,
  `tabela_id` int(11) unsigned NOT NULL,
  PRIMARY KEY (`id`),
  KEY `simulacao_id` (`simulacao_id`),
  KEY `tabela_id` (`tabela_id`),
  CONSTRAINT `simulacoes_tabelas_ibfk_1` FOREIGN KEY (`simulacao_id`) REFERENCES `simulacoes` (`id`),
  CONSTRAINT `simulacoes_tabelas_ibfk_2` FOREIGN KEY (`tabela_id`) REFERENCES `tabelas` (`id`)
) ENGINE=InnoDB DEFAULT CHARSET=utf8;

LOCK TABLES `simulacoes_tabelas` WRITE;
/*!40000 ALTER TABLE `simulacoes_tabelas` DISABLE KEYS */;

INSERT INTO `simulacoes_tabelas` (`id`, `simulacao_id`, `tabela_id`)
VALUES
	(1,1,5),
	(2,1,6),
	(3,1,8),
	(4,1,10),
	(5,1,11),
	(6,1,12),
	(7,1,13),
	(8,1,14),
	(9,1,23),
	(10,1,24),
	(11,1,25),
	(12,1,26),
	(13,1,27),
	(14,1,28),
	(15,1,29),
	(16,1,30),
	(17,1,31),
	(18,1,32),
	(19,1,33),
	(20,1,34),
	(21,1,35),
	(22,1,37),
	(23,1,38),
	(24,1,39),
	(25,1,40),
	(26,1,41),
	(27,1,42),
	(28,1,43),
	(29,1,49),
	(30,1,50),
	(31,1,51),
	(32,1,52),
	(33,1,53),
	(34,1,54),
	(35,1,56),
	(36,1,57),
	(37,1,58),
	(38,1,59),
	(39,1,60),
	(40,1,62),
	(41,1,63),
	(42,1,64),
	(43,1,65),
	(44,1,66),
	(45,1,67),
	(46,1,68),
	(47,1,69),
	(48,1,70),
	(49,1,71),
	(50,1,72),
	(51,1,73),
	(52,1,74),
	(53,1,75),
	(54,1,76),
	(55,1,77),
	(56,1,78),
	(57,1,79),
	(58,1,80),
	(59,1,81),
	(60,1,82),
	(61,1,88),
	(62,1,89),
	(63,1,90),
	(64,1,91),
	(65,1,92),
	(66,1,93),
	(67,1,94),
	(68,1,98),
	(69,1,99),
	(70,1,100),
	(71,1,101),
	(72,1,103),
	(73,1,104),
	(74,1,105),
	(75,1,106),
	(76,1,108),
	(77,1,109),
	(78,1,112),
	(79,1,113),
	(80,1,114),
	(81,1,115),
	(82,1,116),
	(83,1,117),
	(84,1,118),
	(85,1,119),
	(86,1,120),
	(87,1,121),
	(88,1,122),
	(89,1,123),
	(90,1,124),
	(91,1,125),
	(92,1,126),
	(93,1,127),
	(94,1,128),
	(95,1,129),
	(96,1,135),
	(97,1,136),
	(98,1,138),
	(99,1,139),
	(100,1,140),
	(101,1,142),
	(102,1,143),
	(103,1,144),
	(104,1,145),
	(105,1,146),
	(106,1,147),
	(107,1,156),
	(108,1,157),
	(109,1,158),
	(110,1,159),
	(111,1,160),
	(112,1,161),
	(113,1,162),
	(114,1,163),
	(115,1,164),
	(116,1,165),
	(117,1,166),
	(118,1,167),
	(119,1,168),
	(120,1,169),
	(121,1,170),
	(122,1,171),
	(123,1,172),
	(124,1,173),
	(125,1,175),
	(126,1,176),
	(127,1,177),
	(128,1,178),
	(129,1,179),
	(130,1,180),
	(131,1,183),
	(132,1,184),
	(133,1,185),
	(134,1,186),
	(135,1,187),
	(136,1,188),
	(137,1,189),
	(138,1,190),
	(139,1,191),
	(140,1,192),
	(141,1,193),
	(142,1,194),
	(143,1,195),
	(144,1,196),
	(145,1,197),
	(146,1,198),
	(147,1,199),
	(148,1,200),
	(149,1,201),
	(150,1,202),
	(151,1,203),
	(152,1,204),
	(153,1,205),
	(154,1,206),
	(155,1,207),
	(156,1,208),
	(157,1,209),
	(158,1,211),
	(159,1,213),
	(160,1,214),
	(161,1,216),
	(162,1,219),
	(163,1,224),
	(164,1,228),
	(165,1,232),
	(166,1,233),
	(167,1,235),
	(168,1,237),
	(169,1,239),
	(170,1,240),
	(171,1,241),
	(172,1,242),
	(173,1,243),
	(174,1,244),
	(175,1,245),
	(176,1,246),
	(177,1,247),
	(178,1,248),
	(179,1,250),
	(180,1,251),
	(181,1,252),
	(182,1,253),
	(183,1,256),
	(184,1,257),
	(185,1,259),
	(186,1,260),
	(187,1,263),
	(188,1,279),
	(189,1,280),
	(190,1,281),
	(191,1,282),
	(192,1,283),
	(193,1,284),
	(194,1,285),
	(195,1,286),
	(196,1,287),
	(197,1,288),
	(198,1,294),
	(199,1,295),
	(200,1,296),
	(201,1,297),
	(202,1,299),
	(203,1,300),
	(204,1,301),
	(205,1,302),
	(206,1,303),
	(207,1,304),
	(208,1,305),
	(209,1,306),
	(210,1,307),
	(211,1,308),
	(212,1,309),
	(213,1,310),
	(214,1,311),
	(215,1,312),
	(216,1,313),
	(217,1,314),
	(218,1,315),
	(219,1,317),
	(220,2,15),
	(221,2,16),
	(222,2,17),
	(223,2,18),
	(224,2,19),
	(225,2,20),
	(226,2,21),
	(227,2,22),
	(228,2,44),
	(229,2,46),
	(230,2,47),
	(231,2,48),
	(232,2,83),
	(233,2,84),
	(234,2,96),
	(235,2,97),
	(236,2,130),
	(237,2,131),
	(238,2,133),
	(239,2,134),
	(240,2,195),
	(241,2,196),
	(242,2,197),
	(243,2,198),
	(244,2,200),
	(245,2,201),
	(246,2,202),
	(247,2,203),
	(248,2,208),
	(249,2,209),
	(250,2,211),
	(251,2,214),
	(252,2,216),
	(253,2,255),
	(254,2,258),
	(255,2,262),
	(256,2,264),
	(257,2,266),
	(258,2,267),
	(259,2,268),
	(260,2,269),
	(261,2,274),
	(262,2,294),
	(263,2,295),
	(264,2,296),
	(265,2,297),
	(266,2,298),
	(267,2,318),
	(268,2,319),
	(269,2,320),
	(270,2,321),
	(271,2,322),
	(272,2,323),
	(273,2,324),
	(274,2,325),
	(275,2,326),
	(276,2,327),
	(277,2,328),
	(278,2,329),
	(279,3,5),
	(280,3,6),
	(281,3,8),
	(282,3,10),
	(283,3,11),
	(284,3,12),
	(285,3,13),
	(286,3,14),
	(287,3,23),
	(288,3,24),
	(289,3,25),
	(290,3,26),
	(291,3,27),
	(292,3,28),
	(293,3,29),
	(294,3,30),
	(295,3,31),
	(296,3,32),
	(297,3,33),
	(298,3,34),
	(299,3,35),
	(300,3,37),
	(301,3,38),
	(302,3,39),
	(303,3,40),
	(304,3,41),
	(305,3,42),
	(306,3,43),
	(307,3,49),
	(308,3,50),
	(309,3,51),
	(310,3,52),
	(311,3,53),
	(312,3,54),
	(313,3,56),
	(314,3,57),
	(315,3,58),
	(316,3,59),
	(317,3,60),
	(318,3,62),
	(319,3,63),
	(320,3,64),
	(321,3,65),
	(322,3,66),
	(323,3,67),
	(324,3,68),
	(325,3,69),
	(326,3,70),
	(327,3,71),
	(328,3,72),
	(329,3,73),
	(330,3,74),
	(331,3,75),
	(332,3,76),
	(333,3,77),
	(334,3,78),
	(335,3,79),
	(336,3,80),
	(337,3,81),
	(338,3,82),
	(339,3,88),
	(340,3,89),
	(341,3,90),
	(342,3,91),
	(343,3,92),
	(344,3,93),
	(345,3,94),
	(346,3,98),
	(347,3,99),
	(348,3,100),
	(349,3,101),
	(350,3,103),
	(351,3,104),
	(352,3,105),
	(353,3,106),
	(354,3,108),
	(355,3,109),
	(356,3,112),
	(357,3,113),
	(358,3,114),
	(359,3,115),
	(360,3,116),
	(361,3,117),
	(362,3,118),
	(363,3,119),
	(364,3,120),
	(365,3,121),
	(366,3,122),
	(367,3,123),
	(368,3,124),
	(369,3,125),
	(370,3,126),
	(371,3,127),
	(372,3,128),
	(373,3,129),
	(374,3,135),
	(375,3,136),
	(376,3,138),
	(377,3,139),
	(378,3,140),
	(379,3,142),
	(380,3,143),
	(381,3,144),
	(382,3,145),
	(383,3,146),
	(384,3,147),
	(385,3,156),
	(386,3,157),
	(387,3,158),
	(388,3,159),
	(389,3,160),
	(390,3,161),
	(391,3,162),
	(392,3,163),
	(393,3,164),
	(394,3,165),
	(395,3,166),
	(396,3,167),
	(397,3,168),
	(398,3,169),
	(399,3,170),
	(400,3,171),
	(401,3,172),
	(402,3,173),
	(403,3,175),
	(404,3,176),
	(405,3,177),
	(406,3,178),
	(407,3,179),
	(408,3,180),
	(409,3,183),
	(410,3,184),
	(411,3,185),
	(412,3,186),
	(413,3,187),
	(414,3,188),
	(415,3,189),
	(416,3,190),
	(417,3,191),
	(418,3,192),
	(419,3,193),
	(420,3,194),
	(421,3,195),
	(422,3,196),
	(423,3,197),
	(424,3,198),
	(425,3,199),
	(426,3,200),
	(427,3,201),
	(428,3,202),
	(429,3,203),
	(430,3,204),
	(431,3,205),
	(432,3,206),
	(433,3,207),
	(434,3,208),
	(435,3,209),
	(436,3,210),
	(437,3,211),
	(438,3,214),
	(439,3,216),
	(440,3,218),
	(441,3,223),
	(442,3,227),
	(443,3,232),
	(444,3,233),
	(445,3,235),
	(446,3,237),
	(447,3,239),
	(448,3,240),
	(449,3,241),
	(450,3,242),
	(451,3,243),
	(452,3,244),
	(453,3,245),
	(454,3,246),
	(455,3,247),
	(456,3,248),
	(457,3,250),
	(458,3,251),
	(459,3,252),
	(460,3,253),
	(461,3,256),
	(462,3,257),
	(463,3,259),
	(464,3,260),
	(465,3,263),
	(466,3,279),
	(467,3,280),
	(468,3,281),
	(469,3,282),
	(470,3,283),
	(471,3,284),
	(472,3,285),
	(473,3,286),
	(474,3,287),
	(475,3,288),
	(476,3,294),
	(477,3,295),
	(478,3,296),
	(479,3,297),
	(480,3,299),
	(481,3,300),
	(482,3,301),
	(483,3,302),
	(484,3,303),
	(485,3,304),
	(486,3,305),
	(487,3,306),
	(488,3,307),
	(489,3,308),
	(490,3,309),
	(491,3,310),
	(492,3,311),
	(493,3,312),
	(494,3,313),
	(495,3,314),
	(496,3,315),
	(497,3,317),
	(498,4,5),
	(499,4,6),
	(500,4,8),
	(501,4,10),
	(502,4,11),
	(503,4,12),
	(504,4,13),
	(505,4,14),
	(506,4,23),
	(507,4,24),
	(508,4,25),
	(509,4,26),
	(510,4,27),
	(511,4,28),
	(512,4,29),
	(513,4,30),
	(514,4,31),
	(515,4,32),
	(516,4,33),
	(517,4,34),
	(518,4,35),
	(519,4,37),
	(520,4,38),
	(521,4,39),
	(522,4,40),
	(523,4,41),
	(524,4,42),
	(525,4,43),
	(526,4,49),
	(527,4,50),
	(528,4,51),
	(529,4,52),
	(530,4,53),
	(531,4,54),
	(532,4,56),
	(533,4,57),
	(534,4,58),
	(535,4,59),
	(536,4,60),
	(537,4,62),
	(538,4,63),
	(539,4,64),
	(540,4,65),
	(541,4,66),
	(542,4,67),
	(543,4,68),
	(544,4,69),
	(545,4,70),
	(546,4,71),
	(547,4,72),
	(548,4,73),
	(549,4,74),
	(550,4,75),
	(551,4,76),
	(552,4,77),
	(553,4,78),
	(554,4,79),
	(555,4,80),
	(556,4,81),
	(557,4,82),
	(558,4,88),
	(559,4,89),
	(560,4,90),
	(561,4,91),
	(562,4,92),
	(563,4,93),
	(564,4,94),
	(565,4,98),
	(566,4,99),
	(567,4,100),
	(568,4,101),
	(569,4,103),
	(570,4,104),
	(571,4,105),
	(572,4,106),
	(573,4,108),
	(574,4,109),
	(575,4,112),
	(576,4,113),
	(577,4,114),
	(578,4,115),
	(579,4,116),
	(580,4,117),
	(581,4,118),
	(582,4,119),
	(583,4,120),
	(584,4,121),
	(585,4,122),
	(586,4,123),
	(587,4,124),
	(588,4,125),
	(589,4,126),
	(590,4,127),
	(591,4,128),
	(592,4,129),
	(593,4,135),
	(594,4,136),
	(595,4,138),
	(596,4,139),
	(597,4,140),
	(598,4,142),
	(599,4,143),
	(600,4,144),
	(601,4,145),
	(602,4,146),
	(603,4,147),
	(604,4,156),
	(605,4,157),
	(606,4,158),
	(607,4,159),
	(608,4,160),
	(609,4,161),
	(610,4,162),
	(611,4,163),
	(612,4,164),
	(613,4,165),
	(614,4,166),
	(615,4,167),
	(616,4,168),
	(617,4,169),
	(618,4,170),
	(619,4,171),
	(620,4,172),
	(621,4,173),
	(622,4,175),
	(623,4,176),
	(624,4,177),
	(625,4,178),
	(626,4,179),
	(627,4,180),
	(628,4,183),
	(629,4,184),
	(630,4,185),
	(631,4,186),
	(632,4,187),
	(633,4,188),
	(634,4,189),
	(635,4,190),
	(636,4,191),
	(637,4,192),
	(638,4,193),
	(639,4,194),
	(640,4,195),
	(641,4,196),
	(642,4,197),
	(643,4,198),
	(644,4,199),
	(645,4,200),
	(646,4,201),
	(647,4,202),
	(648,4,203),
	(649,4,204),
	(650,4,205),
	(651,4,206),
	(652,4,207),
	(653,4,208),
	(654,4,209),
	(655,4,210),
	(656,4,211),
	(657,4,214),
	(658,4,216),
	(659,4,218),
	(660,4,223),
	(661,4,227),
	(662,4,232),
	(663,4,233),
	(664,4,235),
	(665,4,237),
	(666,4,239),
	(667,4,240),
	(668,4,241),
	(669,4,242),
	(670,4,243),
	(671,4,244),
	(672,4,245),
	(673,4,246),
	(674,4,247),
	(675,4,248),
	(676,4,250),
	(677,4,251),
	(678,4,252),
	(679,4,253),
	(680,4,256),
	(681,4,257),
	(682,4,259),
	(683,4,260),
	(684,4,263),
	(685,4,279),
	(686,4,280),
	(687,4,281),
	(688,4,282),
	(689,4,283),
	(690,4,284),
	(691,4,285),
	(692,4,286),
	(693,4,287),
	(694,4,288),
	(695,4,294),
	(696,4,295),
	(697,4,296),
	(698,4,297),
	(699,4,299),
	(700,4,300),
	(701,4,301),
	(702,4,302),
	(703,4,303),
	(704,4,304),
	(705,4,305),
	(706,4,306),
	(707,4,307),
	(708,4,308),
	(709,4,309),
	(710,4,310),
	(711,4,311),
	(712,4,312),
	(713,4,313),
	(714,4,314),
	(715,4,315),
	(716,4,317),
	(717,5,5),
	(718,5,6),
	(719,5,8),
	(720,5,10),
	(721,5,11),
	(722,5,12),
	(723,5,13),
	(724,5,14),
	(725,5,23),
	(726,5,24),
	(727,5,25),
	(728,5,26),
	(729,5,32),
	(730,5,34),
	(731,5,38),
	(732,5,39),
	(733,5,58),
	(734,5,59),
	(735,5,60),
	(736,5,62),
	(737,5,63),
	(738,5,64),
	(739,5,65),
	(740,5,68),
	(741,5,88),
	(742,5,89),
	(743,5,90),
	(744,5,91),
	(745,5,92),
	(746,5,93),
	(747,5,94),
	(748,5,98),
	(749,5,99),
	(750,5,100),
	(751,5,101),
	(752,5,103),
	(753,5,104),
	(754,5,105),
	(755,5,106),
	(756,5,108),
	(757,5,109),
	(758,5,113),
	(759,5,114),
	(760,5,135),
	(761,5,136),
	(762,5,138),
	(763,5,139),
	(764,5,140),
	(765,5,142),
	(766,5,143),
	(767,5,144),
	(768,5,145),
	(769,5,146),
	(770,5,147),
	(771,5,156),
	(772,5,157),
	(773,5,158),
	(774,5,159),
	(775,5,160),
	(776,5,161),
	(777,5,162),
	(778,5,163),
	(779,5,164),
	(780,5,165),
	(781,5,166),
	(782,5,167),
	(783,5,168),
	(784,5,169),
	(785,5,170),
	(786,5,171),
	(787,5,172),
	(788,5,173),
	(789,5,175),
	(790,5,176),
	(791,5,177),
	(792,5,178),
	(793,5,179),
	(794,5,180),
	(795,5,183),
	(796,5,184),
	(797,5,185),
	(798,5,186),
	(799,5,187),
	(800,5,188),
	(801,5,189),
	(802,5,190),
	(803,5,191),
	(804,5,192),
	(805,5,193),
	(806,5,194),
	(807,5,195),
	(808,5,196),
	(809,5,197),
	(810,5,198),
	(811,5,199),
	(812,5,200),
	(813,5,201),
	(814,5,202),
	(815,5,203),
	(816,5,204),
	(817,5,205),
	(818,5,206),
	(819,5,207),
	(820,5,208),
	(821,5,209),
	(822,5,210),
	(823,5,211),
	(824,5,214),
	(825,5,216),
	(826,5,218),
	(827,5,223),
	(828,5,227),
	(829,5,232),
	(830,5,233),
	(831,5,235),
	(832,5,237),
	(833,5,239),
	(834,5,240),
	(835,5,241),
	(836,5,242),
	(837,5,243),
	(838,5,244),
	(839,5,245),
	(840,5,246),
	(841,5,247),
	(842,5,248),
	(843,5,279),
	(844,5,280),
	(845,5,281),
	(846,5,282),
	(847,5,283),
	(848,5,284),
	(849,5,285),
	(850,5,286),
	(851,5,287),
	(852,5,288),
	(853,5,294),
	(854,5,295),
	(855,5,296),
	(856,5,297),
	(857,5,299),
	(858,5,300),
	(859,5,301),
	(860,5,302),
	(861,5,303),
	(862,5,304),
	(863,5,305),
	(864,5,306),
	(865,5,307),
	(866,5,308),
	(867,5,309),
	(868,5,310),
	(869,5,311),
	(870,5,312),
	(871,5,313),
	(872,5,314),
	(873,5,315),
	(874,5,317),
	(875,6,5),
	(876,6,6),
	(877,6,8),
	(878,6,10),
	(879,6,11),
	(880,6,12),
	(881,6,13),
	(882,6,14),
	(883,6,23),
	(884,6,24),
	(885,6,25),
	(886,6,26),
	(887,6,27),
	(888,6,28),
	(889,6,29),
	(890,6,30),
	(891,6,31),
	(892,6,32),
	(893,6,33),
	(894,6,34),
	(895,6,35),
	(896,6,37),
	(897,6,38),
	(898,6,39),
	(899,6,40),
	(900,6,41),
	(901,6,42),
	(902,6,43),
	(903,6,49),
	(904,6,50),
	(905,6,51),
	(906,6,52),
	(907,6,53),
	(908,6,54),
	(909,6,56),
	(910,6,57),
	(911,6,58),
	(912,6,59),
	(913,6,60),
	(914,6,62),
	(915,6,63),
	(916,6,64),
	(917,6,65),
	(918,6,66),
	(919,6,67),
	(920,6,68),
	(921,6,69),
	(922,6,70),
	(923,6,71),
	(924,6,72),
	(925,6,73),
	(926,6,74),
	(927,6,75),
	(928,6,76),
	(929,6,77),
	(930,6,78),
	(931,6,79),
	(932,6,80),
	(933,6,81),
	(934,6,82),
	(935,6,88),
	(936,6,89),
	(937,6,90),
	(938,6,91),
	(939,6,92),
	(940,6,93),
	(941,6,94),
	(942,6,98),
	(943,6,99),
	(944,6,100),
	(945,6,101),
	(946,6,103),
	(947,6,104),
	(948,6,105),
	(949,6,106),
	(950,6,108),
	(951,6,109),
	(952,6,112),
	(953,6,113),
	(954,6,114),
	(955,6,115),
	(956,6,116),
	(957,6,117),
	(958,6,118),
	(959,6,119),
	(960,6,120),
	(961,6,121),
	(962,6,122),
	(963,6,123),
	(964,6,124),
	(965,6,125),
	(966,6,126),
	(967,6,127),
	(968,6,128),
	(969,6,129),
	(970,6,135),
	(971,6,136),
	(972,6,138),
	(973,6,139),
	(974,6,140),
	(975,6,142),
	(976,6,143),
	(977,6,144),
	(978,6,145),
	(979,6,146),
	(980,6,147),
	(981,6,156),
	(982,6,157),
	(983,6,158),
	(984,6,159),
	(985,6,160),
	(986,6,161),
	(987,6,162),
	(988,6,163),
	(989,6,164),
	(990,6,165),
	(991,6,166),
	(992,6,167),
	(993,6,168),
	(994,6,169),
	(995,6,170),
	(996,6,171),
	(997,6,172),
	(998,6,173),
	(999,6,175),
	(1000,6,176),
	(1001,6,177),
	(1002,6,178),
	(1003,6,179),
	(1004,6,180),
	(1005,6,183),
	(1006,6,184),
	(1007,6,185),
	(1008,6,186),
	(1009,6,187),
	(1010,6,188),
	(1011,6,189),
	(1012,6,190),
	(1013,6,191),
	(1014,6,192),
	(1015,6,193),
	(1016,6,194),
	(1017,6,195),
	(1018,6,196),
	(1019,6,197),
	(1020,6,198),
	(1021,6,199),
	(1022,6,200),
	(1023,6,201),
	(1024,6,202),
	(1025,6,203),
	(1026,6,204),
	(1027,6,205),
	(1028,6,206),
	(1029,6,207),
	(1030,6,208),
	(1031,6,209),
	(1032,6,210),
	(1033,6,211),
	(1034,6,214),
	(1035,6,216),
	(1036,6,218),
	(1037,6,223),
	(1038,6,227),
	(1039,6,232),
	(1040,6,233),
	(1041,6,235),
	(1042,6,237),
	(1043,6,239),
	(1044,6,240),
	(1045,6,241),
	(1046,6,242),
	(1047,6,243),
	(1048,6,244),
	(1049,6,245),
	(1050,6,246),
	(1051,6,247),
	(1052,6,248),
	(1053,6,250),
	(1054,6,251),
	(1055,6,252),
	(1056,6,253),
	(1057,6,256),
	(1058,6,257),
	(1059,6,259),
	(1060,6,260),
	(1061,6,263),
	(1062,6,279),
	(1063,6,280),
	(1064,6,281),
	(1065,6,282),
	(1066,6,283),
	(1067,6,284),
	(1068,6,285),
	(1069,6,286),
	(1070,6,287),
	(1071,6,288),
	(1072,6,294),
	(1073,6,295),
	(1074,6,296),
	(1075,6,297),
	(1076,6,299),
	(1077,6,300),
	(1078,6,301),
	(1079,6,302),
	(1080,6,303),
	(1081,6,304),
	(1082,6,305),
	(1083,6,306),
	(1084,6,307),
	(1085,6,308),
	(1086,6,309),
	(1087,6,310),
	(1088,6,311),
	(1089,6,312),
	(1090,6,313),
	(1091,6,314),
	(1092,6,315),
	(1093,6,317),
	(1094,7,5),
	(1095,7,6),
	(1096,7,8),
	(1097,7,10),
	(1098,7,11),
	(1099,7,12),
	(1100,7,13),
	(1101,7,14),
	(1102,7,23),
	(1103,7,24),
	(1104,7,25),
	(1105,7,26),
	(1106,7,27),
	(1107,7,28),
	(1108,7,29),
	(1109,7,30),
	(1110,7,31),
	(1111,7,32),
	(1112,7,33),
	(1113,7,34),
	(1114,7,35),
	(1115,7,37),
	(1116,7,38),
	(1117,7,39),
	(1118,7,40),
	(1119,7,41),
	(1120,7,42),
	(1121,7,43),
	(1122,7,49),
	(1123,7,50),
	(1124,7,51),
	(1125,7,52),
	(1126,7,53),
	(1127,7,54),
	(1128,7,56),
	(1129,7,57),
	(1130,7,58),
	(1131,7,59),
	(1132,7,60),
	(1133,7,62),
	(1134,7,63),
	(1135,7,64),
	(1136,7,65),
	(1137,7,66),
	(1138,7,67),
	(1139,7,68),
	(1140,7,69),
	(1141,7,70),
	(1142,7,71),
	(1143,7,72),
	(1144,7,73),
	(1145,7,74),
	(1146,7,75),
	(1147,7,76),
	(1148,7,77),
	(1149,7,78),
	(1150,7,79),
	(1151,7,80),
	(1152,7,81),
	(1153,7,82),
	(1154,7,88),
	(1155,7,89),
	(1156,7,90),
	(1157,7,91),
	(1158,7,92),
	(1159,7,93),
	(1160,7,94),
	(1161,7,98),
	(1162,7,99),
	(1163,7,100),
	(1164,7,101),
	(1165,7,103),
	(1166,7,104),
	(1167,7,105),
	(1168,7,106),
	(1169,7,108),
	(1170,7,109),
	(1171,7,112),
	(1172,7,113),
	(1173,7,114),
	(1174,7,115),
	(1175,7,116),
	(1176,7,117),
	(1177,7,118),
	(1178,7,119),
	(1179,7,120),
	(1180,7,121),
	(1181,7,122),
	(1182,7,123),
	(1183,7,124),
	(1184,7,125),
	(1185,7,126),
	(1186,7,127),
	(1187,7,128),
	(1188,7,129),
	(1189,7,135),
	(1190,7,136),
	(1191,7,138),
	(1192,7,139),
	(1193,7,140),
	(1194,7,142),
	(1195,7,143),
	(1196,7,144),
	(1197,7,145),
	(1198,7,146),
	(1199,7,147),
	(1200,7,156),
	(1201,7,157),
	(1202,7,158),
	(1203,7,159),
	(1204,7,160),
	(1205,7,161),
	(1206,7,162),
	(1207,7,163),
	(1208,7,164),
	(1209,7,165),
	(1210,7,166),
	(1211,7,167),
	(1212,7,168),
	(1213,7,169),
	(1214,7,170),
	(1215,7,171),
	(1216,7,172),
	(1217,7,173),
	(1218,7,175),
	(1219,7,176),
	(1220,7,177),
	(1221,7,178),
	(1222,7,179),
	(1223,7,180),
	(1224,7,183),
	(1225,7,184),
	(1226,7,185),
	(1227,7,186),
	(1228,7,187),
	(1229,7,188),
	(1230,7,189),
	(1231,7,190),
	(1232,7,191),
	(1233,7,192),
	(1234,7,193),
	(1235,7,194),
	(1236,7,195),
	(1237,7,196),
	(1238,7,197),
	(1239,7,198),
	(1240,7,199),
	(1241,7,200),
	(1242,7,201),
	(1243,7,202),
	(1244,7,203),
	(1245,7,204),
	(1246,7,205),
	(1247,7,206),
	(1248,7,207),
	(1249,7,208),
	(1250,7,209),
	(1251,7,210),
	(1252,7,211),
	(1253,7,214),
	(1254,7,216),
	(1255,7,218),
	(1256,7,223),
	(1257,7,227),
	(1258,7,232),
	(1259,7,233),
	(1260,7,235),
	(1261,7,237),
	(1262,7,239),
	(1263,7,240),
	(1264,7,241),
	(1265,7,242),
	(1266,7,243),
	(1267,7,244),
	(1268,7,245),
	(1269,7,246),
	(1270,7,247),
	(1271,7,248),
	(1272,7,250),
	(1273,7,251),
	(1274,7,252),
	(1275,7,253),
	(1276,7,256),
	(1277,7,257),
	(1278,7,259),
	(1279,7,260),
	(1280,7,263),
	(1281,7,279),
	(1282,7,280),
	(1283,7,281),
	(1284,7,282),
	(1285,7,283),
	(1286,7,284),
	(1287,7,285),
	(1288,7,286),
	(1289,7,287),
	(1290,7,288),
	(1291,7,294),
	(1292,7,295),
	(1293,7,296),
	(1294,7,297),
	(1295,7,299),
	(1296,7,300),
	(1297,7,301),
	(1298,7,302),
	(1299,7,303),
	(1300,7,304),
	(1301,7,305),
	(1302,7,306),
	(1303,7,307),
	(1304,7,308),
	(1305,7,309),
	(1306,7,310),
	(1307,7,311),
	(1308,7,312),
	(1309,7,313),
	(1310,7,314),
	(1311,7,315),
	(1312,7,317),
	(1313,8,5),
	(1314,8,6),
	(1315,8,8),
	(1316,8,10),
	(1317,8,11),
	(1318,8,12),
	(1319,8,13),
	(1320,8,14),
	(1321,8,23),
	(1322,8,24),
	(1323,8,25),
	(1324,8,26),
	(1325,8,27),
	(1326,8,28),
	(1327,8,29),
	(1328,8,30),
	(1329,8,31),
	(1330,8,32),
	(1331,8,33),
	(1332,8,34),
	(1333,8,35),
	(1334,8,37),
	(1335,8,38),
	(1336,8,39),
	(1337,8,40),
	(1338,8,41),
	(1339,8,42),
	(1340,8,43),
	(1341,8,49),
	(1342,8,50),
	(1343,8,51),
	(1344,8,52),
	(1345,8,53),
	(1346,8,54),
	(1347,8,56),
	(1348,8,57),
	(1349,8,58),
	(1350,8,59),
	(1351,8,60),
	(1352,8,62),
	(1353,8,63),
	(1354,8,64),
	(1355,8,65),
	(1356,8,66),
	(1357,8,67),
	(1358,8,68),
	(1359,8,69),
	(1360,8,70),
	(1361,8,71),
	(1362,8,72),
	(1363,8,73),
	(1364,8,74),
	(1365,8,75),
	(1366,8,76),
	(1367,8,77),
	(1368,8,78),
	(1369,8,79),
	(1370,8,80),
	(1371,8,81),
	(1372,8,82),
	(1373,8,88),
	(1374,8,89),
	(1375,8,90),
	(1376,8,91),
	(1377,8,92),
	(1378,8,93),
	(1379,8,94),
	(1380,8,98),
	(1381,8,99),
	(1382,8,100),
	(1383,8,101),
	(1384,8,103),
	(1385,8,104),
	(1386,8,105),
	(1387,8,106),
	(1388,8,108),
	(1389,8,109),
	(1390,8,112),
	(1391,8,113),
	(1392,8,114),
	(1393,8,115),
	(1394,8,116),
	(1395,8,117),
	(1396,8,118),
	(1397,8,119),
	(1398,8,120),
	(1399,8,121),
	(1400,8,122),
	(1401,8,123),
	(1402,8,124),
	(1403,8,125),
	(1404,8,126),
	(1405,8,127),
	(1406,8,128),
	(1407,8,129),
	(1408,8,135),
	(1409,8,136),
	(1410,8,138),
	(1411,8,139),
	(1412,8,140),
	(1413,8,142),
	(1414,8,143),
	(1415,8,144),
	(1416,8,145),
	(1417,8,146),
	(1418,8,147),
	(1419,8,156),
	(1420,8,157),
	(1421,8,158),
	(1422,8,159),
	(1423,8,160),
	(1424,8,161),
	(1425,8,162),
	(1426,8,163),
	(1427,8,164),
	(1428,8,165),
	(1429,8,166),
	(1430,8,167),
	(1431,8,168),
	(1432,8,169),
	(1433,8,170),
	(1434,8,171),
	(1435,8,172),
	(1436,8,173),
	(1437,8,175),
	(1438,8,176),
	(1439,8,177),
	(1440,8,178),
	(1441,8,179),
	(1442,8,180),
	(1443,8,183),
	(1444,8,184),
	(1445,8,185),
	(1446,8,186),
	(1447,8,187),
	(1448,8,188),
	(1449,8,189),
	(1450,8,190),
	(1451,8,191),
	(1452,8,192),
	(1453,8,193),
	(1454,8,194),
	(1455,8,195),
	(1456,8,196),
	(1457,8,197),
	(1458,8,198),
	(1459,8,199),
	(1460,8,200),
	(1461,8,201),
	(1462,8,202),
	(1463,8,203),
	(1464,8,204),
	(1465,8,205),
	(1466,8,206),
	(1467,8,207),
	(1468,8,208),
	(1469,8,209),
	(1470,8,210),
	(1471,8,211),
	(1472,8,214),
	(1473,8,216),
	(1474,8,218),
	(1475,8,223),
	(1476,8,227),
	(1477,8,232),
	(1478,8,233),
	(1479,8,235),
	(1480,8,237),
	(1481,8,239),
	(1482,8,240),
	(1483,8,241),
	(1484,8,242),
	(1485,8,243),
	(1486,8,244),
	(1487,8,245),
	(1488,8,246),
	(1489,8,247),
	(1490,8,248),
	(1491,8,250),
	(1492,8,251),
	(1493,8,252),
	(1494,8,253),
	(1495,8,256),
	(1496,8,257),
	(1497,8,259),
	(1498,8,260),
	(1499,8,263),
	(1500,8,279),
	(1501,8,280),
	(1502,8,281),
	(1503,8,282),
	(1504,8,283),
	(1505,8,284),
	(1506,8,285),
	(1507,8,286),
	(1508,8,287),
	(1509,8,288),
	(1510,8,294),
	(1511,8,295),
	(1512,8,296),
	(1513,8,297),
	(1514,8,299),
	(1515,8,300),
	(1516,8,301),
	(1517,8,302),
	(1518,8,303),
	(1519,8,304),
	(1520,8,305),
	(1521,8,306),
	(1522,8,307),
	(1523,8,308),
	(1524,8,309),
	(1525,8,310),
	(1526,8,311),
	(1527,8,312),
	(1528,8,313),
	(1529,8,314),
	(1530,8,315),
	(1531,8,317),
	(1532,10,5),
	(1533,10,6),
	(1534,10,8),
	(1535,10,10),
	(1536,10,11),
	(1537,10,12),
	(1538,10,13),
	(1539,10,14),
	(1540,10,23),
	(1541,10,24),
	(1542,10,25),
	(1543,10,26),
	(1544,10,27),
	(1545,10,28),
	(1546,10,29),
	(1547,10,30),
	(1548,10,31),
	(1549,10,32),
	(1550,10,33),
	(1551,10,34),
	(1552,10,35),
	(1553,10,37),
	(1554,10,38),
	(1555,10,39),
	(1556,10,40),
	(1557,10,41),
	(1558,10,42),
	(1559,10,43),
	(1560,10,49),
	(1561,10,50),
	(1562,10,51),
	(1563,10,52),
	(1564,10,53),
	(1565,10,54),
	(1566,10,56),
	(1567,10,57),
	(1568,10,58),
	(1569,10,59),
	(1570,10,60),
	(1571,10,62),
	(1572,10,63),
	(1573,10,64),
	(1574,10,65),
	(1575,10,66),
	(1576,10,67),
	(1577,10,68),
	(1578,10,69),
	(1579,10,70),
	(1580,10,71),
	(1581,10,72),
	(1582,10,73),
	(1583,10,74),
	(1584,10,75),
	(1585,10,76),
	(1586,10,77),
	(1587,10,78),
	(1588,10,79),
	(1589,10,80),
	(1590,10,81),
	(1591,10,82),
	(1592,10,88),
	(1593,10,89),
	(1594,10,90),
	(1595,10,91),
	(1596,10,92),
	(1597,10,93),
	(1598,10,94),
	(1599,10,98),
	(1600,10,99),
	(1601,10,100),
	(1602,10,101),
	(1603,10,103),
	(1604,10,104),
	(1605,10,105),
	(1606,10,106),
	(1607,10,108),
	(1608,10,109),
	(1609,10,112),
	(1610,10,113),
	(1611,10,114),
	(1612,10,115),
	(1613,10,116),
	(1614,10,117),
	(1615,10,118),
	(1616,10,119),
	(1617,10,120),
	(1618,10,121),
	(1619,10,122),
	(1620,10,123),
	(1621,10,124),
	(1622,10,125),
	(1623,10,126),
	(1624,10,127),
	(1625,10,128),
	(1626,10,129),
	(1627,10,135),
	(1628,10,136),
	(1629,10,138),
	(1630,10,139),
	(1631,10,140),
	(1632,10,142),
	(1633,10,143),
	(1634,10,144),
	(1635,10,145),
	(1636,10,146),
	(1637,10,147),
	(1638,10,156),
	(1639,10,157),
	(1640,10,158),
	(1641,10,159),
	(1642,10,160),
	(1643,10,161),
	(1644,10,162),
	(1645,10,163),
	(1646,10,164),
	(1647,10,165),
	(1648,10,166),
	(1649,10,167),
	(1650,10,168),
	(1651,10,169),
	(1652,10,170),
	(1653,10,171),
	(1654,10,172),
	(1655,10,173),
	(1656,10,175),
	(1657,10,176),
	(1658,10,177),
	(1659,10,178),
	(1660,10,179),
	(1661,10,180),
	(1662,10,183),
	(1663,10,184),
	(1664,10,185),
	(1665,10,186),
	(1666,10,187),
	(1667,10,188),
	(1668,10,189),
	(1669,10,190),
	(1670,10,191),
	(1671,10,192),
	(1672,10,193),
	(1673,10,194),
	(1674,10,195),
	(1675,10,196),
	(1676,10,197),
	(1677,10,198),
	(1678,10,199),
	(1679,10,200),
	(1680,10,201),
	(1681,10,202),
	(1682,10,203),
	(1683,10,204),
	(1684,10,205),
	(1685,10,206),
	(1686,10,207),
	(1687,10,208),
	(1688,10,209),
	(1689,10,211),
	(1690,10,213),
	(1691,10,214),
	(1692,10,216),
	(1693,10,219),
	(1694,10,225),
	(1695,10,230),
	(1696,10,232),
	(1697,10,233),
	(1698,10,235),
	(1699,10,237),
	(1700,10,239),
	(1701,10,240),
	(1702,10,241),
	(1703,10,242),
	(1704,10,243),
	(1705,10,244),
	(1706,10,245),
	(1707,10,246),
	(1708,10,247),
	(1709,10,248),
	(1710,10,271),
	(1711,10,272),
	(1712,10,273),
	(1713,10,275),
	(1714,10,277),
	(1715,10,278),
	(1716,10,279),
	(1717,10,280),
	(1718,10,281),
	(1719,10,282),
	(1720,10,283),
	(1721,10,284),
	(1722,10,285),
	(1723,10,286),
	(1724,10,287),
	(1725,10,288),
	(1726,10,289),
	(1727,10,291),
	(1728,10,292),
	(1729,10,294),
	(1730,10,295),
	(1731,10,296),
	(1732,10,297),
	(1733,10,299),
	(1734,10,300),
	(1735,10,301),
	(1736,10,302),
	(1737,10,303),
	(1738,10,304),
	(1739,10,305),
	(1740,10,306),
	(1741,10,307),
	(1742,10,308),
	(1743,10,309),
	(1744,10,310),
	(1745,10,311),
	(1746,10,312),
	(1747,10,313),
	(1748,10,314),
	(1749,10,315),
	(1750,10,317),
	(1751,11,5),
	(1752,11,6),
	(1753,11,8),
	(1754,11,10),
	(1755,11,11),
	(1756,11,12),
	(1757,11,13),
	(1758,11,14),
	(1759,11,23),
	(1760,11,24),
	(1761,11,25),
	(1762,11,26),
	(1763,11,27),
	(1764,11,28),
	(1765,11,29),
	(1766,11,30),
	(1767,11,31),
	(1768,11,32),
	(1769,11,33),
	(1770,11,34),
	(1771,11,35),
	(1772,11,37),
	(1773,11,38),
	(1774,11,39),
	(1775,11,40),
	(1776,11,41),
	(1777,11,42),
	(1778,11,43),
	(1779,11,49),
	(1780,11,50),
	(1781,11,51),
	(1782,11,52),
	(1783,11,53),
	(1784,11,54),
	(1785,11,56),
	(1786,11,57),
	(1787,11,58),
	(1788,11,59),
	(1789,11,60),
	(1790,11,62),
	(1791,11,63),
	(1792,11,64),
	(1793,11,65),
	(1794,11,66),
	(1795,11,67),
	(1796,11,68),
	(1797,11,69),
	(1798,11,70),
	(1799,11,71),
	(1800,11,72),
	(1801,11,73),
	(1802,11,74),
	(1803,11,75),
	(1804,11,76),
	(1805,11,77),
	(1806,11,78),
	(1807,11,79),
	(1808,11,80),
	(1809,11,81),
	(1810,11,82),
	(1811,11,88),
	(1812,11,89),
	(1813,11,90),
	(1814,11,91),
	(1815,11,92),
	(1816,11,93),
	(1817,11,94),
	(1818,11,98),
	(1819,11,99),
	(1820,11,100),
	(1821,11,101),
	(1822,11,103),
	(1823,11,104),
	(1824,11,105),
	(1825,11,106),
	(1826,11,108),
	(1827,11,109),
	(1828,11,112),
	(1829,11,113),
	(1830,11,114),
	(1831,11,115),
	(1832,11,116),
	(1833,11,117),
	(1834,11,118),
	(1835,11,119),
	(1836,11,120),
	(1837,11,121),
	(1838,11,122),
	(1839,11,123),
	(1840,11,124),
	(1841,11,125),
	(1842,11,126),
	(1843,11,127),
	(1844,11,128),
	(1845,11,129),
	(1846,11,135),
	(1847,11,136),
	(1848,11,138),
	(1849,11,139),
	(1850,11,140),
	(1851,11,142),
	(1852,11,143),
	(1853,11,144),
	(1854,11,145),
	(1855,11,146),
	(1856,11,147),
	(1857,11,156),
	(1858,11,157),
	(1859,11,158),
	(1860,11,159),
	(1861,11,160),
	(1862,11,161),
	(1863,11,162),
	(1864,11,163),
	(1865,11,164),
	(1866,11,165),
	(1867,11,166),
	(1868,11,167),
	(1869,11,168),
	(1870,11,169),
	(1871,11,170),
	(1872,11,171),
	(1873,11,172),
	(1874,11,173),
	(1875,11,175),
	(1876,11,176),
	(1877,11,177),
	(1878,11,178),
	(1879,11,179),
	(1880,11,180),
	(1881,11,183),
	(1882,11,184),
	(1883,11,185),
	(1884,11,186),
	(1885,11,187),
	(1886,11,188),
	(1887,11,189),
	(1888,11,190),
	(1889,11,191),
	(1890,11,192),
	(1891,11,193),
	(1892,11,194),
	(1893,11,195),
	(1894,11,196),
	(1895,11,197),
	(1896,11,198),
	(1897,11,199),
	(1898,11,200),
	(1899,11,201),
	(1900,11,202),
	(1901,11,203),
	(1902,11,204),
	(1903,11,205),
	(1904,11,206),
	(1905,11,207),
	(1906,11,208),
	(1907,11,209),
	(1908,11,210),
	(1909,11,211),
	(1910,11,214),
	(1911,11,216),
	(1912,11,218),
	(1913,11,223),
	(1914,11,227),
	(1915,11,232),
	(1916,11,233),
	(1917,11,235),
	(1918,11,237),
	(1919,11,239),
	(1920,11,240),
	(1921,11,241),
	(1922,11,242),
	(1923,11,243),
	(1924,11,244),
	(1925,11,245),
	(1926,11,246),
	(1927,11,247),
	(1928,11,248),
	(1929,11,250),
	(1930,11,251),
	(1931,11,252),
	(1932,11,253),
	(1933,11,256),
	(1934,11,257),
	(1935,11,259),
	(1936,11,260),
	(1937,11,263),
	(1938,11,279),
	(1939,11,280),
	(1940,11,281),
	(1941,11,282),
	(1942,11,283),
	(1943,11,284),
	(1944,11,285),
	(1945,11,286),
	(1946,11,287),
	(1947,11,288),
	(1948,11,294),
	(1949,11,295),
	(1950,11,296),
	(1951,11,297),
	(1952,11,299),
	(1953,11,300),
	(1954,11,301),
	(1955,11,302),
	(1956,11,303),
	(1957,11,304),
	(1958,11,305),
	(1959,11,306),
	(1960,11,307),
	(1961,11,308),
	(1962,11,309),
	(1963,11,310),
	(1964,11,311),
	(1965,11,312),
	(1966,11,313),
	(1967,11,314),
	(1968,11,315),
	(1969,11,317),
	(1970,12,5),
	(1971,12,6),
	(1972,12,8),
	(1973,12,10),
	(1974,12,11),
	(1975,12,12),
	(1976,12,13),
	(1977,12,14),
	(1978,12,23),
	(1979,12,24),
	(1980,12,25),
	(1981,12,26),
	(1982,12,27),
	(1983,12,28),
	(1984,12,29),
	(1985,12,30),
	(1986,12,31),
	(1987,12,32),
	(1988,12,33),
	(1989,12,34),
	(1990,12,35),
	(1991,12,37),
	(1992,12,38),
	(1993,12,39),
	(1994,12,40),
	(1995,12,41),
	(1996,12,42),
	(1997,12,43),
	(1998,12,49),
	(1999,12,50),
	(2000,12,51),
	(2001,12,52),
	(2002,12,53),
	(2003,12,54),
	(2004,12,56),
	(2005,12,57),
	(2006,12,58),
	(2007,12,59),
	(2008,12,60),
	(2009,12,62),
	(2010,12,63),
	(2011,12,64),
	(2012,12,65),
	(2013,12,66),
	(2014,12,67),
	(2015,12,68),
	(2016,12,69),
	(2017,12,70),
	(2018,12,71),
	(2019,12,72),
	(2020,12,73),
	(2021,12,74),
	(2022,12,75),
	(2023,12,76),
	(2024,12,77),
	(2025,12,78),
	(2026,12,79),
	(2027,12,80),
	(2028,12,81),
	(2029,12,82),
	(2030,12,88),
	(2031,12,89),
	(2032,12,90),
	(2033,12,91),
	(2034,12,92),
	(2035,12,93),
	(2036,12,94),
	(2037,12,98),
	(2038,12,99),
	(2039,12,100),
	(2040,12,101),
	(2041,12,103),
	(2042,12,104),
	(2043,12,105),
	(2044,12,106),
	(2045,12,108),
	(2046,12,109),
	(2047,12,112),
	(2048,12,113),
	(2049,12,114),
	(2050,12,115),
	(2051,12,116),
	(2052,12,117),
	(2053,12,118),
	(2054,12,119),
	(2055,12,120),
	(2056,12,121),
	(2057,12,122),
	(2058,12,123),
	(2059,12,124),
	(2060,12,125),
	(2061,12,126),
	(2062,12,127),
	(2063,12,128),
	(2064,12,129),
	(2065,12,135),
	(2066,12,136),
	(2067,12,138),
	(2068,12,139),
	(2069,12,140),
	(2070,12,142),
	(2071,12,143),
	(2072,12,144),
	(2073,12,145),
	(2074,12,146),
	(2075,12,147),
	(2076,12,156),
	(2077,12,157),
	(2078,12,158),
	(2079,12,159),
	(2080,12,160),
	(2081,12,161),
	(2082,12,162),
	(2083,12,163),
	(2084,12,164),
	(2085,12,165),
	(2086,12,166),
	(2087,12,167),
	(2088,12,168),
	(2089,12,169),
	(2090,12,170),
	(2091,12,171),
	(2092,12,172),
	(2093,12,173),
	(2094,12,175),
	(2095,12,176),
	(2096,12,177),
	(2097,12,178),
	(2098,12,179),
	(2099,12,180),
	(2100,12,183),
	(2101,12,184),
	(2102,12,185),
	(2103,12,186),
	(2104,12,187),
	(2105,12,188),
	(2106,12,189),
	(2107,12,190),
	(2108,12,191),
	(2109,12,192),
	(2110,12,193),
	(2111,12,194),
	(2112,12,195),
	(2113,12,196),
	(2114,12,197),
	(2115,12,198),
	(2116,12,199),
	(2117,12,200),
	(2118,12,201),
	(2119,12,202),
	(2120,12,203),
	(2121,12,204),
	(2122,12,205),
	(2123,12,206),
	(2124,12,207),
	(2125,12,208),
	(2126,12,209),
	(2127,12,210),
	(2128,12,211),
	(2129,12,214),
	(2130,12,216),
	(2131,12,218),
	(2132,12,223),
	(2133,12,227),
	(2134,12,232),
	(2135,12,233),
	(2136,12,235),
	(2137,12,237),
	(2138,12,239),
	(2139,12,240),
	(2140,12,241),
	(2141,12,242),
	(2142,12,243),
	(2143,12,244),
	(2144,12,245),
	(2145,12,246),
	(2146,12,247),
	(2147,12,248),
	(2148,12,250),
	(2149,12,251),
	(2150,12,252),
	(2151,12,253),
	(2152,12,256),
	(2153,12,257),
	(2154,12,259),
	(2155,12,260),
	(2156,12,263),
	(2157,12,279),
	(2158,12,280),
	(2159,12,281),
	(2160,12,282),
	(2161,12,283),
	(2162,12,284),
	(2163,12,285),
	(2164,12,286),
	(2165,12,287),
	(2166,12,288),
	(2167,12,294),
	(2168,12,295),
	(2169,12,296),
	(2170,12,297),
	(2171,12,299),
	(2172,12,300),
	(2173,12,301),
	(2174,12,302),
	(2175,12,303),
	(2176,12,304),
	(2177,12,305),
	(2178,12,306),
	(2179,12,307),
	(2180,12,308),
	(2181,12,309),
	(2182,12,310),
	(2183,12,311),
	(2184,12,312),
	(2185,12,313),
	(2186,12,314),
	(2187,12,315),
	(2188,12,317),
	(2189,13,5),
	(2190,13,6),
	(2191,13,8),
	(2192,13,10),
	(2193,13,11),
	(2194,13,12),
	(2195,13,13),
	(2196,13,14),
	(2197,13,23),
	(2198,13,24),
	(2199,13,25),
	(2200,13,26),
	(2201,13,32),
	(2202,13,34),
	(2203,13,38),
	(2204,13,39),
	(2205,13,58),
	(2206,13,59),
	(2207,13,60),
	(2208,13,62),
	(2209,13,63),
	(2210,13,64),
	(2211,13,65),
	(2212,13,68),
	(2213,13,88),
	(2214,13,89),
	(2215,13,90),
	(2216,13,91),
	(2217,13,92),
	(2218,13,93),
	(2219,13,94),
	(2220,13,98),
	(2221,13,99),
	(2222,13,100),
	(2223,13,101),
	(2224,13,103),
	(2225,13,104),
	(2226,13,105),
	(2227,13,106),
	(2228,13,108),
	(2229,13,109),
	(2230,13,113),
	(2231,13,114),
	(2232,13,135),
	(2233,13,136),
	(2234,13,138),
	(2235,13,139),
	(2236,13,140),
	(2237,13,142),
	(2238,13,143),
	(2239,13,144),
	(2240,13,145),
	(2241,13,146),
	(2242,13,147),
	(2243,13,156),
	(2244,13,157),
	(2245,13,158),
	(2246,13,159),
	(2247,13,160),
	(2248,13,161),
	(2249,13,162),
	(2250,13,163),
	(2251,13,164),
	(2252,13,165),
	(2253,13,166),
	(2254,13,167),
	(2255,13,168),
	(2256,13,169),
	(2257,13,170),
	(2258,13,171),
	(2259,13,172),
	(2260,13,173),
	(2261,13,175),
	(2262,13,176),
	(2263,13,177),
	(2264,13,178),
	(2265,13,179),
	(2266,13,180),
	(2267,13,183),
	(2268,13,184),
	(2269,13,185),
	(2270,13,186),
	(2271,13,187),
	(2272,13,188),
	(2273,13,189),
	(2274,13,190),
	(2275,13,191),
	(2276,13,192),
	(2277,13,193),
	(2278,13,194),
	(2279,13,195),
	(2280,13,196),
	(2281,13,197),
	(2282,13,198),
	(2283,13,199),
	(2284,13,200),
	(2285,13,201),
	(2286,13,202),
	(2287,13,203),
	(2288,13,204),
	(2289,13,205),
	(2290,13,206),
	(2291,13,207),
	(2292,13,208),
	(2293,13,209),
	(2294,13,210),
	(2295,13,211),
	(2296,13,214),
	(2297,13,216),
	(2298,13,218),
	(2299,13,223),
	(2300,13,227),
	(2301,13,232),
	(2302,13,233),
	(2303,13,235),
	(2304,13,237),
	(2305,13,239),
	(2306,13,240),
	(2307,13,241),
	(2308,13,242),
	(2309,13,243),
	(2310,13,244),
	(2311,13,245),
	(2312,13,246),
	(2313,13,247),
	(2314,13,248),
	(2315,13,279),
	(2316,13,280),
	(2317,13,281),
	(2318,13,282),
	(2319,13,283),
	(2320,13,284),
	(2321,13,285),
	(2322,13,286),
	(2323,13,287),
	(2324,13,288),
	(2325,13,294),
	(2326,13,295),
	(2327,13,296),
	(2328,13,297),
	(2329,13,299),
	(2330,13,300),
	(2331,13,301),
	(2332,13,302),
	(2333,13,303),
	(2334,13,304),
	(2335,13,305),
	(2336,13,306),
	(2337,13,307),
	(2338,13,308),
	(2339,13,309),
	(2340,13,310),
	(2341,13,311),
	(2342,13,312),
	(2343,13,313),
	(2344,13,314),
	(2345,13,315),
	(2346,13,317),
	(2347,14,5),
	(2348,14,6),
	(2349,14,8),
	(2350,14,10),
	(2351,14,11),
	(2352,14,12),
	(2353,14,13),
	(2354,14,14),
	(2355,14,23),
	(2356,14,24),
	(2357,14,25),
	(2358,14,26),
	(2359,14,27),
	(2360,14,28),
	(2361,14,29),
	(2362,14,30),
	(2363,14,31),
	(2364,14,32),
	(2365,14,33),
	(2366,14,34),
	(2367,14,35),
	(2368,14,37),
	(2369,14,38),
	(2370,14,39),
	(2371,14,40),
	(2372,14,41),
	(2373,14,42),
	(2374,14,43),
	(2375,14,49),
	(2376,14,50),
	(2377,14,51),
	(2378,14,52),
	(2379,14,53),
	(2380,14,54),
	(2381,14,56),
	(2382,14,57),
	(2383,14,58),
	(2384,14,59),
	(2385,14,60),
	(2386,14,62),
	(2387,14,63),
	(2388,14,64),
	(2389,14,65),
	(2390,14,66),
	(2391,14,67),
	(2392,14,68),
	(2393,14,69),
	(2394,14,70),
	(2395,14,71),
	(2396,14,72),
	(2397,14,73),
	(2398,14,74),
	(2399,14,75),
	(2400,14,76),
	(2401,14,77),
	(2402,14,78),
	(2403,14,79),
	(2404,14,80),
	(2405,14,81),
	(2406,14,82),
	(2407,14,88),
	(2408,14,89),
	(2409,14,90),
	(2410,14,91),
	(2411,14,92),
	(2412,14,93),
	(2413,14,94),
	(2414,14,98),
	(2415,14,99),
	(2416,14,100),
	(2417,14,101),
	(2418,14,103),
	(2419,14,104),
	(2420,14,105),
	(2421,14,106),
	(2422,14,108),
	(2423,14,109),
	(2424,14,112),
	(2425,14,113),
	(2426,14,114),
	(2427,14,115),
	(2428,14,116),
	(2429,14,117),
	(2430,14,118),
	(2431,14,119),
	(2432,14,120),
	(2433,14,121),
	(2434,14,122),
	(2435,14,123),
	(2436,14,124),
	(2437,14,125),
	(2438,14,126),
	(2439,14,127),
	(2440,14,128),
	(2441,14,129),
	(2442,14,135),
	(2443,14,136),
	(2444,14,138),
	(2445,14,139),
	(2446,14,140),
	(2447,14,142),
	(2448,14,143),
	(2449,14,144),
	(2450,14,145),
	(2451,14,146),
	(2452,14,147),
	(2453,14,156),
	(2454,14,157),
	(2455,14,158),
	(2456,14,159),
	(2457,14,160),
	(2458,14,161),
	(2459,14,162),
	(2460,14,163),
	(2461,14,164),
	(2462,14,165),
	(2463,14,166),
	(2464,14,167),
	(2465,14,168),
	(2466,14,169),
	(2467,14,170),
	(2468,14,171),
	(2469,14,172),
	(2470,14,173),
	(2471,14,175),
	(2472,14,176),
	(2473,14,177),
	(2474,14,178),
	(2475,14,179),
	(2476,14,180),
	(2477,14,183),
	(2478,14,184),
	(2479,14,185),
	(2480,14,186),
	(2481,14,187),
	(2482,14,188),
	(2483,14,189),
	(2484,14,190),
	(2485,14,191),
	(2486,14,192),
	(2487,14,193),
	(2488,14,194),
	(2489,14,195),
	(2490,14,196),
	(2491,14,197),
	(2492,14,198),
	(2493,14,199),
	(2494,14,200),
	(2495,14,201),
	(2496,14,202),
	(2497,14,203),
	(2498,14,204),
	(2499,14,205),
	(2500,14,206),
	(2501,14,207),
	(2502,14,208),
	(2503,14,209),
	(2504,14,211),
	(2505,14,213),
	(2506,14,214),
	(2507,14,216),
	(2508,14,219),
	(2509,14,224),
	(2510,14,228),
	(2511,14,232),
	(2512,14,233),
	(2513,14,235),
	(2514,14,237),
	(2515,14,239),
	(2516,14,240),
	(2517,14,241),
	(2518,14,242),
	(2519,14,243),
	(2520,14,244),
	(2521,14,245),
	(2522,14,246),
	(2523,14,247),
	(2524,14,248),
	(2525,14,271),
	(2526,14,272),
	(2527,14,273),
	(2528,14,275),
	(2529,14,277),
	(2530,14,278),
	(2531,14,279),
	(2532,14,280),
	(2533,14,281),
	(2534,14,282),
	(2535,14,283),
	(2536,14,284),
	(2537,14,285),
	(2538,14,286),
	(2539,14,287),
	(2540,14,288),
	(2541,14,289),
	(2542,14,291),
	(2543,14,292),
	(2544,14,294),
	(2545,14,295),
	(2546,14,296),
	(2547,14,297),
	(2548,14,299),
	(2549,14,300),
	(2550,14,301),
	(2551,14,302),
	(2552,14,303),
	(2553,14,304),
	(2554,14,305),
	(2555,14,306),
	(2556,14,307),
	(2557,14,308),
	(2558,14,309),
	(2559,14,310),
	(2560,14,311),
	(2561,14,312),
	(2562,14,313),
	(2563,14,314),
	(2564,14,315),
	(2565,14,317),
	(2566,15,5),
	(2567,15,6),
	(2568,15,8),
	(2569,15,10),
	(2570,15,11),
	(2571,15,12),
	(2572,15,13),
	(2573,15,14),
	(2574,15,23),
	(2575,15,24),
	(2576,15,25),
	(2577,15,26),
	(2578,15,27),
	(2579,15,28),
	(2580,15,29),
	(2581,15,30),
	(2582,15,31),
	(2583,15,32),
	(2584,15,33),
	(2585,15,34),
	(2586,15,35),
	(2587,15,37),
	(2588,15,38),
	(2589,15,39),
	(2590,15,40),
	(2591,15,41),
	(2592,15,42),
	(2593,15,43),
	(2594,15,49),
	(2595,15,50),
	(2596,15,51),
	(2597,15,52),
	(2598,15,53),
	(2599,15,54),
	(2600,15,56),
	(2601,15,57),
	(2602,15,58),
	(2603,15,59),
	(2604,15,60),
	(2605,15,62),
	(2606,15,63),
	(2607,15,64),
	(2608,15,65),
	(2609,15,66),
	(2610,15,67),
	(2611,15,68),
	(2612,15,69),
	(2613,15,70),
	(2614,15,71),
	(2615,15,72),
	(2616,15,73),
	(2617,15,74),
	(2618,15,75),
	(2619,15,76),
	(2620,15,77),
	(2621,15,78),
	(2622,15,79),
	(2623,15,80),
	(2624,15,81),
	(2625,15,82),
	(2626,15,88),
	(2627,15,89),
	(2628,15,90),
	(2629,15,91),
	(2630,15,92),
	(2631,15,93),
	(2632,15,94),
	(2633,15,98),
	(2634,15,99),
	(2635,15,100),
	(2636,15,101),
	(2637,15,103),
	(2638,15,104),
	(2639,15,105),
	(2640,15,106),
	(2641,15,108),
	(2642,15,109),
	(2643,15,112),
	(2644,15,113),
	(2645,15,114),
	(2646,15,115),
	(2647,15,116),
	(2648,15,117),
	(2649,15,118),
	(2650,15,119),
	(2651,15,120),
	(2652,15,121),
	(2653,15,122),
	(2654,15,123),
	(2655,15,124),
	(2656,15,125),
	(2657,15,126),
	(2658,15,127),
	(2659,15,128),
	(2660,15,129),
	(2661,15,135),
	(2662,15,136),
	(2663,15,138),
	(2664,15,139),
	(2665,15,140),
	(2666,15,142),
	(2667,15,143),
	(2668,15,144),
	(2669,15,145),
	(2670,15,146),
	(2671,15,147),
	(2672,15,156),
	(2673,15,157),
	(2674,15,158),
	(2675,15,159),
	(2676,15,160),
	(2677,15,161),
	(2678,15,162),
	(2679,15,163),
	(2680,15,164),
	(2681,15,165),
	(2682,15,166),
	(2683,15,167),
	(2684,15,168),
	(2685,15,169),
	(2686,15,170),
	(2687,15,171),
	(2688,15,172),
	(2689,15,173),
	(2690,15,175),
	(2691,15,176),
	(2692,15,177),
	(2693,15,178),
	(2694,15,179),
	(2695,15,180),
	(2696,15,183),
	(2697,15,184),
	(2698,15,185),
	(2699,15,186),
	(2700,15,187),
	(2701,15,188),
	(2702,15,189),
	(2703,15,190),
	(2704,15,191),
	(2705,15,192),
	(2706,15,193),
	(2707,15,194),
	(2708,15,195),
	(2709,15,196),
	(2710,15,197),
	(2711,15,198),
	(2712,15,199),
	(2713,15,200),
	(2714,15,201),
	(2715,15,202),
	(2716,15,203),
	(2717,15,204),
	(2718,15,205),
	(2719,15,206),
	(2720,15,207),
	(2721,15,208),
	(2722,15,209),
	(2723,15,211),
	(2724,15,213),
	(2725,15,214),
	(2726,15,216),
	(2727,15,219),
	(2728,15,224),
	(2729,15,228),
	(2730,15,232),
	(2731,15,233),
	(2732,15,235),
	(2733,15,237),
	(2734,15,239),
	(2735,15,240),
	(2736,15,241),
	(2737,15,242),
	(2738,15,243),
	(2739,15,244),
	(2740,15,245),
	(2741,15,246),
	(2742,15,247),
	(2743,15,248),
	(2744,15,271),
	(2745,15,272),
	(2746,15,273),
	(2747,15,275),
	(2748,15,277),
	(2749,15,278),
	(2750,15,279),
	(2751,15,280),
	(2752,15,281),
	(2753,15,282),
	(2754,15,283),
	(2755,15,284),
	(2756,15,285),
	(2757,15,286),
	(2758,15,287),
	(2759,15,288),
	(2760,15,289),
	(2761,15,291),
	(2762,15,292),
	(2763,15,294),
	(2764,15,295),
	(2765,15,296),
	(2766,15,297),
	(2767,15,299),
	(2768,15,300),
	(2769,15,301),
	(2770,15,302),
	(2771,15,303),
	(2772,15,304),
	(2773,15,305),
	(2774,15,306),
	(2775,15,307),
	(2776,15,308),
	(2777,15,309),
	(2778,15,310),
	(2779,15,311),
	(2780,15,312),
	(2781,15,313),
	(2782,15,314),
	(2783,15,315),
	(2784,15,317),
	(2785,16,5),
	(2786,16,6),
	(2787,16,8),
	(2788,16,10),
	(2789,16,11),
	(2790,16,12),
	(2791,16,13),
	(2792,16,14),
	(2793,16,23),
	(2794,16,24),
	(2795,16,25),
	(2796,16,26),
	(2797,16,27),
	(2798,16,28),
	(2799,16,29),
	(2800,16,30),
	(2801,16,31),
	(2802,16,32),
	(2803,16,33),
	(2804,16,34),
	(2805,16,35),
	(2806,16,37),
	(2807,16,38),
	(2808,16,39),
	(2809,16,40),
	(2810,16,41),
	(2811,16,42),
	(2812,16,43),
	(2813,16,49),
	(2814,16,50),
	(2815,16,51),
	(2816,16,52),
	(2817,16,53),
	(2818,16,54),
	(2819,16,56),
	(2820,16,57),
	(2821,16,58),
	(2822,16,59),
	(2823,16,60),
	(2824,16,62),
	(2825,16,63),
	(2826,16,64),
	(2827,16,65),
	(2828,16,66),
	(2829,16,67),
	(2830,16,68),
	(2831,16,69),
	(2832,16,70),
	(2833,16,71),
	(2834,16,72),
	(2835,16,73),
	(2836,16,74),
	(2837,16,75),
	(2838,16,76),
	(2839,16,77),
	(2840,16,78),
	(2841,16,79),
	(2842,16,80),
	(2843,16,81),
	(2844,16,82),
	(2845,16,88),
	(2846,16,89),
	(2847,16,90),
	(2848,16,91),
	(2849,16,92),
	(2850,16,93),
	(2851,16,94),
	(2852,16,98),
	(2853,16,99),
	(2854,16,100),
	(2855,16,101),
	(2856,16,103),
	(2857,16,104),
	(2858,16,105),
	(2859,16,106),
	(2860,16,108),
	(2861,16,109),
	(2862,16,112),
	(2863,16,113),
	(2864,16,114),
	(2865,16,115),
	(2866,16,116),
	(2867,16,117),
	(2868,16,118),
	(2869,16,119),
	(2870,16,120),
	(2871,16,121),
	(2872,16,122),
	(2873,16,123),
	(2874,16,124),
	(2875,16,125),
	(2876,16,126),
	(2877,16,127),
	(2878,16,128),
	(2879,16,129),
	(2880,16,135),
	(2881,16,136),
	(2882,16,138),
	(2883,16,139),
	(2884,16,140),
	(2885,16,142),
	(2886,16,143),
	(2887,16,144),
	(2888,16,145),
	(2889,16,146),
	(2890,16,147),
	(2891,16,156),
	(2892,16,157),
	(2893,16,158),
	(2894,16,159),
	(2895,16,160),
	(2896,16,161),
	(2897,16,162),
	(2898,16,163),
	(2899,16,164),
	(2900,16,165),
	(2901,16,166),
	(2902,16,167),
	(2903,16,168),
	(2904,16,169),
	(2905,16,170),
	(2906,16,171),
	(2907,16,172),
	(2908,16,173),
	(2909,16,175),
	(2910,16,176),
	(2911,16,177),
	(2912,16,178),
	(2913,16,179),
	(2914,16,180),
	(2915,16,183),
	(2916,16,184),
	(2917,16,185),
	(2918,16,186),
	(2919,16,187),
	(2920,16,188),
	(2921,16,189),
	(2922,16,190),
	(2923,16,191),
	(2924,16,192),
	(2925,16,193),
	(2926,16,194),
	(2927,16,195),
	(2928,16,196),
	(2929,16,197),
	(2930,16,198),
	(2931,16,199),
	(2932,16,200),
	(2933,16,201),
	(2934,16,202),
	(2935,16,203),
	(2936,16,204),
	(2937,16,205),
	(2938,16,206),
	(2939,16,207),
	(2940,16,208),
	(2941,16,209),
	(2942,16,211),
	(2943,16,213),
	(2944,16,214),
	(2945,16,216),
	(2946,16,219),
	(2947,16,224),
	(2948,16,228),
	(2949,16,232),
	(2950,16,233),
	(2951,16,235),
	(2952,16,237),
	(2953,16,239),
	(2954,16,240),
	(2955,16,241),
	(2956,16,242),
	(2957,16,243),
	(2958,16,244),
	(2959,16,245),
	(2960,16,246),
	(2961,16,247),
	(2962,16,248),
	(2963,16,271),
	(2964,16,272),
	(2965,16,273),
	(2966,16,275),
	(2967,16,277),
	(2968,16,278),
	(2969,16,279),
	(2970,16,280),
	(2971,16,281),
	(2972,16,282),
	(2973,16,283),
	(2974,16,284),
	(2975,16,285),
	(2976,16,286),
	(2977,16,287),
	(2978,16,288),
	(2979,16,289),
	(2980,16,291),
	(2981,16,292),
	(2982,16,294),
	(2983,16,295),
	(2984,16,296),
	(2985,16,297),
	(2986,16,299),
	(2987,16,300),
	(2988,16,301),
	(2989,16,302),
	(2990,16,303),
	(2991,16,304),
	(2992,16,305),
	(2993,16,306),
	(2994,16,307),
	(2995,16,308),
	(2996,16,309),
	(2997,16,310),
	(2998,16,311),
	(2999,16,312),
	(3000,16,313),
	(3001,16,314),
	(3002,16,315),
	(3003,16,317),
	(3004,17,5),
	(3005,17,6),
	(3006,17,8),
	(3007,17,10),
	(3008,17,11),
	(3009,17,12),
	(3010,17,13),
	(3011,17,14),
	(3012,17,23),
	(3013,17,24),
	(3014,17,25),
	(3015,17,26),
	(3016,17,27),
	(3017,17,28),
	(3018,17,29),
	(3019,17,30),
	(3020,17,31),
	(3021,17,32),
	(3022,17,33),
	(3023,17,34),
	(3024,17,35),
	(3025,17,37),
	(3026,17,38),
	(3027,17,39),
	(3028,17,40),
	(3029,17,41),
	(3030,17,42),
	(3031,17,43),
	(3032,17,49),
	(3033,17,50),
	(3034,17,51),
	(3035,17,52),
	(3036,17,53),
	(3037,17,54),
	(3038,17,56),
	(3039,17,57),
	(3040,17,58),
	(3041,17,59),
	(3042,17,60),
	(3043,17,62),
	(3044,17,63),
	(3045,17,64),
	(3046,17,65),
	(3047,17,66),
	(3048,17,67),
	(3049,17,68),
	(3050,17,69),
	(3051,17,70),
	(3052,17,71),
	(3053,17,72),
	(3054,17,73),
	(3055,17,74),
	(3056,17,75),
	(3057,17,76),
	(3058,17,77),
	(3059,17,78),
	(3060,17,79),
	(3061,17,80),
	(3062,17,81),
	(3063,17,82),
	(3064,17,88),
	(3065,17,89),
	(3066,17,90),
	(3067,17,91),
	(3068,17,92),
	(3069,17,93),
	(3070,17,94),
	(3071,17,98),
	(3072,17,99),
	(3073,17,100),
	(3074,17,101),
	(3075,17,103),
	(3076,17,104),
	(3077,17,105),
	(3078,17,106),
	(3079,17,108),
	(3080,17,109),
	(3081,17,112),
	(3082,17,113),
	(3083,17,114),
	(3084,17,115),
	(3085,17,116),
	(3086,17,117),
	(3087,17,118),
	(3088,17,119),
	(3089,17,120),
	(3090,17,121),
	(3091,17,122),
	(3092,17,123),
	(3093,17,124),
	(3094,17,125),
	(3095,17,126),
	(3096,17,127),
	(3097,17,128),
	(3098,17,129),
	(3099,17,135),
	(3100,17,136),
	(3101,17,138),
	(3102,17,139),
	(3103,17,140),
	(3104,17,142),
	(3105,17,143),
	(3106,17,144),
	(3107,17,145),
	(3108,17,146),
	(3109,17,147),
	(3110,17,156),
	(3111,17,157),
	(3112,17,158),
	(3113,17,159),
	(3114,17,160),
	(3115,17,161),
	(3116,17,162),
	(3117,17,163),
	(3118,17,164),
	(3119,17,165),
	(3120,17,166),
	(3121,17,167),
	(3122,17,168),
	(3123,17,169),
	(3124,17,170),
	(3125,17,171),
	(3126,17,172),
	(3127,17,173),
	(3128,17,175),
	(3129,17,176),
	(3130,17,177),
	(3131,17,178),
	(3132,17,179),
	(3133,17,180),
	(3134,17,183),
	(3135,17,184),
	(3136,17,185),
	(3137,17,186),
	(3138,17,187),
	(3139,17,188),
	(3140,17,189),
	(3141,17,190),
	(3142,17,191),
	(3143,17,192),
	(3144,17,193),
	(3145,17,194),
	(3146,17,195),
	(3147,17,196),
	(3148,17,197),
	(3149,17,198),
	(3150,17,199),
	(3151,17,200),
	(3152,17,201),
	(3153,17,202),
	(3154,17,203),
	(3155,17,204),
	(3156,17,205),
	(3157,17,206),
	(3158,17,207),
	(3159,17,208),
	(3160,17,209),
	(3161,17,211),
	(3162,17,213),
	(3163,17,214),
	(3164,17,216),
	(3165,17,219),
	(3166,17,224),
	(3167,17,228),
	(3168,17,232),
	(3169,17,233),
	(3170,17,235),
	(3171,17,237),
	(3172,17,239),
	(3173,17,240),
	(3174,17,241),
	(3175,17,242),
	(3176,17,243),
	(3177,17,244),
	(3178,17,245),
	(3179,17,246),
	(3180,17,247),
	(3181,17,248),
	(3182,17,271),
	(3183,17,272),
	(3184,17,273),
	(3185,17,275),
	(3186,17,277),
	(3187,17,278),
	(3188,17,279),
	(3189,17,280),
	(3190,17,281),
	(3191,17,282),
	(3192,17,283),
	(3193,17,284),
	(3194,17,285),
	(3195,17,286),
	(3196,17,287),
	(3197,17,288),
	(3198,17,289),
	(3199,17,291),
	(3200,17,292),
	(3201,17,294),
	(3202,17,295),
	(3203,17,296),
	(3204,17,297),
	(3205,17,299),
	(3206,17,300),
	(3207,17,301),
	(3208,17,302),
	(3209,17,303),
	(3210,17,304),
	(3211,17,305),
	(3212,17,306),
	(3213,17,307),
	(3214,17,308),
	(3215,17,309),
	(3216,17,310),
	(3217,17,311),
	(3218,17,312),
	(3219,17,313),
	(3220,17,314),
	(3221,17,315),
	(3222,17,317),
	(3223,18,15),
	(3224,18,16),
	(3225,18,17),
	(3226,18,18),
	(3227,18,19),
	(3228,18,20),
	(3229,18,21),
	(3230,18,22),
	(3231,18,44),
	(3232,18,46),
	(3233,18,47),
	(3234,18,48),
	(3235,18,83),
	(3236,18,84),
	(3237,18,96),
	(3238,18,97),
	(3239,18,130),
	(3240,18,131),
	(3241,18,133),
	(3242,18,134),
	(3243,18,195),
	(3244,18,196),
	(3245,18,197),
	(3246,18,198),
	(3247,18,200),
	(3248,18,201),
	(3249,18,202),
	(3250,18,203),
	(3251,18,208),
	(3252,18,209),
	(3253,18,211),
	(3254,18,214),
	(3255,18,216),
	(3256,18,255),
	(3257,18,258),
	(3258,18,262),
	(3259,18,264),
	(3260,18,266),
	(3261,18,267),
	(3262,18,268),
	(3263,18,269),
	(3264,18,274),
	(3265,18,294),
	(3266,18,295),
	(3267,18,296),
	(3268,18,297),
	(3269,18,298),
	(3270,18,318),
	(3271,18,319),
	(3272,18,320),
	(3273,18,321),
	(3274,18,322),
	(3275,18,323),
	(3276,18,324),
	(3277,18,325),
	(3278,18,326),
	(3279,18,327),
	(3280,18,328),
	(3281,18,329),
	(3282,19,5),
	(3283,19,6),
	(3284,19,8),
	(3285,19,10),
	(3286,19,11),
	(3287,19,12),
	(3288,19,13),
	(3289,19,14),
	(3290,19,23),
	(3291,19,24),
	(3292,19,25),
	(3293,19,26),
	(3294,19,27),
	(3295,19,28),
	(3296,19,29),
	(3297,19,30),
	(3298,19,31),
	(3299,19,32),
	(3300,19,33),
	(3301,19,34),
	(3302,19,35),
	(3303,19,37),
	(3304,19,38),
	(3305,19,39),
	(3306,19,40),
	(3307,19,41),
	(3308,19,42),
	(3309,19,43),
	(3310,19,49),
	(3311,19,50),
	(3312,19,51),
	(3313,19,52),
	(3314,19,53),
	(3315,19,54),
	(3316,19,56),
	(3317,19,57),
	(3318,19,58),
	(3319,19,59),
	(3320,19,60),
	(3321,19,62),
	(3322,19,63),
	(3323,19,64),
	(3324,19,65),
	(3325,19,66),
	(3326,19,67),
	(3327,19,68),
	(3328,19,69),
	(3329,19,70),
	(3330,19,71),
	(3331,19,72),
	(3332,19,73),
	(3333,19,74),
	(3334,19,75),
	(3335,19,76),
	(3336,19,77),
	(3337,19,78),
	(3338,19,79),
	(3339,19,80),
	(3340,19,81),
	(3341,19,82),
	(3342,19,88),
	(3343,19,89),
	(3344,19,90),
	(3345,19,91),
	(3346,19,92),
	(3347,19,93),
	(3348,19,94),
	(3349,19,98),
	(3350,19,99),
	(3351,19,100),
	(3352,19,101),
	(3353,19,103),
	(3354,19,104),
	(3355,19,105),
	(3356,19,106),
	(3357,19,108),
	(3358,19,109),
	(3359,19,112),
	(3360,19,113),
	(3361,19,114),
	(3362,19,115),
	(3363,19,116),
	(3364,19,117),
	(3365,19,118),
	(3366,19,119),
	(3367,19,120),
	(3368,19,121),
	(3369,19,122),
	(3370,19,123),
	(3371,19,124),
	(3372,19,125),
	(3373,19,126),
	(3374,19,127),
	(3375,19,128),
	(3376,19,129),
	(3377,19,135),
	(3378,19,136),
	(3379,19,138),
	(3380,19,139),
	(3381,19,140),
	(3382,19,142),
	(3383,19,143),
	(3384,19,144),
	(3385,19,145),
	(3386,19,146),
	(3387,19,147),
	(3388,19,156),
	(3389,19,157),
	(3390,19,158),
	(3391,19,159),
	(3392,19,160),
	(3393,19,161),
	(3394,19,162),
	(3395,19,163),
	(3396,19,164),
	(3397,19,165),
	(3398,19,166),
	(3399,19,167),
	(3400,19,168),
	(3401,19,169),
	(3402,19,170),
	(3403,19,171),
	(3404,19,172),
	(3405,19,173),
	(3406,19,175),
	(3407,19,176),
	(3408,19,177),
	(3409,19,178),
	(3410,19,179),
	(3411,19,180),
	(3412,19,183),
	(3413,19,184),
	(3414,19,185),
	(3415,19,186),
	(3416,19,187),
	(3417,19,188),
	(3418,19,189),
	(3419,19,190),
	(3420,19,191),
	(3421,19,192),
	(3422,19,193),
	(3423,19,194),
	(3424,19,195),
	(3425,19,196),
	(3426,19,197),
	(3427,19,198),
	(3428,19,199),
	(3429,19,200),
	(3430,19,201),
	(3431,19,202),
	(3432,19,203),
	(3433,19,204),
	(3434,19,205),
	(3435,19,206),
	(3436,19,207),
	(3437,19,208),
	(3438,19,209),
	(3439,19,211),
	(3440,19,213),
	(3441,19,214),
	(3442,19,216),
	(3443,19,219),
	(3444,19,224),
	(3445,19,228),
	(3446,19,232),
	(3447,19,233),
	(3448,19,235),
	(3449,19,237),
	(3450,19,239),
	(3451,19,240),
	(3452,19,241),
	(3453,19,242),
	(3454,19,243),
	(3455,19,244),
	(3456,19,245),
	(3457,19,246),
	(3458,19,247),
	(3459,19,248),
	(3460,19,271),
	(3461,19,272),
	(3462,19,273),
	(3463,19,275),
	(3464,19,277),
	(3465,19,278),
	(3466,19,279),
	(3467,19,280),
	(3468,19,281),
	(3469,19,282),
	(3470,19,283),
	(3471,19,284),
	(3472,19,285),
	(3473,19,286),
	(3474,19,287),
	(3475,19,288),
	(3476,19,289),
	(3477,19,291),
	(3478,19,292),
	(3479,19,294),
	(3480,19,295),
	(3481,19,296),
	(3482,19,297),
	(3483,19,299),
	(3484,19,300),
	(3485,19,301),
	(3486,19,302),
	(3487,19,303),
	(3488,19,304),
	(3489,19,305),
	(3490,19,306),
	(3491,19,307),
	(3492,19,308),
	(3493,19,309),
	(3494,19,310),
	(3495,19,311),
	(3496,19,312),
	(3497,19,313),
	(3498,19,314),
	(3499,19,315),
	(3500,19,317),
	(3501,20,5),
	(3502,20,6),
	(3503,20,8),
	(3504,20,10),
	(3505,20,11),
	(3506,20,12),
	(3507,20,13),
	(3508,20,14),
	(3509,20,23),
	(3510,20,24),
	(3511,20,25),
	(3512,20,26),
	(3513,20,27),
	(3514,20,28),
	(3515,20,29),
	(3516,20,30),
	(3517,20,31),
	(3518,20,32),
	(3519,20,33),
	(3520,20,34),
	(3521,20,35),
	(3522,20,37),
	(3523,20,38),
	(3524,20,39),
	(3525,20,40),
	(3526,20,41),
	(3527,20,42),
	(3528,20,43),
	(3529,20,49),
	(3530,20,50),
	(3531,20,51),
	(3532,20,52),
	(3533,20,53),
	(3534,20,54),
	(3535,20,56),
	(3536,20,57),
	(3537,20,58),
	(3538,20,59),
	(3539,20,60),
	(3540,20,62),
	(3541,20,63),
	(3542,20,64),
	(3543,20,65),
	(3544,20,66),
	(3545,20,67),
	(3546,20,68),
	(3547,20,69),
	(3548,20,70),
	(3549,20,71),
	(3550,20,72),
	(3551,20,73),
	(3552,20,74),
	(3553,20,75),
	(3554,20,76),
	(3555,20,77),
	(3556,20,78),
	(3557,20,79),
	(3558,20,80),
	(3559,20,81),
	(3560,20,82),
	(3561,20,88),
	(3562,20,89),
	(3563,20,90),
	(3564,20,91),
	(3565,20,92),
	(3566,20,93),
	(3567,20,94),
	(3568,20,98),
	(3569,20,99),
	(3570,20,100),
	(3571,20,101),
	(3572,20,103),
	(3573,20,104),
	(3574,20,105),
	(3575,20,106),
	(3576,20,108),
	(3577,20,109),
	(3578,20,112),
	(3579,20,113),
	(3580,20,114),
	(3581,20,115),
	(3582,20,116),
	(3583,20,117),
	(3584,20,118),
	(3585,20,119),
	(3586,20,120),
	(3587,20,121),
	(3588,20,122),
	(3589,20,123),
	(3590,20,124),
	(3591,20,125),
	(3592,20,126),
	(3593,20,127),
	(3594,20,128),
	(3595,20,129),
	(3596,20,135),
	(3597,20,136),
	(3598,20,138),
	(3599,20,139),
	(3600,20,140),
	(3601,20,142),
	(3602,20,143),
	(3603,20,144),
	(3604,20,145),
	(3605,20,146),
	(3606,20,147),
	(3607,20,156),
	(3608,20,157),
	(3609,20,158),
	(3610,20,159),
	(3611,20,160),
	(3612,20,161),
	(3613,20,162),
	(3614,20,163),
	(3615,20,164),
	(3616,20,165),
	(3617,20,166),
	(3618,20,167),
	(3619,20,168),
	(3620,20,169),
	(3621,20,170),
	(3622,20,171),
	(3623,20,172),
	(3624,20,173),
	(3625,20,175),
	(3626,20,176),
	(3627,20,177),
	(3628,20,178),
	(3629,20,179),
	(3630,20,180),
	(3631,20,183),
	(3632,20,184),
	(3633,20,185),
	(3634,20,186),
	(3635,20,187),
	(3636,20,188),
	(3637,20,189),
	(3638,20,190),
	(3639,20,191),
	(3640,20,192),
	(3641,20,193),
	(3642,20,194),
	(3643,20,195),
	(3644,20,196),
	(3645,20,197),
	(3646,20,198),
	(3647,20,199),
	(3648,20,200),
	(3649,20,201),
	(3650,20,202),
	(3651,20,203),
	(3652,20,204),
	(3653,20,205),
	(3654,20,206),
	(3655,20,207),
	(3656,20,208),
	(3657,20,209),
	(3658,20,211),
	(3659,20,213),
	(3660,20,214),
	(3661,20,216),
	(3662,20,219),
	(3663,20,224),
	(3664,20,228),
	(3665,20,232),
	(3666,20,233),
	(3667,20,235),
	(3668,20,237),
	(3669,20,239),
	(3670,20,240),
	(3671,20,241),
	(3672,20,242),
	(3673,20,243),
	(3674,20,244),
	(3675,20,245),
	(3676,20,246),
	(3677,20,247),
	(3678,20,248),
	(3679,20,250),
	(3680,20,251),
	(3681,20,252),
	(3682,20,253),
	(3683,20,256),
	(3684,20,257),
	(3685,20,259),
	(3686,20,260),
	(3687,20,263),
	(3688,20,279),
	(3689,20,280),
	(3690,20,281),
	(3691,20,282),
	(3692,20,283),
	(3693,20,284),
	(3694,20,285),
	(3695,20,286),
	(3696,20,287),
	(3697,20,288),
	(3698,20,294),
	(3699,20,295),
	(3700,20,296),
	(3701,20,297),
	(3702,20,299),
	(3703,20,300),
	(3704,20,301),
	(3705,20,302),
	(3706,20,303),
	(3707,20,304),
	(3708,20,305),
	(3709,20,306),
	(3710,20,307),
	(3711,20,308),
	(3712,20,309),
	(3713,20,310),
	(3714,20,311),
	(3715,20,312),
	(3716,20,313),
	(3717,20,314),
	(3718,20,315),
	(3719,20,317),
	(3720,21,5),
	(3721,21,6),
	(3722,21,8),
	(3723,21,10),
	(3724,21,11),
	(3725,21,12),
	(3726,21,13),
	(3727,21,14),
	(3728,21,23),
	(3729,21,24),
	(3730,21,25),
	(3731,21,26),
	(3732,21,27),
	(3733,21,28),
	(3734,21,29),
	(3735,21,30),
	(3736,21,31),
	(3737,21,32),
	(3738,21,33),
	(3739,21,34),
	(3740,21,35),
	(3741,21,37),
	(3742,21,38),
	(3743,21,39),
	(3744,21,40),
	(3745,21,41),
	(3746,21,42),
	(3747,21,43),
	(3748,21,49),
	(3749,21,50),
	(3750,21,51),
	(3751,21,52),
	(3752,21,53),
	(3753,21,54),
	(3754,21,56),
	(3755,21,57),
	(3756,21,58),
	(3757,21,59),
	(3758,21,60),
	(3759,21,62),
	(3760,21,63),
	(3761,21,64),
	(3762,21,65),
	(3763,21,66),
	(3764,21,67),
	(3765,21,68),
	(3766,21,69),
	(3767,21,70),
	(3768,21,71),
	(3769,21,72),
	(3770,21,73),
	(3771,21,74),
	(3772,21,75),
	(3773,21,76),
	(3774,21,77),
	(3775,21,78),
	(3776,21,79),
	(3777,21,80),
	(3778,21,81),
	(3779,21,82),
	(3780,21,88),
	(3781,21,89),
	(3782,21,90),
	(3783,21,91),
	(3784,21,92),
	(3785,21,93),
	(3786,21,94),
	(3787,21,98),
	(3788,21,99),
	(3789,21,100),
	(3790,21,101),
	(3791,21,103),
	(3792,21,104),
	(3793,21,105),
	(3794,21,106),
	(3795,21,108),
	(3796,21,109),
	(3797,21,112),
	(3798,21,113),
	(3799,21,114),
	(3800,21,115),
	(3801,21,116),
	(3802,21,117),
	(3803,21,118),
	(3804,21,119),
	(3805,21,120),
	(3806,21,121),
	(3807,21,122),
	(3808,21,123),
	(3809,21,124),
	(3810,21,125),
	(3811,21,126),
	(3812,21,127),
	(3813,21,128),
	(3814,21,129),
	(3815,21,135),
	(3816,21,136),
	(3817,21,138),
	(3818,21,139),
	(3819,21,140),
	(3820,21,142),
	(3821,21,143),
	(3822,21,144),
	(3823,21,145),
	(3824,21,146),
	(3825,21,147),
	(3826,21,156),
	(3827,21,157),
	(3828,21,158),
	(3829,21,159),
	(3830,21,160),
	(3831,21,161),
	(3832,21,162),
	(3833,21,163),
	(3834,21,164),
	(3835,21,165),
	(3836,21,166),
	(3837,21,167),
	(3838,21,168),
	(3839,21,169),
	(3840,21,170),
	(3841,21,171),
	(3842,21,172),
	(3843,21,173),
	(3844,21,175),
	(3845,21,176),
	(3846,21,177),
	(3847,21,178),
	(3848,21,179),
	(3849,21,180),
	(3850,21,183),
	(3851,21,184),
	(3852,21,185),
	(3853,21,186),
	(3854,21,187),
	(3855,21,188),
	(3856,21,189),
	(3857,21,190),
	(3858,21,191),
	(3859,21,192),
	(3860,21,193),
	(3861,21,194),
	(3862,21,195),
	(3863,21,196),
	(3864,21,197),
	(3865,21,198),
	(3866,21,199),
	(3867,21,200),
	(3868,21,201),
	(3869,21,202),
	(3870,21,203),
	(3871,21,204),
	(3872,21,205),
	(3873,21,206),
	(3874,21,207),
	(3875,21,208),
	(3876,21,209),
	(3877,21,211),
	(3878,21,213),
	(3879,21,214),
	(3880,21,216),
	(3881,21,219),
	(3882,21,224),
	(3883,21,228),
	(3884,21,232),
	(3885,21,233),
	(3886,21,235),
	(3887,21,237),
	(3888,21,239),
	(3889,21,240),
	(3890,21,241),
	(3891,21,242),
	(3892,21,243),
	(3893,21,244),
	(3894,21,245),
	(3895,21,246),
	(3896,21,247),
	(3897,21,248),
	(3898,21,250),
	(3899,21,251),
	(3900,21,252),
	(3901,21,253),
	(3902,21,256),
	(3903,21,257),
	(3904,21,259),
	(3905,21,260),
	(3906,21,263),
	(3907,21,279),
	(3908,21,280),
	(3909,21,281),
	(3910,21,282),
	(3911,21,283),
	(3912,21,284),
	(3913,21,285),
	(3914,21,286),
	(3915,21,287),
	(3916,21,288),
	(3917,21,294),
	(3918,21,295),
	(3919,21,296),
	(3920,21,297),
	(3921,21,299),
	(3922,21,300),
	(3923,21,301),
	(3924,21,302),
	(3925,21,303),
	(3926,21,304),
	(3927,21,305),
	(3928,21,306),
	(3929,21,307),
	(3930,21,308),
	(3931,21,309),
	(3932,21,310),
	(3933,21,311),
	(3934,21,312),
	(3935,21,313),
	(3936,21,314),
	(3937,21,315),
	(3938,21,317),
	(3939,22,5),
	(3940,22,6),
	(3941,22,8),
	(3942,22,10),
	(3943,22,11),
	(3944,22,12),
	(3945,22,13),
	(3946,22,14),
	(3947,22,23),
	(3948,22,24),
	(3949,22,25),
	(3950,22,26),
	(3951,22,27),
	(3952,22,28),
	(3953,22,29),
	(3954,22,30),
	(3955,22,31),
	(3956,22,32),
	(3957,22,33),
	(3958,22,34),
	(3959,22,35),
	(3960,22,37),
	(3961,22,38),
	(3962,22,39),
	(3963,22,40),
	(3964,22,41),
	(3965,22,42),
	(3966,22,43),
	(3967,22,49),
	(3968,22,50),
	(3969,22,51),
	(3970,22,52),
	(3971,22,53),
	(3972,22,54),
	(3973,22,56),
	(3974,22,57),
	(3975,22,58),
	(3976,22,59),
	(3977,22,60),
	(3978,22,62),
	(3979,22,63),
	(3980,22,64),
	(3981,22,65),
	(3982,22,66),
	(3983,22,67),
	(3984,22,68),
	(3985,22,69),
	(3986,22,70),
	(3987,22,71),
	(3988,22,72),
	(3989,22,73),
	(3990,22,74),
	(3991,22,75),
	(3992,22,76),
	(3993,22,77),
	(3994,22,78),
	(3995,22,79),
	(3996,22,80),
	(3997,22,81),
	(3998,22,82),
	(3999,22,88),
	(4000,22,89),
	(4001,22,90),
	(4002,22,91),
	(4003,22,92),
	(4004,22,93),
	(4005,22,94),
	(4006,22,98),
	(4007,22,99),
	(4008,22,100),
	(4009,22,101),
	(4010,22,103),
	(4011,22,104),
	(4012,22,105),
	(4013,22,106),
	(4014,22,108),
	(4015,22,109),
	(4016,22,112),
	(4017,22,113),
	(4018,22,114),
	(4019,22,115),
	(4020,22,116),
	(4021,22,117),
	(4022,22,118),
	(4023,22,119),
	(4024,22,120),
	(4025,22,121),
	(4026,22,122),
	(4027,22,123),
	(4028,22,124),
	(4029,22,125),
	(4030,22,126),
	(4031,22,127),
	(4032,22,128),
	(4033,22,129),
	(4034,22,135),
	(4035,22,136),
	(4036,22,138),
	(4037,22,139),
	(4038,22,140),
	(4039,22,142),
	(4040,22,143),
	(4041,22,144),
	(4042,22,145),
	(4043,22,146),
	(4044,22,147),
	(4045,22,156),
	(4046,22,157),
	(4047,22,158),
	(4048,22,159),
	(4049,22,160),
	(4050,22,161),
	(4051,22,162),
	(4052,22,163),
	(4053,22,164),
	(4054,22,165),
	(4055,22,166),
	(4056,22,167),
	(4057,22,168),
	(4058,22,169),
	(4059,22,170),
	(4060,22,171),
	(4061,22,172),
	(4062,22,173),
	(4063,22,175),
	(4064,22,176),
	(4065,22,177),
	(4066,22,178),
	(4067,22,179),
	(4068,22,180),
	(4069,22,183),
	(4070,22,184),
	(4071,22,185),
	(4072,22,186),
	(4073,22,187),
	(4074,22,188),
	(4075,22,189),
	(4076,22,190),
	(4077,22,191),
	(4078,22,192),
	(4079,22,193),
	(4080,22,194),
	(4081,22,195),
	(4082,22,196),
	(4083,22,197),
	(4084,22,198),
	(4085,22,199),
	(4086,22,200),
	(4087,22,201),
	(4088,22,202),
	(4089,22,203),
	(4090,22,204),
	(4091,22,205),
	(4092,22,206),
	(4093,22,207),
	(4094,22,208),
	(4095,22,209),
	(4096,22,211),
	(4097,22,213),
	(4098,22,214),
	(4099,22,216),
	(4100,22,219),
	(4101,22,224),
	(4102,22,228),
	(4103,22,232),
	(4104,22,233),
	(4105,22,235),
	(4106,22,237),
	(4107,22,239),
	(4108,22,240),
	(4109,22,241),
	(4110,22,242),
	(4111,22,243),
	(4112,22,244),
	(4113,22,245),
	(4114,22,246),
	(4115,22,247),
	(4116,22,248),
	(4117,22,250),
	(4118,22,251),
	(4119,22,252),
	(4120,22,253),
	(4121,22,256),
	(4122,22,257),
	(4123,22,259),
	(4124,22,260),
	(4125,22,263),
	(4126,22,279),
	(4127,22,280),
	(4128,22,281),
	(4129,22,282),
	(4130,22,283),
	(4131,22,284),
	(4132,22,285),
	(4133,22,286),
	(4134,22,287),
	(4135,22,288),
	(4136,22,294),
	(4137,22,295),
	(4138,22,296),
	(4139,22,297),
	(4140,22,299),
	(4141,22,300),
	(4142,22,301),
	(4143,22,302),
	(4144,22,303),
	(4145,22,304),
	(4146,22,305),
	(4147,22,306),
	(4148,22,307),
	(4149,22,308),
	(4150,22,309),
	(4151,22,310),
	(4152,22,311),
	(4153,22,312),
	(4154,22,313),
	(4155,22,314),
	(4156,22,315),
	(4157,22,317),
	(4158,23,5),
	(4159,23,6),
	(4160,23,8),
	(4161,23,10),
	(4162,23,11),
	(4163,23,12),
	(4164,23,13),
	(4165,23,14),
	(4166,23,23),
	(4167,23,24),
	(4168,23,25),
	(4169,23,26),
	(4170,23,27),
	(4171,23,28),
	(4172,23,29),
	(4173,23,30),
	(4174,23,31),
	(4175,23,32),
	(4176,23,33),
	(4177,23,34),
	(4178,23,35),
	(4179,23,37),
	(4180,23,38),
	(4181,23,39),
	(4182,23,40),
	(4183,23,41),
	(4184,23,42),
	(4185,23,43),
	(4186,23,49),
	(4187,23,50),
	(4188,23,51),
	(4189,23,52),
	(4190,23,53),
	(4191,23,54),
	(4192,23,56),
	(4193,23,57),
	(4194,23,58),
	(4195,23,59),
	(4196,23,60),
	(4197,23,62),
	(4198,23,63),
	(4199,23,64),
	(4200,23,65),
	(4201,23,66),
	(4202,23,67),
	(4203,23,68),
	(4204,23,69),
	(4205,23,70),
	(4206,23,71),
	(4207,23,72),
	(4208,23,73),
	(4209,23,74),
	(4210,23,75),
	(4211,23,76),
	(4212,23,77),
	(4213,23,78),
	(4214,23,79),
	(4215,23,80),
	(4216,23,81),
	(4217,23,82),
	(4218,23,88),
	(4219,23,89),
	(4220,23,90),
	(4221,23,91),
	(4222,23,92),
	(4223,23,93),
	(4224,23,94),
	(4225,23,98),
	(4226,23,99),
	(4227,23,100),
	(4228,23,101),
	(4229,23,103),
	(4230,23,104),
	(4231,23,105),
	(4232,23,106),
	(4233,23,108),
	(4234,23,109),
	(4235,23,112),
	(4236,23,113),
	(4237,23,114),
	(4238,23,115),
	(4239,23,116),
	(4240,23,117),
	(4241,23,118),
	(4242,23,119),
	(4243,23,120),
	(4244,23,121),
	(4245,23,122),
	(4246,23,123),
	(4247,23,124),
	(4248,23,125),
	(4249,23,126),
	(4250,23,127),
	(4251,23,128),
	(4252,23,129),
	(4253,23,135),
	(4254,23,136),
	(4255,23,138),
	(4256,23,139),
	(4257,23,140),
	(4258,23,142),
	(4259,23,143),
	(4260,23,144),
	(4261,23,145),
	(4262,23,146),
	(4263,23,147),
	(4264,23,156),
	(4265,23,157),
	(4266,23,158),
	(4267,23,159),
	(4268,23,160),
	(4269,23,161),
	(4270,23,162),
	(4271,23,163),
	(4272,23,164),
	(4273,23,165),
	(4274,23,166),
	(4275,23,167),
	(4276,23,168),
	(4277,23,169),
	(4278,23,170),
	(4279,23,171),
	(4280,23,172),
	(4281,23,173),
	(4282,23,175),
	(4283,23,176),
	(4284,23,177),
	(4285,23,178),
	(4286,23,179),
	(4287,23,180),
	(4288,23,183),
	(4289,23,184),
	(4290,23,185),
	(4291,23,186),
	(4292,23,187),
	(4293,23,188),
	(4294,23,189),
	(4295,23,190),
	(4296,23,191),
	(4297,23,192),
	(4298,23,193),
	(4299,23,194),
	(4300,23,195),
	(4301,23,196),
	(4302,23,197),
	(4303,23,198),
	(4304,23,199),
	(4305,23,200),
	(4306,23,201),
	(4307,23,202),
	(4308,23,203),
	(4309,23,204),
	(4310,23,205),
	(4311,23,206),
	(4312,23,207),
	(4313,23,208),
	(4314,23,209),
	(4315,23,211),
	(4316,23,213),
	(4317,23,214),
	(4318,23,216),
	(4319,23,219),
	(4320,23,224),
	(4321,23,228),
	(4322,23,232),
	(4323,23,233),
	(4324,23,235),
	(4325,23,237),
	(4326,23,239),
	(4327,23,240),
	(4328,23,241),
	(4329,23,242),
	(4330,23,243),
	(4331,23,244),
	(4332,23,245),
	(4333,23,246),
	(4334,23,247),
	(4335,23,248),
	(4336,23,250),
	(4337,23,251),
	(4338,23,252),
	(4339,23,253),
	(4340,23,256),
	(4341,23,257),
	(4342,23,259),
	(4343,23,260),
	(4344,23,263),
	(4345,23,279),
	(4346,23,280),
	(4347,23,281),
	(4348,23,282),
	(4349,23,283),
	(4350,23,284),
	(4351,23,285),
	(4352,23,286),
	(4353,23,287),
	(4354,23,288),
	(4355,23,294),
	(4356,23,295),
	(4357,23,296),
	(4358,23,297),
	(4359,23,299),
	(4360,23,300),
	(4361,23,301),
	(4362,23,302),
	(4363,23,303),
	(4364,23,304),
	(4365,23,305),
	(4366,23,306),
	(4367,23,307),
	(4368,23,308),
	(4369,23,309),
	(4370,23,310),
	(4371,23,311),
	(4372,23,312),
	(4373,23,313),
	(4374,23,314),
	(4375,23,315),
	(4376,23,317),
	(4377,24,5),
	(4378,24,6),
	(4379,24,8),
	(4380,24,10),
	(4381,24,11),
	(4382,24,12),
	(4383,24,13),
	(4384,24,14),
	(4385,24,23),
	(4386,24,24),
	(4387,24,25),
	(4388,24,26),
	(4389,24,27),
	(4390,24,28),
	(4391,24,29),
	(4392,24,30),
	(4393,24,31),
	(4394,24,32),
	(4395,24,33),
	(4396,24,34),
	(4397,24,35),
	(4398,24,37),
	(4399,24,38),
	(4400,24,39),
	(4401,24,40),
	(4402,24,41),
	(4403,24,42),
	(4404,24,43),
	(4405,24,49),
	(4406,24,50),
	(4407,24,51),
	(4408,24,52),
	(4409,24,53),
	(4410,24,54),
	(4411,24,56),
	(4412,24,57),
	(4413,24,58),
	(4414,24,59),
	(4415,24,60),
	(4416,24,62),
	(4417,24,63),
	(4418,24,64),
	(4419,24,65),
	(4420,24,66),
	(4421,24,67),
	(4422,24,68),
	(4423,24,69),
	(4424,24,70),
	(4425,24,71),
	(4426,24,72),
	(4427,24,73),
	(4428,24,74),
	(4429,24,75),
	(4430,24,76),
	(4431,24,77),
	(4432,24,78),
	(4433,24,79),
	(4434,24,80),
	(4435,24,81),
	(4436,24,82),
	(4437,24,88),
	(4438,24,89),
	(4439,24,90),
	(4440,24,91),
	(4441,24,92),
	(4442,24,93),
	(4443,24,94),
	(4444,24,98),
	(4445,24,99),
	(4446,24,100),
	(4447,24,101),
	(4448,24,103),
	(4449,24,104),
	(4450,24,105),
	(4451,24,106),
	(4452,24,108),
	(4453,24,109),
	(4454,24,112),
	(4455,24,113),
	(4456,24,114),
	(4457,24,115),
	(4458,24,116),
	(4459,24,117),
	(4460,24,118),
	(4461,24,119),
	(4462,24,120),
	(4463,24,121),
	(4464,24,122),
	(4465,24,123),
	(4466,24,124),
	(4467,24,125),
	(4468,24,126),
	(4469,24,127),
	(4470,24,128),
	(4471,24,129),
	(4472,24,135),
	(4473,24,136),
	(4474,24,138),
	(4475,24,139),
	(4476,24,140),
	(4477,24,142),
	(4478,24,143),
	(4479,24,144),
	(4480,24,145),
	(4481,24,146),
	(4482,24,147),
	(4483,24,156),
	(4484,24,157),
	(4485,24,158),
	(4486,24,159),
	(4487,24,160),
	(4488,24,161),
	(4489,24,162),
	(4490,24,163),
	(4491,24,164),
	(4492,24,165),
	(4493,24,166),
	(4494,24,167),
	(4495,24,168),
	(4496,24,169),
	(4497,24,170),
	(4498,24,171),
	(4499,24,172),
	(4500,24,173),
	(4501,24,175),
	(4502,24,176),
	(4503,24,177),
	(4504,24,178),
	(4505,24,179),
	(4506,24,180),
	(4507,24,183),
	(4508,24,184),
	(4509,24,185),
	(4510,24,186),
	(4511,24,187),
	(4512,24,188),
	(4513,24,189),
	(4514,24,190),
	(4515,24,191),
	(4516,24,192),
	(4517,24,193),
	(4518,24,194),
	(4519,24,195),
	(4520,24,196),
	(4521,24,197),
	(4522,24,198),
	(4523,24,199),
	(4524,24,200),
	(4525,24,201),
	(4526,24,202),
	(4527,24,203),
	(4528,24,204),
	(4529,24,205),
	(4530,24,206),
	(4531,24,207),
	(4532,24,208),
	(4533,24,209),
	(4534,24,211),
	(4535,24,213),
	(4536,24,214),
	(4537,24,216),
	(4538,24,219),
	(4539,24,224),
	(4540,24,228),
	(4541,24,232),
	(4542,24,233),
	(4543,24,235),
	(4544,24,237),
	(4545,24,239),
	(4546,24,240),
	(4547,24,241),
	(4548,24,242),
	(4549,24,243),
	(4550,24,244),
	(4551,24,245),
	(4552,24,246),
	(4553,24,247),
	(4554,24,248),
	(4555,24,250),
	(4556,24,251),
	(4557,24,252),
	(4558,24,253),
	(4559,24,256),
	(4560,24,257),
	(4561,24,259),
	(4562,24,260),
	(4563,24,263),
	(4564,24,279),
	(4565,24,280),
	(4566,24,281),
	(4567,24,282),
	(4568,24,283),
	(4569,24,284),
	(4570,24,285),
	(4571,24,286),
	(4572,24,287),
	(4573,24,288),
	(4574,24,294),
	(4575,24,295),
	(4576,24,296),
	(4577,24,297),
	(4578,24,299),
	(4579,24,300),
	(4580,24,301),
	(4581,24,302),
	(4582,24,303),
	(4583,24,304),
	(4584,24,305),
	(4585,24,306),
	(4586,24,307),
	(4587,24,308),
	(4588,24,309),
	(4589,24,310),
	(4590,24,311),
	(4591,24,312),
	(4592,24,313),
	(4593,24,314),
	(4594,24,315),
	(4595,24,317),
	(4596,25,5),
	(4597,25,6),
	(4598,25,8),
	(4599,25,10),
	(4600,25,11),
	(4601,25,12),
	(4602,25,13),
	(4603,25,14),
	(4604,25,23),
	(4605,25,24),
	(4606,25,25),
	(4607,25,26),
	(4608,25,27),
	(4609,25,28),
	(4610,25,29),
	(4611,25,30),
	(4612,25,31),
	(4613,25,32),
	(4614,25,33),
	(4615,25,34),
	(4616,25,35),
	(4617,25,37),
	(4618,25,38),
	(4619,25,39),
	(4620,25,40),
	(4621,25,41),
	(4622,25,42),
	(4623,25,43),
	(4624,25,49),
	(4625,25,50),
	(4626,25,51),
	(4627,25,52),
	(4628,25,53),
	(4629,25,54),
	(4630,25,56),
	(4631,25,57),
	(4632,25,58),
	(4633,25,59),
	(4634,25,60),
	(4635,25,62),
	(4636,25,63),
	(4637,25,64),
	(4638,25,65),
	(4639,25,66),
	(4640,25,67),
	(4641,25,68),
	(4642,25,69),
	(4643,25,70),
	(4644,25,71),
	(4645,25,72),
	(4646,25,73),
	(4647,25,74),
	(4648,25,75),
	(4649,25,76),
	(4650,25,77),
	(4651,25,78),
	(4652,25,79),
	(4653,25,80),
	(4654,25,81),
	(4655,25,82),
	(4656,25,88),
	(4657,25,89),
	(4658,25,90),
	(4659,25,91),
	(4660,25,92),
	(4661,25,93),
	(4662,25,94),
	(4663,25,98),
	(4664,25,99),
	(4665,25,100),
	(4666,25,101),
	(4667,25,103),
	(4668,25,104),
	(4669,25,105),
	(4670,25,106),
	(4671,25,108),
	(4672,25,109),
	(4673,25,112),
	(4674,25,113),
	(4675,25,114),
	(4676,25,115),
	(4677,25,116),
	(4678,25,117),
	(4679,25,118),
	(4680,25,119),
	(4681,25,120),
	(4682,25,121),
	(4683,25,122),
	(4684,25,123),
	(4685,25,124),
	(4686,25,125),
	(4687,25,126),
	(4688,25,127),
	(4689,25,128),
	(4690,25,129),
	(4691,25,135),
	(4692,25,136),
	(4693,25,138),
	(4694,25,139),
	(4695,25,140),
	(4696,25,142),
	(4697,25,143),
	(4698,25,144),
	(4699,25,145),
	(4700,25,146),
	(4701,25,147),
	(4702,25,156),
	(4703,25,157),
	(4704,25,158),
	(4705,25,159),
	(4706,25,160),
	(4707,25,161),
	(4708,25,162),
	(4709,25,163),
	(4710,25,164),
	(4711,25,165),
	(4712,25,166),
	(4713,25,167),
	(4714,25,168),
	(4715,25,169),
	(4716,25,170),
	(4717,25,171),
	(4718,25,172),
	(4719,25,173),
	(4720,25,175),
	(4721,25,176),
	(4722,25,177),
	(4723,25,178),
	(4724,25,179),
	(4725,25,180),
	(4726,25,183),
	(4727,25,184),
	(4728,25,185),
	(4729,25,186),
	(4730,25,187),
	(4731,25,188),
	(4732,25,189),
	(4733,25,190),
	(4734,25,191),
	(4735,25,192),
	(4736,25,193),
	(4737,25,194),
	(4738,25,195),
	(4739,25,196),
	(4740,25,197),
	(4741,25,198),
	(4742,25,199),
	(4743,25,200),
	(4744,25,201),
	(4745,25,202),
	(4746,25,203),
	(4747,25,204),
	(4748,25,205),
	(4749,25,206),
	(4750,25,207),
	(4751,25,208),
	(4752,25,209),
	(4753,25,211),
	(4754,25,213),
	(4755,25,214),
	(4756,25,216),
	(4757,25,219),
	(4758,25,224),
	(4759,25,228),
	(4760,25,232),
	(4761,25,233),
	(4762,25,235),
	(4763,25,237),
	(4764,25,239),
	(4765,25,240),
	(4766,25,241),
	(4767,25,242),
	(4768,25,243),
	(4769,25,244),
	(4770,25,245),
	(4771,25,246),
	(4772,25,247),
	(4773,25,248),
	(4774,25,250),
	(4775,25,251),
	(4776,25,252),
	(4777,25,253),
	(4778,25,256),
	(4779,25,257),
	(4780,25,259),
	(4781,25,260),
	(4782,25,263),
	(4783,25,279),
	(4784,25,280),
	(4785,25,281),
	(4786,25,282),
	(4787,25,283),
	(4788,25,284),
	(4789,25,285),
	(4790,25,286),
	(4791,25,287),
	(4792,25,288),
	(4793,25,294),
	(4794,25,295),
	(4795,25,296),
	(4796,25,297),
	(4797,25,299),
	(4798,25,300),
	(4799,25,301),
	(4800,25,302),
	(4801,25,303),
	(4802,25,304),
	(4803,25,305),
	(4804,25,306),
	(4805,25,307),
	(4806,25,308),
	(4807,25,309),
	(4808,25,310),
	(4809,25,311),
	(4810,25,312),
	(4811,25,313),
	(4812,25,314),
	(4813,25,315),
	(4814,25,317),
	(4815,26,5),
	(4816,26,6),
	(4817,26,8),
	(4818,26,10),
	(4819,26,11),
	(4820,26,12),
	(4821,26,13),
	(4822,26,14),
	(4823,26,23),
	(4824,26,24),
	(4825,26,25),
	(4826,26,26),
	(4827,26,27),
	(4828,26,28),
	(4829,26,29),
	(4830,26,30),
	(4831,26,31),
	(4832,26,32),
	(4833,26,33),
	(4834,26,34),
	(4835,26,35),
	(4836,26,37),
	(4837,26,38),
	(4838,26,39),
	(4839,26,40),
	(4840,26,41),
	(4841,26,42),
	(4842,26,43),
	(4843,26,49),
	(4844,26,50),
	(4845,26,51),
	(4846,26,52),
	(4847,26,53),
	(4848,26,54),
	(4849,26,56),
	(4850,26,57),
	(4851,26,58),
	(4852,26,59),
	(4853,26,60),
	(4854,26,62),
	(4855,26,63),
	(4856,26,64),
	(4857,26,65),
	(4858,26,66),
	(4859,26,67),
	(4860,26,68),
	(4861,26,69),
	(4862,26,70),
	(4863,26,71),
	(4864,26,72),
	(4865,26,73),
	(4866,26,74),
	(4867,26,75),
	(4868,26,76),
	(4869,26,77),
	(4870,26,78),
	(4871,26,79),
	(4872,26,80),
	(4873,26,81),
	(4874,26,82),
	(4875,26,88),
	(4876,26,89),
	(4877,26,90),
	(4878,26,91),
	(4879,26,92),
	(4880,26,93),
	(4881,26,94),
	(4882,26,98),
	(4883,26,99),
	(4884,26,100),
	(4885,26,101),
	(4886,26,103),
	(4887,26,104),
	(4888,26,105),
	(4889,26,106),
	(4890,26,108),
	(4891,26,109),
	(4892,26,112),
	(4893,26,113),
	(4894,26,114),
	(4895,26,115),
	(4896,26,116),
	(4897,26,117),
	(4898,26,118),
	(4899,26,119),
	(4900,26,120),
	(4901,26,121),
	(4902,26,122),
	(4903,26,123),
	(4904,26,124),
	(4905,26,125),
	(4906,26,126),
	(4907,26,127),
	(4908,26,128),
	(4909,26,129),
	(4910,26,135),
	(4911,26,136),
	(4912,26,138),
	(4913,26,139),
	(4914,26,140),
	(4915,26,142),
	(4916,26,143),
	(4917,26,144),
	(4918,26,145),
	(4919,26,146),
	(4920,26,147),
	(4921,26,156),
	(4922,26,157),
	(4923,26,158),
	(4924,26,159),
	(4925,26,160),
	(4926,26,161),
	(4927,26,162),
	(4928,26,163),
	(4929,26,164),
	(4930,26,165),
	(4931,26,166),
	(4932,26,167),
	(4933,26,168),
	(4934,26,169),
	(4935,26,170),
	(4936,26,171),
	(4937,26,172),
	(4938,26,173),
	(4939,26,175),
	(4940,26,176),
	(4941,26,177),
	(4942,26,178),
	(4943,26,179),
	(4944,26,180),
	(4945,26,183),
	(4946,26,184),
	(4947,26,185),
	(4948,26,186),
	(4949,26,187),
	(4950,26,188),
	(4951,26,189),
	(4952,26,190),
	(4953,26,191),
	(4954,26,192),
	(4955,26,193),
	(4956,26,194),
	(4957,26,195),
	(4958,26,196),
	(4959,26,197),
	(4960,26,198),
	(4961,26,199),
	(4962,26,200),
	(4963,26,201),
	(4964,26,202),
	(4965,26,203),
	(4966,26,204),
	(4967,26,205),
	(4968,26,206),
	(4969,26,207),
	(4970,26,208),
	(4971,26,209),
	(4972,26,210),
	(4973,26,211),
	(4974,26,214),
	(4975,26,216),
	(4976,26,218),
	(4977,26,223),
	(4978,26,227),
	(4979,26,232),
	(4980,26,233),
	(4981,26,235),
	(4982,26,237),
	(4983,26,239),
	(4984,26,240),
	(4985,26,241),
	(4986,26,242),
	(4987,26,243),
	(4988,26,244),
	(4989,26,245),
	(4990,26,246),
	(4991,26,247),
	(4992,26,248),
	(4993,26,250),
	(4994,26,251),
	(4995,26,252),
	(4996,26,253),
	(4997,26,256),
	(4998,26,257),
	(4999,26,259),
	(5000,26,260),
	(5001,26,263),
	(5002,26,279),
	(5003,26,280),
	(5004,26,281),
	(5005,26,282),
	(5006,26,283),
	(5007,26,284),
	(5008,26,285),
	(5009,26,286),
	(5010,26,287),
	(5011,26,288),
	(5012,26,294),
	(5013,26,295),
	(5014,26,296),
	(5015,26,297),
	(5016,26,299),
	(5017,26,300),
	(5018,26,301),
	(5019,26,302),
	(5020,26,303),
	(5021,26,304),
	(5022,26,305),
	(5023,26,306),
	(5024,26,307),
	(5025,26,308),
	(5026,26,309),
	(5027,26,310),
	(5028,26,311),
	(5029,26,312),
	(5030,26,313),
	(5031,26,314),
	(5032,26,315),
	(5033,26,317),
	(5034,27,5),
	(5035,27,6),
	(5036,27,8),
	(5037,27,10),
	(5038,27,11),
	(5039,27,12),
	(5040,27,13),
	(5041,27,14),
	(5042,27,23),
	(5043,27,24),
	(5044,27,25),
	(5045,27,26),
	(5046,27,27),
	(5047,27,28),
	(5048,27,29),
	(5049,27,30),
	(5050,27,31),
	(5051,27,32),
	(5052,27,33),
	(5053,27,34),
	(5054,27,35),
	(5055,27,37),
	(5056,27,38),
	(5057,27,39),
	(5058,27,40),
	(5059,27,41),
	(5060,27,42),
	(5061,27,43),
	(5062,27,49),
	(5063,27,50),
	(5064,27,51),
	(5065,27,52),
	(5066,27,53),
	(5067,27,54),
	(5068,27,56),
	(5069,27,57),
	(5070,27,58),
	(5071,27,59),
	(5072,27,60),
	(5073,27,62),
	(5074,27,63),
	(5075,27,64),
	(5076,27,65),
	(5077,27,66),
	(5078,27,67),
	(5079,27,68),
	(5080,27,69),
	(5081,27,70),
	(5082,27,71),
	(5083,27,72),
	(5084,27,73),
	(5085,27,74),
	(5086,27,75),
	(5087,27,76),
	(5088,27,77),
	(5089,27,78),
	(5090,27,79),
	(5091,27,80),
	(5092,27,81),
	(5093,27,82),
	(5094,27,88),
	(5095,27,89),
	(5096,27,90),
	(5097,27,91),
	(5098,27,92),
	(5099,27,93),
	(5100,27,94),
	(5101,27,98),
	(5102,27,99),
	(5103,27,100),
	(5104,27,101),
	(5105,27,103),
	(5106,27,104),
	(5107,27,105),
	(5108,27,106),
	(5109,27,108),
	(5110,27,109),
	(5111,27,112),
	(5112,27,113),
	(5113,27,114),
	(5114,27,115),
	(5115,27,116),
	(5116,27,117),
	(5117,27,118),
	(5118,27,119),
	(5119,27,120),
	(5120,27,121),
	(5121,27,122),
	(5122,27,123),
	(5123,27,124),
	(5124,27,125),
	(5125,27,126),
	(5126,27,127),
	(5127,27,128),
	(5128,27,129),
	(5129,27,135),
	(5130,27,136),
	(5131,27,138),
	(5132,27,139),
	(5133,27,140),
	(5134,27,142),
	(5135,27,143),
	(5136,27,144),
	(5137,27,145),
	(5138,27,146),
	(5139,27,147),
	(5140,27,156),
	(5141,27,157),
	(5142,27,158),
	(5143,27,159),
	(5144,27,160),
	(5145,27,161),
	(5146,27,162),
	(5147,27,163),
	(5148,27,164),
	(5149,27,165),
	(5150,27,166),
	(5151,27,167),
	(5152,27,168),
	(5153,27,169),
	(5154,27,170),
	(5155,27,171),
	(5156,27,172),
	(5157,27,173),
	(5158,27,175),
	(5159,27,176),
	(5160,27,177),
	(5161,27,178),
	(5162,27,179),
	(5163,27,180),
	(5164,27,183),
	(5165,27,184),
	(5166,27,185),
	(5167,27,186),
	(5168,27,187),
	(5169,27,188),
	(5170,27,189),
	(5171,27,190),
	(5172,27,191),
	(5173,27,192),
	(5174,27,193),
	(5175,27,194),
	(5176,27,195),
	(5177,27,196),
	(5178,27,197),
	(5179,27,198),
	(5180,27,199),
	(5181,27,200),
	(5182,27,201),
	(5183,27,202),
	(5184,27,203),
	(5185,27,204),
	(5186,27,205),
	(5187,27,206),
	(5188,27,207),
	(5189,27,208),
	(5190,27,209),
	(5191,27,210),
	(5192,27,211),
	(5193,27,214),
	(5194,27,216),
	(5195,27,218),
	(5196,27,223),
	(5197,27,227),
	(5198,27,232),
	(5199,27,233),
	(5200,27,235),
	(5201,27,237),
	(5202,27,239),
	(5203,27,240),
	(5204,27,241),
	(5205,27,242),
	(5206,27,243),
	(5207,27,244),
	(5208,27,245),
	(5209,27,246),
	(5210,27,247),
	(5211,27,248),
	(5212,27,250),
	(5213,27,251),
	(5214,27,252),
	(5215,27,253),
	(5216,27,256),
	(5217,27,257),
	(5218,27,259),
	(5219,27,260),
	(5220,27,263),
	(5221,27,279),
	(5222,27,280),
	(5223,27,281),
	(5224,27,282),
	(5225,27,283),
	(5226,27,284),
	(5227,27,285),
	(5228,27,286),
	(5229,27,287),
	(5230,27,288),
	(5231,27,294),
	(5232,27,295),
	(5233,27,296),
	(5234,27,297),
	(5235,27,299),
	(5236,27,300),
	(5237,27,301),
	(5238,27,302),
	(5239,27,303),
	(5240,27,304),
	(5241,27,305),
	(5242,27,306),
	(5243,27,307),
	(5244,27,308),
	(5245,27,309),
	(5246,27,310),
	(5247,27,311),
	(5248,27,312),
	(5249,27,313),
	(5250,27,314),
	(5251,27,315),
	(5252,27,317),
	(5253,28,5),
	(5254,28,6),
	(5255,28,8),
	(5256,28,10),
	(5257,28,11),
	(5258,28,12),
	(5259,28,13),
	(5260,28,14),
	(5261,28,23),
	(5262,28,24),
	(5263,28,25),
	(5264,28,26),
	(5265,28,27),
	(5266,28,28),
	(5267,28,29),
	(5268,28,30),
	(5269,28,31),
	(5270,28,32),
	(5271,28,33),
	(5272,28,34),
	(5273,28,35),
	(5274,28,37),
	(5275,28,38),
	(5276,28,39),
	(5277,28,40),
	(5278,28,41),
	(5279,28,42),
	(5280,28,43),
	(5281,28,49),
	(5282,28,50),
	(5283,28,51),
	(5284,28,52),
	(5285,28,53),
	(5286,28,54),
	(5287,28,56),
	(5288,28,57),
	(5289,28,58),
	(5290,28,59),
	(5291,28,60),
	(5292,28,62),
	(5293,28,63),
	(5294,28,64),
	(5295,28,65),
	(5296,28,66),
	(5297,28,67),
	(5298,28,68),
	(5299,28,69),
	(5300,28,70),
	(5301,28,71),
	(5302,28,72),
	(5303,28,73),
	(5304,28,74),
	(5305,28,75),
	(5306,28,76),
	(5307,28,77),
	(5308,28,78),
	(5309,28,79),
	(5310,28,80),
	(5311,28,81),
	(5312,28,82),
	(5313,28,88),
	(5314,28,89),
	(5315,28,90),
	(5316,28,91),
	(5317,28,92),
	(5318,28,93),
	(5319,28,94),
	(5320,28,98),
	(5321,28,99),
	(5322,28,100),
	(5323,28,101),
	(5324,28,103),
	(5325,28,104),
	(5326,28,105),
	(5327,28,106),
	(5328,28,108),
	(5329,28,109),
	(5330,28,112),
	(5331,28,113),
	(5332,28,114),
	(5333,28,115),
	(5334,28,116),
	(5335,28,117),
	(5336,28,118),
	(5337,28,119),
	(5338,28,120),
	(5339,28,121),
	(5340,28,122),
	(5341,28,123),
	(5342,28,124),
	(5343,28,125),
	(5344,28,126),
	(5345,28,127),
	(5346,28,128),
	(5347,28,129),
	(5348,28,135),
	(5349,28,136),
	(5350,28,138),
	(5351,28,139),
	(5352,28,140),
	(5353,28,142),
	(5354,28,143),
	(5355,28,144),
	(5356,28,145),
	(5357,28,146),
	(5358,28,147),
	(5359,28,156),
	(5360,28,157),
	(5361,28,158),
	(5362,28,159),
	(5363,28,160),
	(5364,28,161),
	(5365,28,162),
	(5366,28,163),
	(5367,28,164),
	(5368,28,165),
	(5369,28,166),
	(5370,28,167),
	(5371,28,168),
	(5372,28,169),
	(5373,28,170),
	(5374,28,171),
	(5375,28,172),
	(5376,28,173),
	(5377,28,175),
	(5378,28,176),
	(5379,28,177),
	(5380,28,178),
	(5381,28,179),
	(5382,28,180),
	(5383,28,183),
	(5384,28,184),
	(5385,28,185),
	(5386,28,186),
	(5387,28,187),
	(5388,28,188),
	(5389,28,189),
	(5390,28,190),
	(5391,28,191),
	(5392,28,192),
	(5393,28,193),
	(5394,28,194),
	(5395,28,195),
	(5396,28,196),
	(5397,28,197),
	(5398,28,198),
	(5399,28,199),
	(5400,28,200),
	(5401,28,201),
	(5402,28,202),
	(5403,28,203),
	(5404,28,204),
	(5405,28,205),
	(5406,28,206),
	(5407,28,207),
	(5408,28,208),
	(5409,28,209),
	(5410,28,210),
	(5411,28,211),
	(5412,28,214),
	(5413,28,216),
	(5414,28,218),
	(5415,28,223),
	(5416,28,227),
	(5417,28,232),
	(5418,28,233),
	(5419,28,235),
	(5420,28,237),
	(5421,28,239),
	(5422,28,240),
	(5423,28,241),
	(5424,28,242),
	(5425,28,243),
	(5426,28,244),
	(5427,28,245),
	(5428,28,246),
	(5429,28,247),
	(5430,28,248),
	(5431,28,250),
	(5432,28,251),
	(5433,28,252),
	(5434,28,253),
	(5435,28,256),
	(5436,28,257),
	(5437,28,259),
	(5438,28,260),
	(5439,28,263),
	(5440,28,279),
	(5441,28,280),
	(5442,28,281),
	(5443,28,282),
	(5444,28,283),
	(5445,28,284),
	(5446,28,285),
	(5447,28,286),
	(5448,28,287),
	(5449,28,288),
	(5450,28,294),
	(5451,28,295),
	(5452,28,296),
	(5453,28,297),
	(5454,28,299),
	(5455,28,300),
	(5456,28,301),
	(5457,28,302),
	(5458,28,303),
	(5459,28,304),
	(5460,28,305),
	(5461,28,306),
	(5462,28,307),
	(5463,28,308),
	(5464,28,309),
	(5465,28,310),
	(5466,28,311),
	(5467,28,312),
	(5468,28,313),
	(5469,28,314),
	(5470,28,315),
	(5471,28,317),
	(5472,29,5),
	(5473,29,6),
	(5474,29,8),
	(5475,29,10),
	(5476,29,11),
	(5477,29,12),
	(5478,29,13),
	(5479,29,14),
	(5480,29,23),
	(5481,29,24),
	(5482,29,25),
	(5483,29,26),
	(5484,29,27),
	(5485,29,28),
	(5486,29,29),
	(5487,29,30),
	(5488,29,31),
	(5489,29,32),
	(5490,29,33),
	(5491,29,34),
	(5492,29,35),
	(5493,29,37),
	(5494,29,38),
	(5495,29,39),
	(5496,29,40),
	(5497,29,41),
	(5498,29,42),
	(5499,29,43),
	(5500,29,49),
	(5501,29,50),
	(5502,29,51),
	(5503,29,52),
	(5504,29,53),
	(5505,29,54),
	(5506,29,56),
	(5507,29,57),
	(5508,29,58),
	(5509,29,59),
	(5510,29,60),
	(5511,29,62),
	(5512,29,63),
	(5513,29,64),
	(5514,29,65),
	(5515,29,66),
	(5516,29,67),
	(5517,29,68),
	(5518,29,69),
	(5519,29,70),
	(5520,29,71),
	(5521,29,72),
	(5522,29,73),
	(5523,29,74),
	(5524,29,75),
	(5525,29,76),
	(5526,29,77),
	(5527,29,78),
	(5528,29,79),
	(5529,29,80),
	(5530,29,81),
	(5531,29,82),
	(5532,29,88),
	(5533,29,89),
	(5534,29,90),
	(5535,29,91),
	(5536,29,92),
	(5537,29,93),
	(5538,29,94),
	(5539,29,98),
	(5540,29,99),
	(5541,29,100),
	(5542,29,101),
	(5543,29,103),
	(5544,29,104),
	(5545,29,105),
	(5546,29,106),
	(5547,29,108),
	(5548,29,109),
	(5549,29,112),
	(5550,29,113),
	(5551,29,114),
	(5552,29,115),
	(5553,29,116),
	(5554,29,117),
	(5555,29,118),
	(5556,29,119),
	(5557,29,120),
	(5558,29,121),
	(5559,29,122),
	(5560,29,123),
	(5561,29,124),
	(5562,29,125),
	(5563,29,126),
	(5564,29,127),
	(5565,29,128),
	(5566,29,129),
	(5567,29,135),
	(5568,29,136),
	(5569,29,138),
	(5570,29,139),
	(5571,29,140),
	(5572,29,142),
	(5573,29,143),
	(5574,29,144),
	(5575,29,145),
	(5576,29,146),
	(5577,29,147),
	(5578,29,156),
	(5579,29,157),
	(5580,29,158),
	(5581,29,159),
	(5582,29,160),
	(5583,29,161),
	(5584,29,162),
	(5585,29,163),
	(5586,29,164),
	(5587,29,165),
	(5588,29,166),
	(5589,29,167),
	(5590,29,168),
	(5591,29,169),
	(5592,29,170),
	(5593,29,171),
	(5594,29,172),
	(5595,29,173),
	(5596,29,175),
	(5597,29,176),
	(5598,29,177),
	(5599,29,178),
	(5600,29,179),
	(5601,29,180),
	(5602,29,183),
	(5603,29,184),
	(5604,29,185),
	(5605,29,186),
	(5606,29,187),
	(5607,29,188),
	(5608,29,189),
	(5609,29,190),
	(5610,29,191),
	(5611,29,192),
	(5612,29,193),
	(5613,29,194),
	(5614,29,195),
	(5615,29,196),
	(5616,29,197),
	(5617,29,198),
	(5618,29,199),
	(5619,29,200),
	(5620,29,201),
	(5621,29,202),
	(5622,29,203),
	(5623,29,204),
	(5624,29,205),
	(5625,29,206),
	(5626,29,207),
	(5627,29,208),
	(5628,29,209),
	(5629,29,210),
	(5630,29,211),
	(5631,29,214),
	(5632,29,216),
	(5633,29,218),
	(5634,29,223),
	(5635,29,227),
	(5636,29,232),
	(5637,29,233),
	(5638,29,235),
	(5639,29,237),
	(5640,29,239),
	(5641,29,240),
	(5642,29,241),
	(5643,29,242),
	(5644,29,243),
	(5645,29,244),
	(5646,29,245),
	(5647,29,246),
	(5648,29,247),
	(5649,29,248),
	(5650,29,250),
	(5651,29,251),
	(5652,29,252),
	(5653,29,253),
	(5654,29,256),
	(5655,29,257),
	(5656,29,259),
	(5657,29,260),
	(5658,29,263),
	(5659,29,279),
	(5660,29,280),
	(5661,29,281),
	(5662,29,282),
	(5663,29,283),
	(5664,29,284),
	(5665,29,285),
	(5666,29,286),
	(5667,29,287),
	(5668,29,288),
	(5669,29,294),
	(5670,29,295),
	(5671,29,296),
	(5672,29,297),
	(5673,29,299),
	(5674,29,300),
	(5675,29,301),
	(5676,29,302),
	(5677,29,303),
	(5678,29,304),
	(5679,29,305),
	(5680,29,306),
	(5681,29,307),
	(5682,29,308),
	(5683,29,309),
	(5684,29,310),
	(5685,29,311),
	(5686,29,312),
	(5687,29,313),
	(5688,29,314),
	(5689,29,315),
	(5690,29,317),
	(5691,30,5),
	(5692,30,6),
	(5693,30,8),
	(5694,30,10),
	(5695,30,11),
	(5696,30,12),
	(5697,30,13),
	(5698,30,14),
	(5699,30,23),
	(5700,30,24),
	(5701,30,25),
	(5702,30,26),
	(5703,30,32),
	(5704,30,34),
	(5705,30,38),
	(5706,30,39),
	(5707,30,58),
	(5708,30,59),
	(5709,30,60),
	(5710,30,62),
	(5711,30,63),
	(5712,30,64),
	(5713,30,65),
	(5714,30,68),
	(5715,30,88),
	(5716,30,89),
	(5717,30,90),
	(5718,30,91),
	(5719,30,92),
	(5720,30,93),
	(5721,30,94),
	(5722,30,98),
	(5723,30,99),
	(5724,30,100),
	(5725,30,101),
	(5726,30,103),
	(5727,30,104),
	(5728,30,105),
	(5729,30,106),
	(5730,30,108),
	(5731,30,109),
	(5732,30,113),
	(5733,30,114),
	(5734,30,135),
	(5735,30,136),
	(5736,30,138),
	(5737,30,139),
	(5738,30,140),
	(5739,30,142),
	(5740,30,143),
	(5741,30,144),
	(5742,30,145),
	(5743,30,146),
	(5744,30,147),
	(5745,30,156),
	(5746,30,157),
	(5747,30,158),
	(5748,30,159),
	(5749,30,160),
	(5750,30,161),
	(5751,30,162),
	(5752,30,163),
	(5753,30,164),
	(5754,30,165),
	(5755,30,166),
	(5756,30,167),
	(5757,30,168),
	(5758,30,169),
	(5759,30,170),
	(5760,30,171),
	(5761,30,172),
	(5762,30,173),
	(5763,30,175),
	(5764,30,176),
	(5765,30,177),
	(5766,30,178),
	(5767,30,179),
	(5768,30,180),
	(5769,30,183),
	(5770,30,184),
	(5771,30,185),
	(5772,30,186),
	(5773,30,187),
	(5774,30,188),
	(5775,30,189),
	(5776,30,190),
	(5777,30,191),
	(5778,30,192),
	(5779,30,193),
	(5780,30,194),
	(5781,30,195),
	(5782,30,196),
	(5783,30,197),
	(5784,30,198),
	(5785,30,199),
	(5786,30,200),
	(5787,30,201),
	(5788,30,202),
	(5789,30,203),
	(5790,30,204),
	(5791,30,205),
	(5792,30,206),
	(5793,30,207),
	(5794,30,208),
	(5795,30,209),
	(5796,30,210),
	(5797,30,211),
	(5798,30,214),
	(5799,30,216),
	(5800,30,218),
	(5801,30,223),
	(5802,30,227),
	(5803,30,232),
	(5804,30,233),
	(5805,30,235),
	(5806,30,237),
	(5807,30,239),
	(5808,30,240),
	(5809,30,241),
	(5810,30,242),
	(5811,30,243),
	(5812,30,244),
	(5813,30,245),
	(5814,30,246),
	(5815,30,247),
	(5816,30,248),
	(5817,30,279),
	(5818,30,280),
	(5819,30,281),
	(5820,30,282),
	(5821,30,283),
	(5822,30,284),
	(5823,30,285),
	(5824,30,286),
	(5825,30,287),
	(5826,30,288),
	(5827,30,294),
	(5828,30,295),
	(5829,30,296),
	(5830,30,297),
	(5831,30,299),
	(5832,30,300),
	(5833,30,301),
	(5834,30,302),
	(5835,30,303),
	(5836,30,304),
	(5837,30,305),
	(5838,30,306),
	(5839,30,307),
	(5840,30,308),
	(5841,30,309),
	(5842,30,310),
	(5843,30,311),
	(5844,30,312),
	(5845,30,313),
	(5846,30,314),
	(5847,30,315),
	(5848,30,317),
	(5849,31,5),
	(5850,31,6),
	(5851,31,8),
	(5852,31,10),
	(5853,31,11),
	(5854,31,12),
	(5855,31,13),
	(5856,31,14),
	(5857,31,23),
	(5858,31,24),
	(5859,31,25),
	(5860,31,26),
	(5861,31,32),
	(5862,31,34),
	(5863,31,38),
	(5864,31,39),
	(5865,31,58),
	(5866,31,59),
	(5867,31,60),
	(5868,31,62),
	(5869,31,63),
	(5870,31,64),
	(5871,31,65),
	(5872,31,68),
	(5873,31,88),
	(5874,31,89),
	(5875,31,90),
	(5876,31,91),
	(5877,31,92),
	(5878,31,93),
	(5879,31,94),
	(5880,31,98),
	(5881,31,99),
	(5882,31,100),
	(5883,31,101),
	(5884,31,103),
	(5885,31,104),
	(5886,31,105),
	(5887,31,106),
	(5888,31,108),
	(5889,31,109),
	(5890,31,113),
	(5891,31,114),
	(5892,31,135),
	(5893,31,136),
	(5894,31,138),
	(5895,31,139),
	(5896,31,140),
	(5897,31,142),
	(5898,31,143),
	(5899,31,144),
	(5900,31,145),
	(5901,31,146),
	(5902,31,147),
	(5903,31,156),
	(5904,31,157),
	(5905,31,158),
	(5906,31,159),
	(5907,31,160),
	(5908,31,161),
	(5909,31,162),
	(5910,31,163),
	(5911,31,164),
	(5912,31,165),
	(5913,31,166),
	(5914,31,167),
	(5915,31,168),
	(5916,31,169),
	(5917,31,170),
	(5918,31,171),
	(5919,31,172),
	(5920,31,173),
	(5921,31,175),
	(5922,31,176),
	(5923,31,177),
	(5924,31,178),
	(5925,31,179),
	(5926,31,180),
	(5927,31,183),
	(5928,31,184),
	(5929,31,185),
	(5930,31,186),
	(5931,31,187),
	(5932,31,188),
	(5933,31,189),
	(5934,31,190),
	(5935,31,191),
	(5936,31,192),
	(5937,31,193),
	(5938,31,194),
	(5939,31,195),
	(5940,31,196),
	(5941,31,197),
	(5942,31,198),
	(5943,31,199),
	(5944,31,200),
	(5945,31,201),
	(5946,31,202),
	(5947,31,203),
	(5948,31,204),
	(5949,31,205),
	(5950,31,206),
	(5951,31,207),
	(5952,31,208),
	(5953,31,209),
	(5954,31,210),
	(5955,31,211),
	(5956,31,214),
	(5957,31,216),
	(5958,31,218),
	(5959,31,223),
	(5960,31,227),
	(5961,31,232),
	(5962,31,233),
	(5963,31,235),
	(5964,31,237),
	(5965,31,239),
	(5966,31,240),
	(5967,31,241),
	(5968,31,242),
	(5969,31,243),
	(5970,31,244),
	(5971,31,245),
	(5972,31,246),
	(5973,31,247),
	(5974,31,248),
	(5975,31,279),
	(5976,31,280),
	(5977,31,281),
	(5978,31,282),
	(5979,31,283),
	(5980,31,284),
	(5981,31,285),
	(5982,31,286),
	(5983,31,287),
	(5984,31,288),
	(5985,31,294),
	(5986,31,295),
	(5987,31,296),
	(5988,31,297),
	(5989,31,299),
	(5990,31,300),
	(5991,31,301),
	(5992,31,302),
	(5993,31,303),
	(5994,31,304),
	(5995,31,305),
	(5996,31,306),
	(5997,31,307),
	(5998,31,308),
	(5999,31,309),
	(6000,31,310),
	(6001,31,311),
	(6002,31,312),
	(6003,31,313),
	(6004,31,314),
	(6005,31,315),
	(6006,31,317),
	(6007,32,5),
	(6008,32,6),
	(6009,32,8),
	(6010,32,10),
	(6011,32,11),
	(6012,32,12),
	(6013,32,13),
	(6014,32,14),
	(6015,32,23),
	(6016,32,24),
	(6017,32,25),
	(6018,32,26),
	(6019,32,27),
	(6020,32,28),
	(6021,32,29),
	(6022,32,30),
	(6023,32,31),
	(6024,32,32),
	(6025,32,33),
	(6026,32,34),
	(6027,32,35),
	(6028,32,37),
	(6029,32,38),
	(6030,32,39),
	(6031,32,40),
	(6032,32,41),
	(6033,32,42),
	(6034,32,43),
	(6035,32,49),
	(6036,32,50),
	(6037,32,51),
	(6038,32,52),
	(6039,32,53),
	(6040,32,54),
	(6041,32,56),
	(6042,32,57),
	(6043,32,58),
	(6044,32,59),
	(6045,32,60),
	(6046,32,62),
	(6047,32,63),
	(6048,32,64),
	(6049,32,65),
	(6050,32,66),
	(6051,32,67),
	(6052,32,68),
	(6053,32,69),
	(6054,32,70),
	(6055,32,71),
	(6056,32,72),
	(6057,32,73),
	(6058,32,74),
	(6059,32,75),
	(6060,32,76),
	(6061,32,77),
	(6062,32,78),
	(6063,32,79),
	(6064,32,80),
	(6065,32,81),
	(6066,32,82),
	(6067,32,88),
	(6068,32,89),
	(6069,32,90),
	(6070,32,91),
	(6071,32,92),
	(6072,32,93),
	(6073,32,94),
	(6074,32,98),
	(6075,32,99),
	(6076,32,100),
	(6077,32,101),
	(6078,32,103),
	(6079,32,104),
	(6080,32,105),
	(6081,32,106),
	(6082,32,108),
	(6083,32,109),
	(6084,32,112),
	(6085,32,113),
	(6086,32,114),
	(6087,32,115),
	(6088,32,116),
	(6089,32,117),
	(6090,32,118),
	(6091,32,119),
	(6092,32,120),
	(6093,32,121),
	(6094,32,122),
	(6095,32,123),
	(6096,32,124),
	(6097,32,125),
	(6098,32,126),
	(6099,32,127),
	(6100,32,128),
	(6101,32,129),
	(6102,32,135),
	(6103,32,136),
	(6104,32,138),
	(6105,32,139),
	(6106,32,140),
	(6107,32,142),
	(6108,32,143),
	(6109,32,144),
	(6110,32,145),
	(6111,32,146),
	(6112,32,147),
	(6113,32,156),
	(6114,32,157),
	(6115,32,158),
	(6116,32,159),
	(6117,32,160),
	(6118,32,161),
	(6119,32,162),
	(6120,32,163),
	(6121,32,164),
	(6122,32,165),
	(6123,32,166),
	(6124,32,167),
	(6125,32,168),
	(6126,32,169),
	(6127,32,170),
	(6128,32,171),
	(6129,32,172),
	(6130,32,173),
	(6131,32,175),
	(6132,32,176),
	(6133,32,177),
	(6134,32,178),
	(6135,32,179),
	(6136,32,180),
	(6137,32,183),
	(6138,32,184),
	(6139,32,185),
	(6140,32,186),
	(6141,32,187),
	(6142,32,188),
	(6143,32,189),
	(6144,32,190),
	(6145,32,191),
	(6146,32,192),
	(6147,32,193),
	(6148,32,194),
	(6149,32,195),
	(6150,32,196),
	(6151,32,197),
	(6152,32,198),
	(6153,32,199),
	(6154,32,200),
	(6155,32,201),
	(6156,32,202),
	(6157,32,203),
	(6158,32,204),
	(6159,32,205),
	(6160,32,206),
	(6161,32,207),
	(6162,32,208),
	(6163,32,209),
	(6164,32,211),
	(6165,32,214),
	(6166,32,215),
	(6167,32,216),
	(6168,32,220),
	(6169,32,225),
	(6170,32,230),
	(6171,32,232),
	(6172,32,233),
	(6173,32,235),
	(6174,32,237),
	(6175,32,239),
	(6176,32,240),
	(6177,32,241),
	(6178,32,242),
	(6179,32,243),
	(6180,32,244),
	(6181,32,245),
	(6182,32,246),
	(6183,32,247),
	(6184,32,248),
	(6185,32,271),
	(6186,32,272),
	(6187,32,273),
	(6188,32,275),
	(6189,32,277),
	(6190,32,278),
	(6191,32,279),
	(6192,32,280),
	(6193,32,281),
	(6194,32,282),
	(6195,32,283),
	(6196,32,284),
	(6197,32,285),
	(6198,32,286),
	(6199,32,287),
	(6200,32,288),
	(6201,32,289),
	(6202,32,291),
	(6203,32,292),
	(6204,32,294),
	(6205,32,295),
	(6206,32,296),
	(6207,32,297),
	(6208,32,299),
	(6209,32,300),
	(6210,32,301),
	(6211,32,302),
	(6212,32,303),
	(6213,32,304),
	(6214,32,305),
	(6215,32,306),
	(6216,32,307),
	(6217,32,308),
	(6218,32,309),
	(6219,32,310),
	(6220,32,311),
	(6221,32,312),
	(6222,32,313),
	(6223,32,314),
	(6224,32,315),
	(6225,32,317),
	(6226,33,5),
	(6227,33,6),
	(6228,33,8),
	(6229,33,10),
	(6230,33,11),
	(6231,33,12),
	(6232,33,13),
	(6233,33,14),
	(6234,33,23),
	(6235,33,24),
	(6236,33,25),
	(6237,33,26),
	(6238,33,27),
	(6239,33,28),
	(6240,33,29),
	(6241,33,30),
	(6242,33,31),
	(6243,33,32),
	(6244,33,33),
	(6245,33,34),
	(6246,33,35),
	(6247,33,37),
	(6248,33,38),
	(6249,33,39),
	(6250,33,40),
	(6251,33,41),
	(6252,33,42),
	(6253,33,43),
	(6254,33,49),
	(6255,33,50),
	(6256,33,51),
	(6257,33,52),
	(6258,33,53),
	(6259,33,54),
	(6260,33,56),
	(6261,33,57),
	(6262,33,58),
	(6263,33,59),
	(6264,33,60),
	(6265,33,62),
	(6266,33,63),
	(6267,33,64),
	(6268,33,65),
	(6269,33,66),
	(6270,33,67),
	(6271,33,68),
	(6272,33,69),
	(6273,33,70),
	(6274,33,71),
	(6275,33,72),
	(6276,33,73),
	(6277,33,74),
	(6278,33,75),
	(6279,33,76),
	(6280,33,77),
	(6281,33,78),
	(6282,33,79),
	(6283,33,80),
	(6284,33,81),
	(6285,33,82),
	(6286,33,88),
	(6287,33,89),
	(6288,33,90),
	(6289,33,91),
	(6290,33,92),
	(6291,33,93),
	(6292,33,94),
	(6293,33,98),
	(6294,33,99),
	(6295,33,100),
	(6296,33,101),
	(6297,33,103),
	(6298,33,104),
	(6299,33,105),
	(6300,33,106),
	(6301,33,108),
	(6302,33,109),
	(6303,33,112),
	(6304,33,113),
	(6305,33,114),
	(6306,33,115),
	(6307,33,116),
	(6308,33,117),
	(6309,33,118),
	(6310,33,119),
	(6311,33,120),
	(6312,33,121),
	(6313,33,122),
	(6314,33,123),
	(6315,33,124),
	(6316,33,125),
	(6317,33,126),
	(6318,33,127),
	(6319,33,128),
	(6320,33,129),
	(6321,33,135),
	(6322,33,136),
	(6323,33,138),
	(6324,33,139),
	(6325,33,140),
	(6326,33,142),
	(6327,33,143),
	(6328,33,144),
	(6329,33,145),
	(6330,33,146),
	(6331,33,147),
	(6332,33,156),
	(6333,33,157),
	(6334,33,158),
	(6335,33,159),
	(6336,33,160),
	(6337,33,161),
	(6338,33,162),
	(6339,33,163),
	(6340,33,164),
	(6341,33,165),
	(6342,33,166),
	(6343,33,167),
	(6344,33,168),
	(6345,33,169),
	(6346,33,170),
	(6347,33,171),
	(6348,33,172),
	(6349,33,173),
	(6350,33,175),
	(6351,33,176),
	(6352,33,177),
	(6353,33,178),
	(6354,33,179),
	(6355,33,180),
	(6356,33,183),
	(6357,33,184),
	(6358,33,185),
	(6359,33,186),
	(6360,33,187),
	(6361,33,188),
	(6362,33,189),
	(6363,33,190),
	(6364,33,191),
	(6365,33,192),
	(6366,33,193),
	(6367,33,194),
	(6368,33,195),
	(6369,33,196),
	(6370,33,197),
	(6371,33,198),
	(6372,33,199),
	(6373,33,200),
	(6374,33,201),
	(6375,33,202),
	(6376,33,203),
	(6377,33,204),
	(6378,33,205),
	(6379,33,206),
	(6380,33,207),
	(6381,33,208),
	(6382,33,209),
	(6383,33,211),
	(6384,33,214),
	(6385,33,215),
	(6386,33,216),
	(6387,33,220),
	(6388,33,225),
	(6389,33,230),
	(6390,33,232),
	(6391,33,233),
	(6392,33,235),
	(6393,33,237),
	(6394,33,239),
	(6395,33,240),
	(6396,33,241),
	(6397,33,242),
	(6398,33,243),
	(6399,33,244),
	(6400,33,245),
	(6401,33,246),
	(6402,33,247),
	(6403,33,248),
	(6404,33,271),
	(6405,33,272),
	(6406,33,273),
	(6407,33,275),
	(6408,33,277),
	(6409,33,278),
	(6410,33,279),
	(6411,33,280),
	(6412,33,281),
	(6413,33,282),
	(6414,33,283),
	(6415,33,284),
	(6416,33,285),
	(6417,33,286),
	(6418,33,287),
	(6419,33,288),
	(6420,33,289),
	(6421,33,291),
	(6422,33,292),
	(6423,33,294),
	(6424,33,295),
	(6425,33,296),
	(6426,33,297),
	(6427,33,299),
	(6428,33,300),
	(6429,33,301),
	(6430,33,302),
	(6431,33,303),
	(6432,33,304),
	(6433,33,305),
	(6434,33,306),
	(6435,33,307),
	(6436,33,308),
	(6437,33,309),
	(6438,33,310),
	(6439,33,311),
	(6440,33,312),
	(6441,33,313),
	(6442,33,314),
	(6443,33,315),
	(6444,33,317),
	(6445,34,5),
	(6446,34,6),
	(6447,34,8),
	(6448,34,10),
	(6449,34,11),
	(6450,34,12),
	(6451,34,13),
	(6452,34,14),
	(6453,34,23),
	(6454,34,24),
	(6455,34,25),
	(6456,34,26),
	(6457,34,27),
	(6458,34,28),
	(6459,34,29),
	(6460,34,30),
	(6461,34,31),
	(6462,34,32),
	(6463,34,33),
	(6464,34,34),
	(6465,34,35),
	(6466,34,37),
	(6467,34,38),
	(6468,34,39),
	(6469,34,40),
	(6470,34,41),
	(6471,34,42),
	(6472,34,43),
	(6473,34,49),
	(6474,34,50),
	(6475,34,51),
	(6476,34,52),
	(6477,34,53),
	(6478,34,54),
	(6479,34,56),
	(6480,34,57),
	(6481,34,58),
	(6482,34,59),
	(6483,34,60),
	(6484,34,62),
	(6485,34,63),
	(6486,34,64),
	(6487,34,65),
	(6488,34,66),
	(6489,34,67),
	(6490,34,68),
	(6491,34,69),
	(6492,34,70),
	(6493,34,71),
	(6494,34,72),
	(6495,34,73),
	(6496,34,74),
	(6497,34,75),
	(6498,34,76),
	(6499,34,77),
	(6500,34,78),
	(6501,34,79),
	(6502,34,80),
	(6503,34,81),
	(6504,34,82),
	(6505,34,88),
	(6506,34,89),
	(6507,34,90),
	(6508,34,91),
	(6509,34,92),
	(6510,34,93),
	(6511,34,94),
	(6512,34,98),
	(6513,34,99),
	(6514,34,100),
	(6515,34,101),
	(6516,34,103),
	(6517,34,104),
	(6518,34,105),
	(6519,34,106),
	(6520,34,108),
	(6521,34,109),
	(6522,34,112),
	(6523,34,113),
	(6524,34,114),
	(6525,34,115),
	(6526,34,116),
	(6527,34,117),
	(6528,34,118),
	(6529,34,119),
	(6530,34,120),
	(6531,34,121),
	(6532,34,122),
	(6533,34,123),
	(6534,34,124),
	(6535,34,125),
	(6536,34,126),
	(6537,34,127),
	(6538,34,128),
	(6539,34,129),
	(6540,34,135),
	(6541,34,136),
	(6542,34,138),
	(6543,34,139),
	(6544,34,140),
	(6545,34,142),
	(6546,34,143),
	(6547,34,144),
	(6548,34,145),
	(6549,34,146),
	(6550,34,147),
	(6551,34,156),
	(6552,34,157),
	(6553,34,158),
	(6554,34,159),
	(6555,34,160),
	(6556,34,161),
	(6557,34,162),
	(6558,34,163),
	(6559,34,164),
	(6560,34,165),
	(6561,34,166),
	(6562,34,167),
	(6563,34,168),
	(6564,34,169),
	(6565,34,170),
	(6566,34,171),
	(6567,34,172),
	(6568,34,173),
	(6569,34,175),
	(6570,34,176),
	(6571,34,177),
	(6572,34,178),
	(6573,34,179),
	(6574,34,180),
	(6575,34,183),
	(6576,34,184),
	(6577,34,185),
	(6578,34,186),
	(6579,34,187),
	(6580,34,188),
	(6581,34,189),
	(6582,34,190),
	(6583,34,191),
	(6584,34,192),
	(6585,34,193),
	(6586,34,194),
	(6587,34,195),
	(6588,34,196),
	(6589,34,197),
	(6590,34,198),
	(6591,34,199),
	(6592,34,200),
	(6593,34,201),
	(6594,34,202),
	(6595,34,203),
	(6596,34,204),
	(6597,34,205),
	(6598,34,206),
	(6599,34,207),
	(6600,34,208),
	(6601,34,209),
	(6602,34,211),
	(6603,34,214),
	(6604,34,215),
	(6605,34,216),
	(6606,34,220),
	(6607,34,225),
	(6608,34,230),
	(6609,34,232),
	(6610,34,233),
	(6611,34,235),
	(6612,34,237),
	(6613,34,239),
	(6614,34,240),
	(6615,34,241),
	(6616,34,242),
	(6617,34,243),
	(6618,34,244),
	(6619,34,245),
	(6620,34,246),
	(6621,34,247),
	(6622,34,248),
	(6623,34,271),
	(6624,34,272),
	(6625,34,273),
	(6626,34,275),
	(6627,34,277),
	(6628,34,278),
	(6629,34,279),
	(6630,34,280),
	(6631,34,281),
	(6632,34,282),
	(6633,34,283),
	(6634,34,284),
	(6635,34,285),
	(6636,34,286),
	(6637,34,287),
	(6638,34,288),
	(6639,34,289),
	(6640,34,291),
	(6641,34,292),
	(6642,34,294),
	(6643,34,295),
	(6644,34,296),
	(6645,34,297),
	(6646,34,299),
	(6647,34,300),
	(6648,34,301),
	(6649,34,302),
	(6650,34,303),
	(6651,34,304),
	(6652,34,305),
	(6653,34,306),
	(6654,34,307),
	(6655,34,308),
	(6656,34,309),
	(6657,34,310),
	(6658,34,311),
	(6659,34,312),
	(6660,34,313),
	(6661,34,314),
	(6662,34,315),
	(6663,34,317),
	(6664,35,5),
	(6665,35,6),
	(6666,35,8),
	(6667,35,10),
	(6668,35,11),
	(6669,35,12),
	(6670,35,13),
	(6671,35,14),
	(6672,35,23),
	(6673,35,24),
	(6674,35,25),
	(6675,35,26),
	(6676,35,27),
	(6677,35,28),
	(6678,35,29),
	(6679,35,30),
	(6680,35,31),
	(6681,35,32),
	(6682,35,33),
	(6683,35,34),
	(6684,35,35),
	(6685,35,37),
	(6686,35,38),
	(6687,35,39),
	(6688,35,40),
	(6689,35,41),
	(6690,35,42),
	(6691,35,43),
	(6692,35,49),
	(6693,35,50),
	(6694,35,51),
	(6695,35,52),
	(6696,35,53),
	(6697,35,54),
	(6698,35,56),
	(6699,35,57),
	(6700,35,58),
	(6701,35,59),
	(6702,35,60),
	(6703,35,62),
	(6704,35,63),
	(6705,35,64),
	(6706,35,65),
	(6707,35,66),
	(6708,35,67),
	(6709,35,68),
	(6710,35,69),
	(6711,35,70),
	(6712,35,71),
	(6713,35,72),
	(6714,35,73),
	(6715,35,74),
	(6716,35,75),
	(6717,35,76),
	(6718,35,77),
	(6719,35,78),
	(6720,35,79),
	(6721,35,80),
	(6722,35,81),
	(6723,35,82),
	(6724,35,88),
	(6725,35,89),
	(6726,35,90),
	(6727,35,91),
	(6728,35,92),
	(6729,35,93),
	(6730,35,94),
	(6731,35,98),
	(6732,35,99),
	(6733,35,100),
	(6734,35,101),
	(6735,35,103),
	(6736,35,104),
	(6737,35,105),
	(6738,35,106),
	(6739,35,108),
	(6740,35,109),
	(6741,35,112),
	(6742,35,113),
	(6743,35,114),
	(6744,35,115),
	(6745,35,116),
	(6746,35,117),
	(6747,35,118),
	(6748,35,119),
	(6749,35,120),
	(6750,35,121),
	(6751,35,122),
	(6752,35,123),
	(6753,35,124),
	(6754,35,125),
	(6755,35,126),
	(6756,35,127),
	(6757,35,128),
	(6758,35,129),
	(6759,35,135),
	(6760,35,136),
	(6761,35,138),
	(6762,35,139),
	(6763,35,140),
	(6764,35,142),
	(6765,35,143),
	(6766,35,144),
	(6767,35,145),
	(6768,35,146),
	(6769,35,147),
	(6770,35,156),
	(6771,35,157),
	(6772,35,158),
	(6773,35,159),
	(6774,35,160),
	(6775,35,161),
	(6776,35,162),
	(6777,35,163),
	(6778,35,164),
	(6779,35,165),
	(6780,35,166),
	(6781,35,167),
	(6782,35,168),
	(6783,35,169),
	(6784,35,170),
	(6785,35,171),
	(6786,35,172),
	(6787,35,173),
	(6788,35,175),
	(6789,35,176),
	(6790,35,177),
	(6791,35,178),
	(6792,35,179),
	(6793,35,180),
	(6794,35,183),
	(6795,35,184),
	(6796,35,185),
	(6797,35,186),
	(6798,35,187),
	(6799,35,188),
	(6800,35,189),
	(6801,35,190),
	(6802,35,191),
	(6803,35,192),
	(6804,35,193),
	(6805,35,194),
	(6806,35,195),
	(6807,35,196),
	(6808,35,197),
	(6809,35,198),
	(6810,35,199),
	(6811,35,200),
	(6812,35,201),
	(6813,35,202),
	(6814,35,203),
	(6815,35,204),
	(6816,35,205),
	(6817,35,206),
	(6818,35,207),
	(6819,35,208),
	(6820,35,209),
	(6821,35,211),
	(6822,35,213),
	(6823,35,214),
	(6824,35,216),
	(6825,35,219),
	(6826,35,225),
	(6827,35,230),
	(6828,35,232),
	(6829,35,233),
	(6830,35,235),
	(6831,35,237),
	(6832,35,239),
	(6833,35,240),
	(6834,35,241),
	(6835,35,242),
	(6836,35,243),
	(6837,35,244),
	(6838,35,245),
	(6839,35,246),
	(6840,35,247),
	(6841,35,248),
	(6842,35,271),
	(6843,35,272),
	(6844,35,273),
	(6845,35,275),
	(6846,35,277),
	(6847,35,278),
	(6848,35,279),
	(6849,35,280),
	(6850,35,281),
	(6851,35,282),
	(6852,35,283),
	(6853,35,284),
	(6854,35,285),
	(6855,35,286),
	(6856,35,287),
	(6857,35,288),
	(6858,35,289),
	(6859,35,291),
	(6860,35,292),
	(6861,35,294),
	(6862,35,295),
	(6863,35,296),
	(6864,35,297),
	(6865,35,299),
	(6866,35,300),
	(6867,35,301),
	(6868,35,302),
	(6869,35,303),
	(6870,35,304),
	(6871,35,305),
	(6872,35,306),
	(6873,35,307),
	(6874,35,308),
	(6875,35,309),
	(6876,35,310),
	(6877,35,311),
	(6878,35,312),
	(6879,35,313),
	(6880,35,314),
	(6881,35,315),
	(6882,35,317),
	(6883,36,5),
	(6884,36,6),
	(6885,36,8),
	(6886,36,10),
	(6887,36,11),
	(6888,36,12),
	(6889,36,13),
	(6890,36,14),
	(6891,36,23),
	(6892,36,24),
	(6893,36,25),
	(6894,36,26),
	(6895,36,27),
	(6896,36,28),
	(6897,36,29),
	(6898,36,30),
	(6899,36,31),
	(6900,36,32),
	(6901,36,33),
	(6902,36,34),
	(6903,36,35),
	(6904,36,37),
	(6905,36,38),
	(6906,36,39),
	(6907,36,40),
	(6908,36,41),
	(6909,36,42),
	(6910,36,43),
	(6911,36,49),
	(6912,36,50),
	(6913,36,51),
	(6914,36,52),
	(6915,36,53),
	(6916,36,54),
	(6917,36,56),
	(6918,36,57),
	(6919,36,58),
	(6920,36,59),
	(6921,36,60),
	(6922,36,62),
	(6923,36,63),
	(6924,36,64),
	(6925,36,65),
	(6926,36,66),
	(6927,36,67),
	(6928,36,68),
	(6929,36,69),
	(6930,36,70),
	(6931,36,71),
	(6932,36,72),
	(6933,36,73),
	(6934,36,74),
	(6935,36,75),
	(6936,36,76),
	(6937,36,77),
	(6938,36,78),
	(6939,36,79),
	(6940,36,80),
	(6941,36,81),
	(6942,36,82),
	(6943,36,88),
	(6944,36,89),
	(6945,36,90),
	(6946,36,91),
	(6947,36,92),
	(6948,36,93),
	(6949,36,94),
	(6950,36,98),
	(6951,36,99),
	(6952,36,100),
	(6953,36,101),
	(6954,36,103),
	(6955,36,104),
	(6956,36,105),
	(6957,36,106),
	(6958,36,108),
	(6959,36,109),
	(6960,36,112),
	(6961,36,113),
	(6962,36,114),
	(6963,36,115),
	(6964,36,116),
	(6965,36,117),
	(6966,36,118),
	(6967,36,119),
	(6968,36,120),
	(6969,36,121),
	(6970,36,122),
	(6971,36,123),
	(6972,36,124),
	(6973,36,125),
	(6974,36,126),
	(6975,36,127),
	(6976,36,128),
	(6977,36,129),
	(6978,36,135),
	(6979,36,136),
	(6980,36,138),
	(6981,36,139),
	(6982,36,140),
	(6983,36,142),
	(6984,36,143),
	(6985,36,144),
	(6986,36,145),
	(6987,36,146),
	(6988,36,147),
	(6989,36,156),
	(6990,36,157),
	(6991,36,158),
	(6992,36,159),
	(6993,36,160),
	(6994,36,161),
	(6995,36,162),
	(6996,36,163),
	(6997,36,164),
	(6998,36,165),
	(6999,36,166),
	(7000,36,167),
	(7001,36,168),
	(7002,36,169),
	(7003,36,170),
	(7004,36,171),
	(7005,36,172),
	(7006,36,173),
	(7007,36,175),
	(7008,36,176),
	(7009,36,177),
	(7010,36,178),
	(7011,36,179),
	(7012,36,180),
	(7013,36,183),
	(7014,36,184),
	(7015,36,185),
	(7016,36,186),
	(7017,36,187),
	(7018,36,188),
	(7019,36,189),
	(7020,36,190),
	(7021,36,191),
	(7022,36,192),
	(7023,36,193),
	(7024,36,194),
	(7025,36,195),
	(7026,36,196),
	(7027,36,197),
	(7028,36,198),
	(7029,36,199),
	(7030,36,200),
	(7031,36,201),
	(7032,36,202),
	(7033,36,203),
	(7034,36,204),
	(7035,36,205),
	(7036,36,206),
	(7037,36,207),
	(7038,36,208),
	(7039,36,209),
	(7040,36,211),
	(7041,36,214),
	(7042,36,216),
	(7043,36,217),
	(7044,36,222),
	(7045,36,226),
	(7046,36,231),
	(7047,36,232),
	(7048,36,233),
	(7049,36,235),
	(7050,36,237),
	(7051,36,239),
	(7052,36,240),
	(7053,36,241),
	(7054,36,242),
	(7055,36,243),
	(7056,36,244),
	(7057,36,245),
	(7058,36,246),
	(7059,36,247),
	(7060,36,248),
	(7061,36,271),
	(7062,36,272),
	(7063,36,273),
	(7064,36,275),
	(7065,36,277),
	(7066,36,278),
	(7067,36,279),
	(7068,36,280),
	(7069,36,281),
	(7070,36,282),
	(7071,36,283),
	(7072,36,284),
	(7073,36,285),
	(7074,36,286),
	(7075,36,287),
	(7076,36,288),
	(7077,36,289),
	(7078,36,291),
	(7079,36,292),
	(7080,36,294),
	(7081,36,295),
	(7082,36,296),
	(7083,36,297),
	(7084,36,299),
	(7085,36,300),
	(7086,36,301),
	(7087,36,302),
	(7088,36,303),
	(7089,36,304),
	(7090,36,305),
	(7091,36,306),
	(7092,36,307),
	(7093,36,308),
	(7094,36,309),
	(7095,36,310),
	(7096,36,311),
	(7097,36,312),
	(7098,36,313),
	(7099,36,314),
	(7100,36,315),
	(7101,36,317),
	(7102,37,5),
	(7103,37,6),
	(7104,37,8),
	(7105,37,10),
	(7106,37,11),
	(7107,37,12),
	(7108,37,13),
	(7109,37,14),
	(7110,37,23),
	(7111,37,24),
	(7112,37,25),
	(7113,37,26),
	(7114,37,32),
	(7115,37,34),
	(7116,37,38),
	(7117,37,39),
	(7118,37,58),
	(7119,37,59),
	(7120,37,60),
	(7121,37,62),
	(7122,37,63),
	(7123,37,64),
	(7124,37,65),
	(7125,37,68),
	(7126,37,88),
	(7127,37,89),
	(7128,37,90),
	(7129,37,91),
	(7130,37,92),
	(7131,37,93),
	(7132,37,94),
	(7133,37,98),
	(7134,37,99),
	(7135,37,100),
	(7136,37,101),
	(7137,37,103),
	(7138,37,104),
	(7139,37,105),
	(7140,37,106),
	(7141,37,108),
	(7142,37,109),
	(7143,37,113),
	(7144,37,114),
	(7145,37,135),
	(7146,37,136),
	(7147,37,138),
	(7148,37,139),
	(7149,37,140),
	(7150,37,142),
	(7151,37,143),
	(7152,37,144),
	(7153,37,145),
	(7154,37,146),
	(7155,37,147),
	(7156,37,156),
	(7157,37,157),
	(7158,37,158),
	(7159,37,159),
	(7160,37,160),
	(7161,37,161),
	(7162,37,162),
	(7163,37,163),
	(7164,37,164),
	(7165,37,165),
	(7166,37,166),
	(7167,37,167),
	(7168,37,168),
	(7169,37,169),
	(7170,37,170),
	(7171,37,171),
	(7172,37,172),
	(7173,37,173),
	(7174,37,175),
	(7175,37,176),
	(7176,37,177),
	(7177,37,178),
	(7178,37,179),
	(7179,37,180),
	(7180,37,183),
	(7181,37,184),
	(7182,37,185),
	(7183,37,186),
	(7184,37,187),
	(7185,37,188),
	(7186,37,189),
	(7187,37,190),
	(7188,37,191),
	(7189,37,192),
	(7190,37,193),
	(7191,37,194),
	(7192,37,195),
	(7193,37,196),
	(7194,37,197),
	(7195,37,198),
	(7196,37,199),
	(7197,37,200),
	(7198,37,201),
	(7199,37,202),
	(7200,37,203),
	(7201,37,204),
	(7202,37,205),
	(7203,37,206),
	(7204,37,207),
	(7205,37,208),
	(7206,37,209),
	(7207,37,210),
	(7208,37,211),
	(7209,37,214),
	(7210,37,216),
	(7211,37,218),
	(7212,37,223),
	(7213,37,227),
	(7214,37,232),
	(7215,37,233),
	(7216,37,235),
	(7217,37,237),
	(7218,37,239),
	(7219,37,240),
	(7220,37,241),
	(7221,37,242),
	(7222,37,243),
	(7223,37,244),
	(7224,37,245),
	(7225,37,246),
	(7226,37,247),
	(7227,37,248),
	(7228,37,279),
	(7229,37,280),
	(7230,37,281),
	(7231,37,282),
	(7232,37,283),
	(7233,37,284),
	(7234,37,285),
	(7235,37,286),
	(7236,37,287),
	(7237,37,288),
	(7238,37,294),
	(7239,37,295),
	(7240,37,296),
	(7241,37,297),
	(7242,37,299),
	(7243,37,300),
	(7244,37,301),
	(7245,37,302),
	(7246,37,303),
	(7247,37,304),
	(7248,37,305),
	(7249,37,306),
	(7250,37,307),
	(7251,37,308),
	(7252,37,309),
	(7253,37,310),
	(7254,37,311),
	(7255,37,312),
	(7256,37,313),
	(7257,37,314),
	(7258,37,315),
	(7259,37,317),
	(7260,38,5),
	(7261,38,6),
	(7262,38,8),
	(7263,38,10),
	(7264,38,11),
	(7265,38,12),
	(7266,38,13),
	(7267,38,14),
	(7268,38,23),
	(7269,38,24),
	(7270,38,25),
	(7271,38,26),
	(7272,38,27),
	(7273,38,28),
	(7274,38,29),
	(7275,38,30),
	(7276,38,31),
	(7277,38,32),
	(7278,38,33),
	(7279,38,34),
	(7280,38,35),
	(7281,38,37),
	(7282,38,38),
	(7283,38,39),
	(7284,38,40),
	(7285,38,41),
	(7286,38,42),
	(7287,38,43),
	(7288,38,49),
	(7289,38,50),
	(7290,38,51),
	(7291,38,52),
	(7292,38,53),
	(7293,38,54),
	(7294,38,56),
	(7295,38,57),
	(7296,38,58),
	(7297,38,59),
	(7298,38,60),
	(7299,38,62),
	(7300,38,63),
	(7301,38,64),
	(7302,38,65),
	(7303,38,66),
	(7304,38,67),
	(7305,38,68),
	(7306,38,69),
	(7307,38,70),
	(7308,38,71),
	(7309,38,72),
	(7310,38,73),
	(7311,38,74),
	(7312,38,75),
	(7313,38,76),
	(7314,38,77),
	(7315,38,78),
	(7316,38,79),
	(7317,38,80),
	(7318,38,81),
	(7319,38,82),
	(7320,38,88),
	(7321,38,89),
	(7322,38,90),
	(7323,38,91),
	(7324,38,92),
	(7325,38,93),
	(7326,38,94),
	(7327,38,98),
	(7328,38,99),
	(7329,38,100),
	(7330,38,101),
	(7331,38,103),
	(7332,38,104),
	(7333,38,105),
	(7334,38,106),
	(7335,38,108),
	(7336,38,109),
	(7337,38,112),
	(7338,38,113),
	(7339,38,114),
	(7340,38,115),
	(7341,38,116),
	(7342,38,117),
	(7343,38,118),
	(7344,38,119),
	(7345,38,120),
	(7346,38,121),
	(7347,38,122),
	(7348,38,123),
	(7349,38,124),
	(7350,38,125),
	(7351,38,126),
	(7352,38,127),
	(7353,38,128),
	(7354,38,129),
	(7355,38,135),
	(7356,38,136),
	(7357,38,138),
	(7358,38,139),
	(7359,38,140),
	(7360,38,142),
	(7361,38,143),
	(7362,38,144),
	(7363,38,145),
	(7364,38,146),
	(7365,38,147),
	(7366,38,156),
	(7367,38,157),
	(7368,38,158),
	(7369,38,159),
	(7370,38,160),
	(7371,38,161),
	(7372,38,162),
	(7373,38,163),
	(7374,38,164),
	(7375,38,165),
	(7376,38,166),
	(7377,38,167),
	(7378,38,168),
	(7379,38,169),
	(7380,38,170),
	(7381,38,171),
	(7382,38,172),
	(7383,38,173),
	(7384,38,175),
	(7385,38,176),
	(7386,38,177),
	(7387,38,178),
	(7388,38,179),
	(7389,38,180),
	(7390,38,183),
	(7391,38,184),
	(7392,38,185),
	(7393,38,186),
	(7394,38,187),
	(7395,38,188),
	(7396,38,189),
	(7397,38,190),
	(7398,38,191),
	(7399,38,192),
	(7400,38,193),
	(7401,38,194),
	(7402,38,195),
	(7403,38,196),
	(7404,38,197),
	(7405,38,198),
	(7406,38,199),
	(7407,38,200),
	(7408,38,201),
	(7409,38,202),
	(7410,38,203),
	(7411,38,204),
	(7412,38,205),
	(7413,38,206),
	(7414,38,207),
	(7415,38,208),
	(7416,38,209),
	(7417,38,210),
	(7418,38,211),
	(7419,38,214),
	(7420,38,216),
	(7421,38,218),
	(7422,38,223),
	(7423,38,227),
	(7424,38,232),
	(7425,38,233),
	(7426,38,235),
	(7427,38,237),
	(7428,38,239),
	(7429,38,240),
	(7430,38,241),
	(7431,38,242),
	(7432,38,243),
	(7433,38,244),
	(7434,38,245),
	(7435,38,246),
	(7436,38,247),
	(7437,38,248),
	(7438,38,250),
	(7439,38,251),
	(7440,38,252),
	(7441,38,253),
	(7442,38,256),
	(7443,38,257),
	(7444,38,259),
	(7445,38,260),
	(7446,38,263),
	(7447,38,279),
	(7448,38,280),
	(7449,38,281),
	(7450,38,282),
	(7451,38,283),
	(7452,38,284),
	(7453,38,285),
	(7454,38,286),
	(7455,38,287),
	(7456,38,288),
	(7457,38,294),
	(7458,38,295),
	(7459,38,296),
	(7460,38,297),
	(7461,38,299),
	(7462,38,300),
	(7463,38,301),
	(7464,38,302),
	(7465,38,303),
	(7466,38,304),
	(7467,38,305),
	(7468,38,306),
	(7469,38,307),
	(7470,38,308),
	(7471,38,309),
	(7472,38,310),
	(7473,38,311),
	(7474,38,312),
	(7475,38,313),
	(7476,38,314),
	(7477,38,315),
	(7478,38,317);

/*!40000 ALTER TABLE `simulacoes_tabelas` ENABLE KEYS */;
UNLOCK TABLES;


# Dump da tabela subprodutos
# ------------------------------------------------------------

DROP TABLE IF EXISTS `subprodutos`;

CREATE TABLE `subprodutos` (
  `id` int(11) unsigned NOT NULL AUTO_INCREMENT,
  `descricao` text NOT NULL,
  `nome` varchar(150) NOT NULL DEFAULT '',
  `tipo_id` int(11) unsigned NOT NULL,
  PRIMARY KEY (`id`),
  KEY `tipo_id` (`tipo_id`),
  CONSTRAINT `subprodutos_ibfk_1` FOREIGN KEY (`tipo_id`) REFERENCES `tipos` (`id`)
) ENGINE=InnoDB DEFAULT CHARSET=utf8;

LOCK TABLES `subprodutos` WRITE;
/*!40000 ALTER TABLE `subprodutos` DISABLE KEYS */;

INSERT INTO `subprodutos` (`id`, `descricao`, `nome`, `tipo_id`)
VALUES
	(1,'TESTE','TESTE',1);

/*!40000 ALTER TABLE `subprodutos` ENABLE KEYS */;
UNLOCK TABLES;


# Dump da tabela tabelas
# ------------------------------------------------------------

DROP TABLE IF EXISTS `tabelas`;

CREATE TABLE `tabelas` (
  `id` int(11) unsigned NOT NULL AUTO_INCREMENT,
  `nome` varchar(100) NOT NULL DEFAULT '',
  `descricao` text NOT NULL,
  `vigencia` date NOT NULL,
  `faixa1` float DEFAULT NULL,
  `faixa2` float DEFAULT NULL,
  `faixa3` float DEFAULT NULL,
  `faixa4` float DEFAULT NULL,
  `faixa5` float DEFAULT NULL,
  `faixa6` float DEFAULT NULL,
  `faixa7` float DEFAULT NULL,
  `faixa8` float DEFAULT NULL,
  `faixa9` float DEFAULT NULL,
  `faixa10` float DEFAULT NULL,
  `produto_id` int(11) unsigned NOT NULL,
  `operadora_id` int(11) unsigned NOT NULL,
  `ramo_id` int(11) unsigned NOT NULL,
  `abrangencia_id` int(11) unsigned NOT NULL,
  `tipo_id` int(11) unsigned NOT NULL,
  `modalidade_id` int(11) unsigned NOT NULL,
  `carencia_id` int(11) unsigned DEFAULT NULL,
  `opcional_id` int(11) unsigned DEFAULT NULL,
  `reembolso_id` int(11) unsigned DEFAULT NULL,
  `rede_id` int(11) unsigned DEFAULT NULL,
  `observacao_id` int(11) unsigned DEFAULT NULL,
  `informacao_id` int(11) unsigned DEFAULT NULL,
  `validade` char(1) DEFAULT NULL,
  `estado_id` int(11) unsigned DEFAULT NULL,
  `regiao_id` int(11) unsigned DEFAULT NULL,
  `cod_ans` varchar(50) DEFAULT NULL,
  `minimo_vidas` int(11) DEFAULT NULL,
  `maximo_vidas` int(11) DEFAULT NULL,
  `titulares` int(11) DEFAULT NULL,
  `prioridade` float DEFAULT '0',
  `tipo_cnpj` int(11) DEFAULT '0',
  PRIMARY KEY (`id`),
  KEY `produto_id` (`produto_id`),
  KEY `operadora_id` (`operadora_id`),
  KEY `ramo_id` (`ramo_id`),
  KEY `abrangencia_id` (`abrangencia_id`),
  KEY `tipo_id` (`tipo_id`),
  KEY `modalidade_id` (`modalidade_id`),
  KEY `estado_id` (`estado_id`),
  KEY `regiao_id` (`regiao_id`),
  KEY `reembolso_id` (`reembolso_id`),
  KEY `rede_id` (`rede_id`),
  KEY `observacao_id` (`observacao_id`),
  KEY `informacao_id` (`informacao_id`),
  KEY `carencia_id` (`carencia_id`),
  KEY `opcional_id` (`opcional_id`),
  CONSTRAINT `tabelas_ibfk_1` FOREIGN KEY (`produto_id`) REFERENCES `produtos` (`id`),
  CONSTRAINT `tabelas_ibfk_10` FOREIGN KEY (`reembolso_id`) REFERENCES `reembolsos` (`id`),
  CONSTRAINT `tabelas_ibfk_11` FOREIGN KEY (`rede_id`) REFERENCES `redes` (`id`),
  CONSTRAINT `tabelas_ibfk_12` FOREIGN KEY (`observacao_id`) REFERENCES `observacoes` (`id`),
  CONSTRAINT `tabelas_ibfk_13` FOREIGN KEY (`informacao_id`) REFERENCES `informacoes` (`id`),
  CONSTRAINT `tabelas_ibfk_14` FOREIGN KEY (`carencia_id`) REFERENCES `carencias` (`id`),
  CONSTRAINT `tabelas_ibfk_15` FOREIGN KEY (`opcional_id`) REFERENCES `opcionais` (`id`),
  CONSTRAINT `tabelas_ibfk_2` FOREIGN KEY (`operadora_id`) REFERENCES `operadoras` (`id`),
  CONSTRAINT `tabelas_ibfk_3` FOREIGN KEY (`ramo_id`) REFERENCES `ramos` (`id`),
  CONSTRAINT `tabelas_ibfk_4` FOREIGN KEY (`abrangencia_id`) REFERENCES `abrangencias` (`id`),
  CONSTRAINT `tabelas_ibfk_5` FOREIGN KEY (`tipo_id`) REFERENCES `tipos` (`id`),
  CONSTRAINT `tabelas_ibfk_6` FOREIGN KEY (`modalidade_id`) REFERENCES `modalidades` (`id`),
  CONSTRAINT `tabelas_ibfk_8` FOREIGN KEY (`estado_id`) REFERENCES `estados` (`id`),
  CONSTRAINT `tabelas_ibfk_9` FOREIGN KEY (`regiao_id`) REFERENCES `regioes` (`id`)
) ENGINE=InnoDB DEFAULT CHARSET=utf8;

LOCK TABLES `tabelas` WRITE;
/*!40000 ALTER TABLE `tabelas` DISABLE KEYS */;

INSERT INTO `tabelas` (`id`, `nome`, `descricao`, `vigencia`, `faixa1`, `faixa2`, `faixa3`, `faixa4`, `faixa5`, `faixa6`, `faixa7`, `faixa8`, `faixa9`, `faixa10`, `produto_id`, `operadora_id`, `ramo_id`, `abrangencia_id`, `tipo_id`, `modalidade_id`, `carencia_id`, `opcional_id`, `reembolso_id`, `rede_id`, `observacao_id`, `informacao_id`, `validade`, `estado_id`, `regiao_id`, `cod_ans`, `minimo_vidas`, `maximo_vidas`, `titulares`, `prioridade`, `tipo_cnpj`)
VALUES
	(5,'400 – PLANO - 02 À 29 VIDAS - SEM COPARTICIPAÇÃO','400 – PLANO -  02 À 29 VIDAS - SEM COPARTICIPAÇÃO','2017-04-30',293.579,366.971,458.711,504.581,529.815,582.802,728.508,801.361,1001.7,1752.98,84,2,1,1,1,3,2,2,NULL,3,3,2,'1',5,2,'472937144',2,29,NULL,0,0),
	(6,'400 – PLANO PME 02 À 29 VIDAS - SEM COPARTICIPAÇÃO','400 – PLANO PME 02 À 29 VIDAS - SEM COPARTICIPAÇÃO','2017-04-30',331.88,414.85,518.57,570.43,598.95,658.85,823.56,905.92,1132.4,1981.69,84,2,1,1,2,3,2,2,NULL,3,3,2,'1',5,2,'472940144',2,29,NULL,0,0),
	(8,'500 – PLANO - 02 À 29 VIDAS - SEM COPARTICIPAÇÃO','500 – PLANO - 02 À 29 VIDAS - SEM COPARTICIPAÇÃO','2017-04-30',366.56,458.21,572.76,630.04,661.54,727.69,909.62,1000.58,1250.73,2188.78,85,2,1,1,2,3,2,2,NULL,4,3,2,'1',5,2,'472942141',2,29,NULL,0,0),
	(10,'700 – PLANO - 02 À 29 VIDAS - SEM COPARTICIPAÇÃO','700 – PLANO - 02 À 29 VIDAS - SEM COPARTICIPAÇÃO','2017-04-30',437.88,547.35,684.19,752.61,790.24,869.26,1086.58,1195.24,1494.05,2614.59,86,2,1,1,2,3,2,2,NULL,5,3,2,'1',5,2,'472841146',2,29,NULL,0,0),
	(11,'400 – PLANO PME 02 À 29 VIDAS - COM COPARTICIPAÇÃO','400 – PLANO PME 02 À 29 VIDAS - COM COPARTICIPAÇÃO','2017-04-30',234.84,293.55,366.94,403.63,423.82,466.2,582.76,641.04,801.3,1402.27,87,2,1,1,1,3,2,2,NULL,3,3,2,'1',5,2,'472936146',2,29,NULL,0,0),
	(12,'400 – PLANO - 02 À 29 VIDAS - COM COPARTICIPAÇÃO','400 – PLANO - 02 À 29 VIDAS - COM COPARTICIPAÇÃO','2017-04-30',265.518,331.903,414.876,456.368,479.182,527.098,658.878,724.768,905.96,1585.43,87,2,1,1,2,3,2,2,NULL,3,3,2,'1',5,2,'472939141',2,29,NULL,0,0),
	(13,'500 – PLANO - 02 À 29 VIDAS - COM COPARTICIPAÇÃO','500 – PLANO - 02 À 29 VIDAS - COM COPARTICIPAÇÃO','2017-04-30',293.27,366.59,458.24,504.06,529.27,582.2,727.75,800.53,1000.66,1751.16,88,2,1,1,2,3,2,2,NULL,4,3,2,'1',5,2,'472835141',2,29,NULL,0,0),
	(14,'700 – PLANO - 02 À 29 VIDAS - COM COPARTICIPAÇÃO','700 – PLANO - 02 À 29 VIDAS - COM COPARTICIPAÇÃO','2017-04-30',350.3,437.88,547.35,602.09,632.19,695.41,869.26,956.19,1195.24,2091.67,89,2,1,1,2,3,2,2,NULL,5,3,2,'1',5,2,'472840148',2,29,NULL,0,0),
	(15,'400 – PLANO - 30 À 99 VIDAS - SEM COPARTICIPAÇÃO','400 – PLANO - 30 À 99 VIDAS - SEM COPARTICIPAÇÃO','2017-04-30',278.88,348.6,435.75,479.33,503.29,553.62,692.02,761.22,951.53,1665.18,90,2,1,1,1,3,2,3,NULL,6,4,3,'1',5,2,'472937144',30,99,NULL,0,0),
	(16,'400 – PLANO - 30 À 99 VIDAS - SEM COPARTICIPAÇÃO','400 – PLANO - 30 À 99 VIDAS - SEM COPARTICIPAÇÃO','2017-04-30',315.28,394.11,492.64,541.9,569,625.9,782.38,860.62,1075.78,1882.62,90,2,1,1,2,3,2,3,NULL,6,4,3,'1',5,2,'472940144',30,99,NULL,0,0),
	(17,'500 – PLANO - 30 À 99 VIDAS - SEM COPARTICIPAÇÃO','500 – PLANO - 30 À 99 VIDAS - SEM COPARTICIPAÇÃO','2017-04-30',348.24,435.3,544.13,598.54,628.47,691.32,864.15,950.57,1188.21,2079.36,91,2,1,1,2,3,2,3,NULL,7,4,3,'1',5,2,'472942141',30,99,NULL,0,0),
	(18,'700 – PLANO PME 30 à 99 VIDAS - SEM COPARTICIPAÇÃO','700 – PLANO PME 30 à 99 VIDAS - SEM COPARTICIPAÇÃO','2017-04-30',415.98,519.98,649.98,714.98,750.73,825.8,1032.25,1135.48,1419.35,2483.86,92,2,1,1,2,3,2,3,NULL,8,4,3,'1',5,2,'472841146',30,99,NULL,0,0),
	(19,'400 – PLANO PME 30 À 99 VIDAS - COM COPARTICIPAÇÃO','400 – PLANO PME 30 À 99 VIDAS - COM COPARTICIPAÇÃO','2017-04-30',223.102,278.883,348.601,383.46,402.633,442.893,553.619,608.982,761.233,1332.16,93,2,1,1,1,3,2,3,NULL,6,4,3,'1',5,2,'472936146',30,99,NULL,0,0),
	(20,'AMIL – PLANO PME 30 À 99 VIDAS','AMIL – PLANO PME 30 À 99 VIDAS','2017-04-30',252.241,315.304,394.13,433.543,455.224,500.742,625.933,688.523,860.651,1506.14,93,2,1,1,2,3,2,3,NULL,6,4,3,'1',5,2,' 472939141',30,99,NULL,0,0),
	(21,'AMIL – PLANO PME 30 À 99 VIDAS','AMIL – PLANO PME 30 À 99 VIDAS','2017-04-30',278.619,348.271,435.336,478.874,502.821,553.102,691.383,760.518,950.653,1663.64,94,2,1,1,2,3,2,3,NULL,7,4,3,'1',5,2,' 472835141',30,99,NULL,0,0),
	(22,'AMIL – PLANO PME 30 À 99 VIDAS','AMIL – PLANO PME 30 À 99 VIDAS','2017-04-30',332.779,415.976,519.967,571.968,600.569,660.63,825.791,908.366,1135.45,1987.05,95,2,1,1,2,3,2,3,NULL,8,4,3,'1',5,2,'472840148',30,99,NULL,0,0),
	(23,'HOSPITALAR NACIONAL - OPCIONAL ','HOSPITALAR NACIONAL - OPCIONAL - 03 à 29 VIDAS','2017-04-30',224.785,274.686,340.609,374.666,397.154,460.688,550.734,640.319,761.991,1348.71,96,1,1,1,1,3,5,5,NULL,9,5,4,'1',5,3,'',3,29,NULL,0,0),
	(24,'HOSPITALAR NACIONAL - OPCIONAL ','HOSPITALAR NACIONAL - OPCIONAL - 03 à 29 VIDAS','2017-04-30',255.447,312.144,387.066,425.778,451.315,523.527,625.848,727.658,865.92,1532.68,96,1,1,1,2,3,5,5,NULL,9,5,4,'1',5,3,'',3,29,NULL,0,0),
	(25,'HOSPITALAR NACIONAL - COMPULSÓRIA','HOSPITALAR NACIONAL - COMPULSÓRIA - 03 à 29 VIDAS ','2017-04-30',202.308,247.221,306.542,337.204,357.439,414.623,495.667,576.293,685.788,1213.85,98,1,1,1,1,3,4,5,NULL,9,5,4,'1',5,3,'',3,29,NULL,0,0),
	(26,'HOSPITALAR NACIONAL - COMPULSÓRIA','HOSPITALAR NACIONAL - COMPULSÓRIA - 03 à 29 VIDAS','2017-04-30',229.899,280.934,348.354,383.205,406.192,471.181,563.259,654.896,779.324,1379.41,98,1,1,1,2,3,4,5,NULL,9,5,4,'1',5,3,'',3,29,NULL,0,0),
	(27,'HOSPITALAR NACIONAL - OPCIONAL ','HOSPITALAR NACIONAL - OPCIONAL - 04 à 29 VIDAS','2017-04-30',204.33,249.694,309.613,340.578,361.012,418.772,500.624,582.056,692.651,1225.99,99,1,1,1,1,3,5,5,NULL,9,5,4,'1',5,3,'',4,29,NULL,0,0),
	(28,'HOSPITALAR NACIONAL - OPCIONAL ','HOSPITALAR NACIONAL - OPCIONAL - 04 à 29 VIDAS','2017-04-30',232.2,283.745,351.846,387.036,410.253,475.893,568.901,661.448,787.126,1393.22,99,1,1,1,2,3,5,5,NULL,9,5,4,'1',5,3,'',4,29,NULL,0,0),
	(29,'HOSPITALAR NACIONAL - COMPULSÓRIA','HOSPITALAR NACIONAL - COMPULSÓRIA - 04 à 29','2017-04-30',183.896,224.722,278.647,306.521,324.912,376.898,450.566,523.856,623.385,1103.4,100,1,1,1,1,3,4,5,NULL,9,5,4,'1',5,3,'',4,29,NULL,0,0),
	(30,'HOSPITALAR NACIONAL - COMPULSÓRIA','HOSPITALAR NACIONAL - COMPULSÓRIA - 04 à 29 VIDAS\r\n','2017-04-30',208.983,255.367,316.665,348.334,369.231,428.308,512.014,595.309,708.412,1253.9,100,1,1,1,2,3,4,5,NULL,9,5,4,'1',5,3,'',4,29,NULL,0,0),
	(31,'PERFIL - OPCIONAL - SEM COPARTICIPAÇÃO ','PERFIL - OPCIONAL - SEM COPARTICIPAÇÃO ','2017-04-30',281.193,343.606,426.076,468.684,496.809,576.303,688.931,801.02,953.191,1687.15,103,28,1,3,1,3,5,5,NULL,9,5,4,'1',5,3,'',4,29,NULL,0,0),
	(32,'PERFIL - OPCIONAL - SEM COPARTICIPAÇÃO ','PERFIL - OPCIONAL - SEM COPARTICIPAÇÃO ','2017-04-30',309.34,378.02,468.726,515.598,546.543,634,757.894,881.169,1048.6,1856.03,101,28,1,3,1,3,5,5,NULL,9,5,4,'1',5,3,'',3,29,1,0,0),
	(33,'PERFIL - OPCIONAL - SEM COPARTICIPAÇÃO','PERFIL - OPCIONAL - SEM COPARTICIPAÇÃO','2017-04-30',312.431,381.792,473.42,520.764,552.013,640.33,765.48,890.002,1059.1,1874.61,103,28,1,3,2,3,5,5,NULL,9,5,4,'1',5,3,'',4,29,NULL,0,0),
	(34,'PERFIL - OPCIONAL - SEM COPARTICIPAÇÃO ','PERFIL - OPCIONAL - SEM COPARTICIPAÇÃO ','2017-04-30',343.701,420.009,520.806,572.897,607.269,704.43,842.103,979.095,1165.12,2062.26,101,28,1,3,2,3,5,5,NULL,9,5,4,'1',5,3,'',3,29,1,0,0),
	(35,'PERFIL - OPCIONAL - COPARTICIPAÇÃO 10%','PERFIL - OPCIONAL - COPARTICIPAÇÃO 10%','2017-04-30',330.1,403.38,500.2,550.21,583.23,676.55,808.77,940.34,1119,1980.64,104,29,1,3,1,3,5,5,NULL,9,5,4,'1',5,3,'',4,29,NULL,0,0),
	(37,'PERFIL - OPCIONAL - COPARTICIPAÇÃO 10%','PERFIL - OPCIONAL - COPARTICIPAÇÃO 10%','2017-04-30',302.843,370.066,458.886,504.773,535.068,620.671,741.976,862.684,1026.59,1817.06,104,29,1,3,2,3,5,5,NULL,9,5,4,'1',5,3,'',4,29,NULL,0,0),
	(38,'PERFIL - COMPULSÓRIA - SEM COPARTICIPAÇÃO','PERFIL - COMPULSÓRIA - SEM COPARTICIPAÇÃO','2017-04-30',278.406,340.201,421.853,464.042,491.884,570.592,682.099,793.051,943.749,1670.43,102,30,1,3,1,3,4,5,NULL,9,5,4,'1',5,3,'',3,29,1,0,0),
	(39,'PERFIL - COMPULSÓRIA - SEM COPARTICIPAÇÃO','PERFIL - COMPULSÓRIA - SEM COPARTICIPAÇÃO','2017-04-30',309.34,378.009,468.726,515.609,546.543,633.979,757.894,881.179,1048.6,1856.03,102,30,1,3,2,3,4,5,NULL,9,5,4,'1',5,3,'',3,29,1,0,0),
	(40,'PERFIL - OPCIONAL - COPARTICIPAÇÃO 20%','PERFIL - OPCIONAL - COPARTICIPAÇÃO 20%','2017-04-30',263.924,322.512,399.91,439.908,466.305,540.916,646.628,751.816,894.666,1583.56,105,29,1,3,1,3,5,5,NULL,9,5,4,'1',5,3,'',4,29,NULL,0,0),
	(41,'PERFIL - OPCIONAL - COPARTICIPAÇÃO 20%','PERFIL - OPCIONAL - COPARTICIPAÇÃO 20%','2017-03-30',293.244,358.35,444.352,488.793,518.124,601.013,718.482,835.354,994.069,1759.51,105,29,1,3,2,3,5,5,NULL,9,5,4,'1',5,3,'',4,29,NULL,0,0),
	(42,'PERFIL - OPCIONAL - COPARTICIPAÇÃO 30%','PERFIL - OPCIONAL - COPARTICIPAÇÃO 30%','2017-04-30',250.039,305.536,378.868,416.75,441.763,512.444,612.602,712.247,847.573,1500.22,106,29,1,3,1,3,5,5,NULL,9,5,4,'1',5,3,'',4,29,NULL,0,0),
	(43,'PERFIL - OPCIONAL - COPARTICIPAÇÃO 30%','PERFIL - OPCIONAL - COPARTICIPAÇÃO 30%','2017-04-30',277.809,339.488,420.962,463.067,490.847,569.376,680.663,791.395,941.758,1666.91,106,29,1,3,2,3,5,5,NULL,9,5,4,'1',5,3,'',4,29,NULL,0,0),
	(44,'PERFIL - OPCIONAL - SEM COPARTICIPAÇÃO','PERFIL - OPCIONAL - SEM COPARTICIPAÇÃO','2017-04-30',309.345,378.007,468.736,515.605,546.536,634,757.892,881.18,1048.6,1856.04,111,28,1,3,1,3,6,5,NULL,9,5,4,'1',5,3,'',30,99,NULL,0,0),
	(46,'PERFIL - OPCIONAL - SEM COPARTICIPAÇÃO ','PERFIL - OPCIONAL - SEM COPARTICIPAÇÃO ','2017-04-30',343.707,420.003,520.814,572.891,607.266,704.434,842.106,979.095,1165.11,2062.27,111,28,1,3,2,3,6,5,NULL,9,5,4,'1',5,3,'',30,99,NULL,0,0),
	(47,'PERFIL - COMPULSÓRIA - SEM COPARTICIPAÇÃO ','PERFIL - COMPULSÓRIA - SEM COPARTICIPAÇÃO ','2017-04-30',265.88,324.9,402.88,443.17,469.76,544.92,651.42,757.39,901.29,1595.29,112,30,1,3,1,3,6,5,NULL,9,5,4,'1',5,3,'',30,99,NULL,0,0),
	(48,'PERFIL - COMPULSÓRIA - SEM COPARTICIPAÇÃO','PERFIL - COMPULSÓRIA - SEM COPARTICIPAÇÃO','2017-04-30',295.42,361,447.64,492.41,521.95,605.46,723.8,841.55,1001.44,1772.55,112,30,1,3,2,3,6,5,NULL,9,5,4,'1',5,3,'',30,99,NULL,0,0),
	(49,'PERFIL - COMPULSÓRIA - SEM COPARTICIPAÇÃO','PERFIL - COMPULSÓRIA - SEM COPARTICIPAÇÃO','2017-04-30',253.078,309.246,383.469,421.811,447.128,518.669,620.042,720.892,857.874,1518.44,107,30,1,3,1,3,4,5,NULL,9,5,4,'1',5,3,'',4,29,NULL,0,0),
	(50,'PERFIL - COMPULSÓRIA - SEM COPARTICIPAÇÃO','PERFIL - COMPULSÓRIA - SEM COPARTICIPAÇÃO','2017-04-30',281.193,343.617,426.076,468.684,496.809,576.293,688.931,801.004,953.191,1687.15,107,30,1,3,2,3,4,5,NULL,9,5,4,'1',5,3,'',4,29,NULL,0,0),
	(51,'PERFIL - COMPULSÓRIA - COPARTICIPAÇÃO 10%','PERFIL - COMPULSÓRIA - COPARTICIPAÇÃO 10%','2017-04-30',245.31,299.76,371.71,408.88,433.41,502.76,601.01,698.79,831.55,1471.85,108,31,1,3,1,3,4,5,NULL,9,5,4,'1',5,3,'',4,29,NULL,0,0),
	(52,'PERFIL - COMPULSÓRIA - COPARTICIPAÇÃO 10%','PERFIL - COMPULSÓRIA - COPARTICIPAÇÃO 10%','2017-04-30',272.56,333.07,413.01,454.3,481.57,558.61,667.79,776.43,923.94,1635.39,108,31,1,3,2,3,4,5,NULL,9,5,4,'1',5,3,'',4,29,NULL,0,0),
	(53,'PERFIL - COMPULSÓRIA - COPARTICIPAÇÃO 20% ','PERFIL - COMPULSÓRIA - COPARTICIPAÇÃO 20% ','2017-04-30',237.54,290.27,359.94,395.93,419.68,486.83,581.98,676.65,805.21,1425.23,109,31,1,3,1,3,4,5,NULL,9,5,4,'1',5,3,'',4,29,NULL,0,0),
	(54,'PERFIL - COMPULSÓRIA - COPARTICIPAÇÃO 20%','PERFIL - COMPULSÓRIA - COPARTICIPAÇÃO 20%','2017-04-30',263.93,322.52,399.93,439.92,466.31,540.92,646.64,751.84,894.68,1583.59,109,31,1,3,2,3,4,5,NULL,9,5,4,'1',5,3,'',4,29,NULL,0,0),
	(56,'PERFIL - COMPULSÓRIA - COPARTICIPAÇÃO 30%','PERFIL - COMPULSÓRIA - COPARTICIPAÇÃO 30%','2017-04-30',225.037,274.979,340.976,375.075,397.584,461.202,551.342,641.021,762.819,1350.19,110,31,1,3,1,3,4,5,NULL,9,5,4,'1',5,3,'',4,29,NULL,0,0),
	(57,'PERFIL - COMPULSÓRIA - COPARTICIPAÇÃO 30%','PERFIL - COMPULSÓRIA - COPARTICIPAÇÃO 30%','2017-04-30',250.029,305.536,378.868,416.76,441.763,512.444,612.602,712.247,847.573,1500.22,110,31,1,3,2,3,4,5,NULL,9,5,4,'1',5,3,'',4,29,NULL,0,0),
	(58,'FLEX NACIONAL – OPCIONAL – SEM COPARTICIPAÇÃO','FLEX NACIONAL – OPCIONAL – SEM COPARTICIPAÇÃO','2017-04-30',337.183,412.034,510.914,562.01,595.731,691.038,826.102,960.484,1143,2023.08,113,28,1,1,1,3,5,5,NULL,9,5,4,'1',5,3,'',3,29,NULL,0,0),
	(59,'FLEX NACIONAL - OPCIONAL - SEM COPARTICIPAÇÃO','FLEX NACIONAL - OPCIONAL - SEM COPARTICIPAÇÃO','2017-04-30',374.645,457.807,567.679,624.454,661.927,767.828,917.887,1067.21,1270,2247.86,113,28,1,1,2,3,5,5,NULL,9,5,4,'1',5,3,'',3,29,NULL,0,0),
	(60,'FLEX NACIONAL - OPCIONAL - COPARTICIPAÇÃO 10%','FLEX NACIONAL - OPCIONAL - COPARTICIPAÇÃO 10%','2017-04-30',326.83,399.386,495.238,544.761,577.445,669.828,800.742,931.02,1107.88,1961.01,114,29,1,1,1,3,5,5,NULL,9,5,4,'1',5,3,'',3,29,NULL,0,0),
	(62,'FLEX NACIONAL - OPCIONAL - COPARTICIPAÇÃO 10%','FLEX NACIONAL - OPCIONAL - COPARTICIPAÇÃO 10%','2017-04-30',363.15,443.754,550.252,605.288,641.598,744.26,889.709,1034.44,1231.01,2178.9,114,29,1,1,2,3,5,5,NULL,9,5,4,'1',5,3,'',3,29,NULL,0,0),
	(63,'FLEX NACIONAL - OPCIONAL - COPARTICIPAÇÃO 20%','FLEX NACIONAL - OPCIONAL - COPARTICIPAÇÃO 20%','2017-04-30',316.476,386.738,479.55,527.502,559.149,648.608,775.383,901.508,1072.8,1898.86,115,29,1,1,1,3,5,5,NULL,9,5,4,'1',5,3,'',3,29,NULL,0,0),
	(64,'FLEX NACIONAL - OPCIONAL - COPARTICIPAÇÃO 20%','FLEX NACIONAL - OPCIONAL - COPARTICIPAÇÃO 20%','2017-04-30',351.329,429.702,532.826,586.111,621.279,720.683,861.531,1001.69,1192,2109.84,115,29,1,1,2,3,5,5,NULL,9,5,4,'1',5,3,'',3,29,NULL,0,0),
	(65,'FLEX NACIONAL - OPCIONAL - COPARTICIPAÇÃO 30%','FLEX NACIONAL - OPCIONAL - COPARTICIPAÇÃO 30%','2017-04-30',299.825,366.377,454.307,499.743,529.724,614.478,734.567,854.059,1016.33,1798.92,116,29,1,1,1,3,5,5,NULL,9,5,4,'1',5,3,'',3,29,NULL,0,0),
	(66,'FLEX NACIONAL - OPCIONAL – SEM COPARTICIPAÇÃO','FLEX NACIONAL - OPCIONAL – SEM COPARTICIPAÇÃO','2017-04-30',340.557,416.153,516.028,567.637,601.694,697.964,834.369,970.104,1154.42,2043.32,120,28,1,1,2,3,5,5,NULL,9,5,4,'1',5,3,'',4,29,2,0,0),
	(67,'FLEX NACIONAL - OPCIONAL - SEM COPARTICIPAÇÃO ','FLEX NACIONAL - OPCIONAL - SEM COPARTICIPAÇÃO ','2017-04-30',306.5,374.54,464.429,510.872,541.523,628.164,750.936,873.089,1039,1839.03,120,28,1,1,1,3,5,5,NULL,9,5,4,'1',5,3,'',4,29,2,0,0),
	(68,'FLEX NACIONAL - OPCIONAL - COPARTICIPAÇÃO 30%','FLEX NACIONAL - OPCIONAL - COPARTICIPAÇÃO 30%','2017-04-30',333.138,407.088,504.784,555.272,588.584,682.759,816.188,948.968,1129.26,1998.8,116,29,1,1,2,3,5,5,NULL,9,5,4,'1',5,3,'',3,29,NULL,0,0),
	(69,'FLEX NACIONAL - OPCIONAL – COPARTICIPAÇÃO 10%','FLEX NACIONAL - OPCIONAL – COPARTICIPAÇÃO 10%','2017-04-30',297.09,363.045,450.167,495.185,524.904,608.882,727.882,846.284,1007.07,1782.53,121,29,1,1,1,3,5,5,NULL,9,5,4,'1',5,3,'',4,29,2,0,0),
	(70,'FLEX NACIONAL - OPCIONAL – COPARTICIPAÇÃO 10% ','FLEX NACIONAL - OPCIONAL – COPARTICIPAÇÃO 10% ','2017-04-30',330.099,403.379,500.184,550.21,583.219,676.535,808.759,940.323,1118.98,1980.59,121,29,1,1,2,3,5,5,NULL,9,5,4,'1',5,3,'',4,29,2,0,0),
	(71,'FLEX NACIONAL - OPCIONAL – COPARTICIPAÇÃO 20%','FLEX NACIONAL - OPCIONAL – COPARTICIPAÇÃO 20%','2017-04-30',287.68,351.539,435.916,479.509,508.273,589.59,704.828,819.479,975.176,1726.08,122,29,1,1,1,3,5,5,NULL,9,5,4,'1',5,3,'',4,29,2,0,0),
	(72,'FLEX NACIONAL - OPCIONAL – COPARTICIPAÇÃO 20% ','FLEX NACIONAL - OPCIONAL – COPARTICIPAÇÃO 20% ','2017-04-30',319.651,390.605,484.339,532.784,564.745,655.105,783.138,910.541,1083.54,1917.86,122,29,1,1,2,3,5,5,NULL,9,5,4,'1',5,3,'',4,29,2,0,0),
	(73,'FLEX NACIONAL - OPCIONAL – COPARTICIPAÇÃO 30%','FLEX NACIONAL - OPCIONAL – COPARTICIPAÇÃO 30%','2017-04-30',272.538,333.044,412.967,454.265,481.521,558.562,667.732,776.347,923.85,1635.23,123,29,1,1,1,3,5,5,NULL,9,5,4,'1',5,3,'',4,29,2,0,0),
	(74,'FLEX NACIONAL - OPCIONAL – COPARTICIPAÇÃO 30%','FLEX NACIONAL - OPCIONAL – COPARTICIPAÇÃO 30%','2017-04-30',302.822,370.045,458.854,504.742,535.026,620.629,741.924,862.621,1026.51,1816.92,123,29,1,1,2,3,5,5,NULL,9,5,4,'1',5,3,'',4,29,2,0,0),
	(75,'FLEX NACIONAL - COMPULSÓRIA – SEM COPARTICIPAÇÃO','FLEX NACIONAL - COMPULSÓRIA – SEM COPARTICIPAÇÃO','2017-04-30',275.849,337.088,418,459.787,487.368,565.353,675.843,785.778,935.073,1655.1,124,30,1,1,1,3,4,5,NULL,9,5,4,'1',5,3,'',4,29,2,0,0),
	(76,'FLEX NACIONAL - COMPULSÓRIA – SEM COPARTICIPAÇÃO ','FLEX NACIONAL -  COMPULSÓRIA – SEM COPARTICIPAÇÃO ','2017-04-30',306.5,374.54,464.429,510.872,541.523,628.164,750.936,873.089,1039,1838.03,124,30,1,1,2,3,4,5,NULL,9,5,4,'1',5,3,'',4,29,2,0,0),
	(77,'FLEX NACIONAL - COMPULSÓRIA – COPARTICIPAÇÃO 10% ','FLEX NACIONAL  - COMPULSÓRIA – COPARTICIPAÇÃO 10% ','2017-04-30',267.382,326.735,405.15,445.672,472.404,547.989,655.095,761.656,906.371,1604.28,125,31,1,1,1,3,4,5,NULL,9,5,4,'1',5,3,'',4,29,2,0,0),
	(78,'FLEX NACIONAL - COMPULSÓRIA – COPARTICIPAÇÃO 10%','FLEX NACIONAL -  COMPULSÓRIA – COPARTICIPAÇÃO 10%','2017-04-30',297.09,363.034,450.167,495.185,524.904,608.882,727.882,846.3,1007.08,1782.53,125,31,1,1,2,3,4,5,NULL,9,5,4,'1',5,3,'',4,29,2,0,0),
	(79,'FLEX NACIONAL - COMPULSÓRIA – COPARTICIPAÇÃO 20%','FLEX NACIONAL -  COMPULSÓRIA – COPARTICIPAÇÃO 20%','2017-04-30',258.915,316.392,392.323,431.557,457.45,530.636,634.346,737.533,877.658,1553.47,126,31,1,1,1,3,4,5,NULL,9,5,4,'1',5,3,'',4,29,2,0,0),
	(80,'FLEX NACIONAL - COMPULSÓRIA – COPARTICIPAÇÃO 20%','FLEX NACIONAL - COMPULSÓRIA – COPARTICIPAÇÃO 20%','2017-04-30',287.68,351.539,435.905,479.509,508.273,589.601,704.828,819.489,975.186,1726.08,126,31,1,1,2,3,4,5,NULL,9,5,4,'1',5,3,'',4,29,2,0,0),
	(81,'FLEX NACIONAL - COMPULSÓRIA – COPARTICIPAÇÃO 30% ','FLEX NACIONAL - COMPULSÓRIA – COPARTICIPAÇÃO 30% ','2017-04-30',245.282,299.741,371.669,408.838,433.37,502.709,600.96,698.719,831.467,1471.71,127,31,1,1,1,3,4,5,NULL,9,5,4,'1',5,3,'',4,29,2,0,0),
	(82,'FLEX NACIONAL - COMPULSÓRIA – COPARTICIPAÇÃO 30%','FLEX NACIONAL - COMPULSÓRIA – COPARTICIPAÇÃO 30%','2017-04-30',272.538,333.044,412.967,454.265,481.521,558.562,667.732,776.358,923.86,1635.23,127,31,1,1,2,3,4,5,NULL,9,5,4,'1',5,3,'',4,29,2,0,0),
	(83,'FLEX NACIONAL - OPCIONAL – SEM COPARTICIPAÇÃO','FLEX NACIONAL - OPCIONAL – SEM COPARTICIPAÇÃO\r\n','2017-04-30',337.182,412.034,510.921,562.013,595.732,691.046,826.108,960.49,1143,2023.08,128,28,1,1,1,3,6,5,NULL,9,5,4,'1',5,3,'',30,99,2,0,0),
	(84,'FLEX NACIONAL - 30 à 99 VIDAS - OPCIONAL – SEM COPARTICIPAÇÃO','FLEX NACIONAL - 30 à 99 VIDAS -  OPCIONAL – SEM COPARTICIPAÇÃO','2017-04-30',374.648,457.811,567.685,624.46,661.926,767.834,917.894,1067.22,1270,2247.87,128,28,1,1,2,3,6,5,NULL,9,5,4,'1',5,3,'',30,99,2,0,0),
	(88,'FLEX NACIONAL - COMPULSÓRIA - SEM COPARTICIPAÇÃO','FLEX NACIONAL - COMPULSÓRIA - SEM COPARTICIPAÇÃO','2017-04-30',303.461,370.831,459.829,505.811,536.158,621.939,743.496,864.434,1028.67,1820.77,117,30,1,1,1,3,4,5,NULL,9,5,4,'1',5,3,'',3,29,NULL,0,0),
	(89,'FLEX NACIONAL - COMPULSÓRIA - SEM COPARTICIPAÇÃO','FLEX NACIONAL - COMPULSÓRIA - SEM COPARTICIPAÇÃO','2017-04-30',337.183,412.024,510.914,562.01,595.731,691.048,826.102,960.495,1143,2023.12,117,30,1,1,2,3,4,5,NULL,9,5,4,'1',5,3,'',3,29,NULL,0,0),
	(90,'FLEX NACIONAL - COMPULSÓRIA - COPARTICIPAÇÃO 10%','FLEX NACIONAL - COMPULSÓRIA - COPARTICIPAÇÃO 10%','2017-04-30',294.16,359.44,445.72,490.29,519.7,602.86,720.68,837.92,997.12,1764.91,118,31,1,1,1,3,4,5,NULL,9,5,4,'1',5,3,'',3,29,1,0,0),
	(91,'FLEX NACIONAL - COMPULSÓRIA - COPARTICIPAÇÃO 10%','FLEX NACIONAL - COMPULSÓRIA - COPARTICIPAÇÃO 10%','2017-04-30',326.83,399.39,495.24,544.76,577.45,669.85,800.76,931.02,1107.91,1961.01,118,31,1,1,2,3,3,5,NULL,9,5,4,'1',5,3,'',3,29,NULL,0,0),
	(92,'FLEX NACIONAL - COMPULSÓRIA - COPARTICIPAÇÃO 20%','FLEX NACIONAL - COMPULSÓRIA - COPARTICIPAÇÃO 20%','2017-04-30',284.83,348.06,431.599,474.751,503.233,583.754,697.839,811.358,965.514,1708.97,236,31,1,1,1,3,4,5,NULL,9,5,4,'1',5,3,'',3,29,NULL,0,0),
	(93,'FLEX NACIONAL - COMPULSÓRIA - COPARTICIPAÇÃO 30%','FLEX NACIONAL - COMPULSÓRIA - COPARTICIPAÇÃO 30%','2017-04-30',269.834,329.743,408.88,449.769,476.753,553.029,661.11,768.656,914.701,1619.03,119,31,1,1,1,3,4,5,NULL,9,5,4,'1',5,3,'',3,29,NULL,0,0),
	(94,'FLEX NACIONAL - COMPULSÓRIA - COPARTICIPAÇÃO 20% ','FLEX NACIONAL - COMPULSÓRIA - COPARTICIPAÇÃO 20% ','2017-04-30',316.476,386.728,479.54,527.502,559.149,648.619,775.383,901.519,1072.8,1898.86,236,31,1,1,2,3,4,5,NULL,9,5,4,'1',5,3,'',3,29,NULL,0,0),
	(96,'FLEX NACIONAL - COMPULSÓRIA - SEM COPARTICIPAÇÃO ','FLEX NACIONAL - COMPULSÓRIA - SEM COPARTICIPAÇÃO ','2017-04-30',289.81,354.14,439.14,483.06,512.04,593.97,710.05,825.56,982.41,1738.87,129,30,1,1,1,3,6,5,NULL,9,5,4,'1',5,3,'',30,99,2,0,0),
	(97,'FLEX NACIONAL - COMPULSÓRIA - SEM COPARTICIPAÇÃO ','FLEX NACIONAL - COMPULSÓRIA - SEM COPARTICIPAÇÃO ','2017-04-30',322.01,393.49,487.93,536.72,568.93,659.97,788.95,917.28,1091.56,1932.08,129,30,1,1,2,3,6,5,NULL,9,5,4,'1',5,3,'',30,99,2,0,0),
	(98,' TOP NACIONAL - OPCIONAL - SEM COPARTICIPAÇÃO',' TOP NACIONAL - OPCIONAL - SEM COPARTICIPAÇÃO','2017-04-30',374.65,457.82,567.7,624.46,661.93,767.85,917.91,1067.23,1270,2247.91,130,28,1,1,1,3,5,5,NULL,9,5,4,'1',5,3,'',3,29,1,0,0),
	(99,'TOP NACIONAL - OPCIONAL - SEM COPARTICIPAÇÃO','TOP NACIONAL - OPCIONAL - SEM COPARTICIPAÇÃO','2017-04-30',425.74,520.25,645.11,709.62,752.19,872.56,1043.08,1212.76,1443.19,2554.44,130,28,1,1,2,3,5,5,NULL,9,5,4,'1',5,3,'',3,29,1,0,0),
	(100,' TOP NACIONAL - OPCIONAL - COPARTICIPAÇÃO 10%',' TOP NACIONAL - OPCIONAL - COPARTICIPAÇÃO 10%','2017-04-30',363.15,443.76,550.27,605.29,641.61,744.27,889.73,1034.47,1231.01,2178.9,131,29,1,1,1,3,5,5,NULL,9,5,4,'1',5,3,'',3,29,1,0,0),
	(101,'TOP NACIONAL - OPCIONAL - COPARTICIPAÇÃO 10%','TOP NACIONAL - OPCIONAL - COPARTICIPAÇÃO 10%','2017-04-30',413.39,505.16,626.4,689.04,730.38,847.25,1012.83,1177.59,1401.34,2480.29,131,29,1,1,2,3,5,5,NULL,9,5,4,'1',5,3,'',3,29,1,0,0),
	(103,'TOP NACIONAL - OPCIONAL - COPARTICIPAÇÃO 20%','TOP NACIONAL - OPCIONAL - COPARTICIPAÇÃO 20%','2017-04-30',351.65,429.71,532.84,586.12,621.12,720.7,861.55,1001.7,1192.02,2109.89,132,29,1,1,1,3,5,5,NULL,9,5,4,'1',5,3,'',3,29,1,0,0),
	(104,'TOP NACIONAL - OPCIONAL - COPARTICIPAÇÃO 20%','TOP NACIONAL - OPCIONAL - COPARTICIPAÇÃO 20%','2017-04-30',401.05,490.07,607.69,668.46,708.57,821.95,982.58,1142.42,1953.48,2406.29,132,29,1,1,2,3,5,5,NULL,9,5,4,'1',5,3,'',3,29,1,0,0),
	(105,'TOP NACIONAL - OPCIONAL - COPARTICIPAÇÃO 30%','TOP NACIONAL - OPCIONAL - COPARTICIPAÇÃO 30%','2017-04-30',333.14,407.09,504.79,555.27,588.59,682.77,816.21,948.98,1129.28,1998.84,133,29,1,1,1,3,5,5,NULL,9,5,4,'1',5,3,'',3,29,1,0,0),
	(106,'TOP NACIONAL - OPCIONAL - COPARTICIPAÇÃO 30%','TOP NACIONAL - OPCIONAL - COPARTICIPAÇÃO 30%','2017-04-30',381.69,466.42,578.37,636.2,674.38,782.28,935.16,1087.29,1294.25,2290.16,133,29,1,1,2,3,5,5,NULL,9,5,4,'1',5,3,'',3,29,1,0,0),
	(108,'TOP NACIONAL - COMPULSÓRIA - SEM COPARTICIPAÇÃO','TOP NACIONAL - COMPULSÓRIA - SEM COPARTICIPAÇÃO','2017-04-30',383.06,468.08,580.43,638.47,676.79,785.07,938.77,1091.49,1298.87,2299,134,30,1,1,2,3,4,5,NULL,9,5,4,'1',5,3,'',3,29,1,0,0),
	(109,'TOP NACIONAL - COMPULSÓRIA - COPARTICIPAÇÃO 10%','TOP NACIONAL - COMPULSÓRIA - COPARTICIPAÇÃO 10%','2017-04-30',326.83,399.39,495.24,544.76,577.45,669.85,800.76,931.02,1107.91,1961.01,135,31,1,1,1,3,4,5,NULL,9,5,4,'1',5,3,'',3,29,1,0,0),
	(110,'TOP NACIONAL - COMPULSÓRIA - COPARTICIPAÇÃO 10%','TOP NACIONAL - O - COPARTICIPAÇÃO 10%','2017-03-29',371.95,454.51,563.6,619.95,657.16,762.3,911.28,1059.52,1260.84,2231.68,237,31,1,1,2,3,4,5,NULL,9,5,4,'1',5,3,NULL,NULL,NULL,NULL,0,0),
	(111,'TOP NACIONAL - COMPULSÓRIA - COPARTICIPAÇÃO 20%','TOP NACIONAL - COMPULSÓRIA - COPARTICIPAÇÃO 20%','2017-04-30',316.48,386.74,479.56,527.51,559.16,648.63,775.4,901.53,1072.82,1898.9,136,31,1,1,1,3,4,5,NULL,9,5,4,'1',5,3,'',30,29,1,0,0),
	(112,'TOP NACIONAL - COMPULSÓRIA - COPARTICIPAÇÃO 20%','TOP NACIONAL - COMPULSÓRIA - COPARTICIPAÇÃO 20%','2017-04-30',328.206,401.05,497.308,547.038,579.868,672.654,804.102,934.91,1112.54,1969.21,144,31,1,1,2,3,4,5,NULL,9,5,4,'1',5,3,'',4,29,2,0,0),
	(113,'TOP NACIONAL - COMPULSÓRIA - COPARTICIPAÇÃO 30%','TOP NACIONAL - COMPULSÓRIA - COPARTICIPAÇÃO 30%','2017-03-30',299.82,366.38,454.32,499.74,529.73,614.49,734.59,854.08,1016.36,1798.96,137,31,1,1,1,3,4,5,NULL,9,5,4,'1',5,3,'',3,29,1,0,0),
	(114,'TOP NACIONAL - COMPULSÓRIA - COPARTICIPAÇÃO 30%','TOP NACIONAL - COMPULSÓRIA - COPARTICIPAÇÃO 30%','2017-04-30',343.726,419.9,520.842,572.924,607.304,704.472,841.89,978.84,1164.83,2061.74,137,31,1,1,2,3,4,5,NULL,9,5,4,'1',5,3,'',3,29,1,0,0),
	(115,'TOP NACIONAL - OPCIONAL - SEM COPARTICIPAÇÃO','TOP NACIONAL - OPCIONAL - SEM COPARTICIPAÇÃO','2017-04-30',340.557,416.153,516.028,567.637,601.694,697.964,834.369,970.104,1154.42,2043.32,138,28,1,1,1,3,5,5,NULL,9,5,4,'1',5,3,'',4,29,2,0,0),
	(116,'TOP NACIONAL - OPCIONAL - SEM COPARTICIPAÇÃO','TOP NACIONAL - OPCIONAL - SEM COPARTICIPAÇÃO','2017-04-30',387,472.91,586.41,645.05,683.75,793.16,948.17,1102.41,1311.87,2322.01,138,28,1,1,2,3,5,5,NULL,9,5,4,'1',5,3,'',4,29,2,0,0),
	(117,'TOP NACIONAL - OPCIONAL - COPARTICIPAÇÃO 10%','TOP NACIONAL - OPCIONAL - COPARTICIPAÇÃO 10%','2017-04-30',330.099,403.379,500.184,550.21,583.219,676.535,808.759,940.323,1119,1980.59,139,29,1,1,1,3,5,5,NULL,9,5,4,'1',5,3,'',4,29,2,0,0),
	(118,'TOP NACIONAL - OPCIONAL - COPARTICIPAÇÃO 10%','TOP NACIONAL - OPCIONAL - COPARTICIPAÇÃO 10%','2017-04-30',375.67,459.06,569.24,626.16,663.74,769.94,920.4,1070.13,1273.46,2254.02,139,29,1,1,2,3,5,5,NULL,9,5,4,'1',5,3,'',4,29,2,0,0),
	(119,'TOP NACIONAL - OPCIONAL - COPARTICIPAÇÃO 20%','TOP NACIONAL - OPCIONAL - COPARTICIPAÇÃO 20%','2017-04-30',319.651,390.605,484.339,532.784,564.745,655.105,783.138,910.541,1083.54,1917.86,140,29,1,1,1,3,5,5,NULL,9,5,4,'1',5,3,'',4,29,2,0,0),
	(120,'TOP NACIONAL - OPCIONAL - COPARTICIPAÇÃO 20%','TOP NACIONAL - OPCIONAL - COPARTICIPAÇÃO 20%','2017-04-30',364.45,445.35,552.24,607.46,643.91,746.94,892.91,1038.17,1235.42,2186.7,140,29,1,1,2,3,5,5,NULL,9,5,4,'1',5,3,'',4,29,2,0,0),
	(121,'TOP NACIONAL - OPCIONAL - COPARTICIPAÇÃO 30%','TOP NACIONAL - OPCIONAL - COPARTICIPAÇÃO 30%','2017-04-30',302.822,370.045,458.854,504.742,535.026,620.629,741.924,862.621,1026.51,1816.92,141,29,1,1,1,3,5,5,NULL,9,5,4,'1',5,3,'',4,29,2,0,0),
	(122,'TOP NACIONAL - OPCIONAL - COPARTICIPAÇÃO 30%','TOP NACIONAL - OPCIONAL - COPARTICIPAÇÃO 30%','2017-04-30',347.06,424.11,525.74,578.31,613.02,711.1,850.07,988.35,1176.14,2082.38,141,29,1,1,2,3,5,5,NULL,9,5,4,'1',5,3,'',4,29,2,0,0),
	(123,'TOP NACIONAL - COMPULSÓRIA - SEM COPARTICIPAÇÃO','TOP NACIONAL - COMPULSÓRIA - SEM COPARTICIPAÇÃO','2017-04-30',306.5,374.54,464.44,510.88,541.53,628.18,750.95,873.11,1039,1839.03,142,30,1,1,1,3,4,5,NULL,9,5,4,'1',5,3,'',4,29,2,0,0),
	(124,'TOP NACIONAL - COMPULSÓRIA - SEM COPARTICIPAÇÃO','TOP NACIONAL - COMPULSÓRIA - SEM COPARTICIPAÇÃO','2017-04-30',348.3,425.62,527.77,580.55,615.38,713.84,853.35,992.17,1180.68,2089.81,142,30,1,1,2,3,4,5,NULL,9,5,4,'1',5,3,'',4,29,2,0,0),
	(125,'TOP NACIONAL - COMPULSÓRIA - COPARTICIPAÇÃO 10%','TOP NACIONAL - COMPULSÓRIA - COPARTICIPAÇÃO 10%','2017-04-30',297.09,363.05,450.18,495.19,524.91,608.9,727.9,846.3,1007.1,1782.57,143,31,1,1,1,3,4,5,NULL,9,5,4,'1',5,3,'',4,29,2,0,0),
	(126,'TOP NACIONAL - COMPULSÓRIA - COPARTICIPAÇÃO 10%','TOP NACIONAL - COMPULSÓRIA - COPARTICIPAÇÃO 10%','2017-04-30',338.2,413.28,512.46,563.71,597.53,693.14,828.61,963.4,1146.44,2029.2,143,31,1,1,2,3,4,5,NULL,9,5,4,'1',5,3,'',4,29,2,0,0),
	(127,'TOP NACIONAL - COMPULSÓRIA - COPARTICIPAÇÃO 20%','TOP NACIONAL - COMPULSÓRIA - COPARTICIPAÇÃO 20%','2017-04-30',288,351.55,435.92,479.51,508.28,589.61,704.84,819.5,975.2,1726.12,144,31,1,1,1,3,4,5,NULL,9,5,4,'1',5,3,'',4,29,2,0,0),
	(128,'TOP NACIONAL - COMPULSÓRIA - COPARTICIPAÇÃO 30%','TOP NACIONAL - COMPULSÓRIA - COPARTICIPAÇÃO 30%','2017-04-30',272.54,333.04,412.98,454.27,481.53,558.58,667.75,776.37,923.88,1635.27,145,31,1,1,1,3,4,5,NULL,9,5,4,'1',5,3,'',4,29,2,0,0),
	(129,'TOP NACIONAL - COMPULSÓRIA - COPARTICIPAÇÃO 30%','TOP NACIONAL - COMPULSÓRIA - COPARTICIPAÇÃO 30%','2017-04-30',312.458,381.809,473.454,520.792,551.87,640.374,765.519,889.78,1059.84,1874.72,145,31,1,1,2,3,4,5,NULL,9,5,4,'1',5,3,'',4,29,2,0,0),
	(130,'TOP NACIONAL - OPCIONAL - SEM COPARTICIPAÇÃO','TOP NACIONAL - OPCIONAL - SEM COPARTICIPAÇÃO','2017-04-30',374.648,457.811,567.685,624.46,661.926,767.834,917.894,1067.22,1270,2247.87,146,28,1,1,1,3,6,5,NULL,9,5,4,'1',5,3,'',30,99,NULL,0,0),
	(131,'TOP NACIONAL - OPCIONAL - SEM COPARTICIPAÇÃO','TOP NACIONAL - OPCIONAL - SEM COPARTICIPAÇÃO','2017-04-30',425.734,520.236,645.099,709.604,752.189,872.54,1043.06,1212.74,1443.16,2554.4,146,28,1,1,2,3,6,5,NULL,9,5,4,'1',5,3,'',30,99,NULL,0,0),
	(133,'TOP NACIONAL - COMPULSÓRIA - SEM COPARTICIPAÇÃO','TOP NACIONAL - COMPULSÓRIA - SEM COPARTICIPAÇÃO','2017-04-30',322,393.485,487.923,536.721,568.93,659.955,788.93,917.271,1091.55,1932.05,147,30,1,1,1,3,6,5,NULL,9,5,4,'1',5,3,'',30,99,NULL,0,0),
	(134,'TOP NACIONAL - COMPULSÓRIA - SEM COPARTICIPAÇÃO','TOP NACIONAL - COMPULSÓRIA - SEM COPARTICIPAÇÃO','2017-04-30',365.916,447.137,554.459,609.908,646.507,749.945,896.507,1042.35,1240.4,2195.51,147,30,1,1,2,3,6,5,NULL,9,5,4,'1',5,3,'',30,99,NULL,0,0),
	(135,'TOP NACIONAL - COMPULSÓRIA - COPARTICIPAÇÃO 10%','TOP NACIONAL - COMPULSÓRIA - COPARTICIPAÇÃO 10%','2017-04-30',372.174,454.782,563.938,620.322,657.554,762.758,911.826,1059.83,1261.6,2232.33,135,31,1,1,2,3,4,5,NULL,9,5,4,'1',5,3,'',3,29,1,0,0),
	(136,'TOP NACIONAL - COMPULSÓRIA - COPARTICIPAÇÃO 20%','TOP NACIONAL - COMPULSÓRIA - COPARTICIPAÇÃO 20%','2017-04-30',360.94,441.07,546.92,601.62,637.71,739.75,884.32,1028.18,1223.53,2165.66,136,31,1,1,2,3,4,5,NULL,9,5,4,'1',5,3,'',3,29,1,0,0),
	(138,'FUNDAMENTAL P111 ‐ COMPULSÓRIA ‐ SEM COPARTICIPAÇÃO ','FUNDAMENTAL P111 ‐ COMPULSÓRIA ‐ SEM COPARTICIPAÇÃO ','2017-04-30',283.25,307.33,347.29,404.94,477.82,580.07,730.91,888.04,1110.05,1698.4,238,34,1,1,1,3,7,6,4,10,6,5,'1',5,4,'474.916/15-2',3,29,1,0,0),
	(139,'FUNDAMENTAL P121 ‐ COMPULSÓRIA ‐ SEM COPARTICIPAÇÃO ','FUNDAMENTAL P121 ‐ COMPULSÓRIA ‐ SEM COPARTICIPAÇÃO ','2017-04-30',324.38,351.94,397.71,463.72,547.2,664.28,836.99,1016.95,1271.2,1944.94,239,34,1,1,2,3,7,6,4,10,6,5,'1',5,4,'474.915/15-4',3,29,1,0,0),
	(140,'VITAL P111 ‐ COMPULSÓRIA ‐ SEM COPARTICIPAÇÃO','VITAL P111 ‐  COMPULSÓRIA ‐ SEM COPARTICIPAÇÃO','2017-04-30',284.88,309.09,349.29,407.28,480.57,583.42,735.11,893.14,1116.44,1708.15,240,34,1,1,1,3,7,6,4,NULL,6,5,'1',5,4,'474.917/15-7',3,29,1,0,0),
	(142,'VITAL P121 - COMPULSÓRIA ‐ SEM COPARTICIPAÇÃO ','VITAL P121 - COMPULSÓRIA ‐ SEM COPARTICIPAÇÃO ','2017-04-30',326.24,353.97,399.99,466.39,550.34,668.1,841.8,1022.8,1278.5,1956.11,241,34,1,1,2,3,7,6,4,10,6,5,'1',5,4,'474.923/15-5',3,29,1,0,0),
	(143,'PRONTO P121 ‐ COMPULSÓRIA ‐ SEM COPARTICIPAÇÃO ','PRONTO P121 ‐ COMPULSÓRIA ‐ SEM COPARTICIPAÇÃO ','2017-04-30',363.32,394.22,445.47,519.4,612.89,744.06,937.53,1139.1,1423.88,2178.53,242,34,1,1,2,3,7,6,4,10,6,5,'1',5,4,'475.050/15-1',3,29,1,0,0),
	(144,'COMPLETO P121 ‐ COMPULSÓRIA ‐ SEM COPARTICIPAÇÃO','COMPLETO P121 ‐ COMPULSÓRIA ‐ SEM COPARTICIPAÇÃO','2017-04-30',593.46,643.88,727.59,848.38,1001.1,1215.33,1531.3,1860.55,2325.7,3558.32,243,34,1,1,2,3,7,6,4,10,6,5,'1',5,4,'475.046/15-2',3,29,1,0,0),
	(145,'COMPLETO + P121 ‐ COMPULSÓRIA ‐ SEM COPARTICIPAÇÃO','COMPLETO + P121 ‐ COMPULSÓRIA ‐ SEM COPARTICIPAÇÃO','2017-04-30',814.77,884.03,998.95,1164.77,1374.44,1668.58,2102.41,2554.43,3193.03,4885.34,252,34,1,1,2,3,7,6,4,10,6,5,'1',5,4,'475.088/15-8',3,29,1,0,0),
	(146,'FUNDAMENTAL P111 ‐ VOLUNTÁRIA ‐ SEM COPARTICIPAÇÃO ','FUNDAMENTAL P111 ‐ VOLUNTÁRIA ‐ SEM COPARTICIPAÇÃO ','2017-04-30',325.74,353.43,399.38,465.69,549.5,667.1,840.54,1021.25,1276.56,1953.15,245,5,1,1,1,3,7,6,4,10,6,5,'1',5,4,'474.916/15-2',3,29,1,0,0),
	(147,'FUNDAMENTAL P121 ‐ VOLUNTÁRIA  ‐ SEM COPARTICIPAÇÃO ','FUNDAMENTAL P121 ‐ 1 TITULAR  - VOLUNTÁRIA  ‐ SEM COPARTICIPAÇÃO ','2017-04-30',373.03,404.74,457.36,533.28,629.28,763.92,962.55,1169.5,1461.89,2236.68,246,5,1,1,2,3,7,6,4,10,6,5,'1',5,4,'474.915/15-4',3,29,1,0,0),
	(156,'VITAL P111 - VOLUNTÁRIA  ‐ SEM COPARTICIPAÇÃO','VITAL P111 - VOLUNTÁRIA  ‐ SEM COPARTICIPAÇÃO','2017-04-30',32762,355.46,401.67,468.36,552.65,670.92,845.38,1027.11,1283.91,1964.38,247,5,1,1,1,3,7,6,4,10,6,5,'1',5,4,'474.971/15-1',3,29,1,0,0),
	(157,'VITAL P121 - VOLUNTÁRIA  ‐ SEM COPARTICIPAÇÃO','VITAL P121 - VOLUNTÁRIA  ‐ SEM COPARTICIPAÇÃO','2017-04-30',375.17,407.06,459.99,536.36,632.89,768.32,968.08,1176.22,1470.28,2249.53,248,5,1,1,2,3,7,6,4,10,6,5,'1',5,4,'474.923/15-5',3,29,1,0,0),
	(158,'PRONTO P121 - VOLUNTÁRIA  ‐ SEM COPARTICIPAÇÃO','PRONTO P121 - VOLUNTÁRIA  ‐ SEM COPARTICIPAÇÃO','2017-04-30',417.83,453.35,512.28,597.32,704.83,855.67,1078.16,1309.96,1637.45,2505.31,249,5,1,1,2,3,7,6,4,10,6,5,'1',5,4,'475.050/15-1',3,29,1,0,0),
	(159,'COMPLETO P121 ‐ VOLUNTÁRIA  ‐ SEM COPARTICIPAÇÃO','COMPLETO P121 - VOLUNTÁRIA  ‐ SEM COPARTICIPAÇÃO','2017-04-30',682.46,740.47,836.73,975.63,1151.25,1397.62,1761,2139.63,2674.56,4092.08,250,5,1,1,2,3,7,6,4,10,6,5,'1',5,4,'475.046/15-2',3,29,1,0,0),
	(160,'COMPLETO + P121 - VOLUNTÁRIA  ‐ SEM COPARTICIPAÇÃO','COMPLETO + P121 - VOLUNTÁRIA  ‐ SEM COPARTICIPAÇÃO','2017-04-30',936.99,1016.63,1148.79,1339.5,1580.61,1918.86,2417.77,2937.6,3671.98,5618.13,251,5,1,1,2,3,7,6,4,10,6,5,'1',5,4,'475.088/15-8',3,29,1,0,0),
	(161,'FUNDAMENTAL P211 ‐ COMPULSÓRIA ‐ COM COPARTICIPAÇÃO','FUNDAMENTAL P211 ‐ COMPULSÓRIA ‐ COM COPARTICIPAÇÃO','2017-04-30',242.37,262.97,297.14,346.46,408.81,496.31,625.35,759.81,949.77,1453.15,253,35,1,1,1,3,7,6,3,10,6,5,'1',5,4,'474.924/15-3',3,29,1,0,0),
	(162,'FUNDAMENTAL P221 ‐ COMPULSÓRIA ‐ COM COPARTICIPAÇÃO','FUNDAMENTAL P221 ‐ COMPULSÓRIA ‐ COM COPARTICIPAÇÃO','2017-04-30',281.78,305.73,345.48,402.83,475.35,577.08,727.12,883.46,1104.32,1689.61,254,35,1,1,2,3,7,6,3,10,6,5,'1',5,4,'474.925/15-1',3,29,1,0,0),
	(163,'VITAL P111 ‐ COMPULSÓRIA ‐ COM COPARTICIPAÇÃO ','VITAL P111 ‐  COMPULSÓRIA ‐ COM COPARTICIPAÇÃO ','2017-04-30',243.75,264.47,298.86,348.45,411.17,499.17,628.94,764.17,955.22,1461.51,255,35,1,1,1,3,7,6,3,10,6,5,'1',5,4,'474.922/15-7',3,29,1,0,0),
	(164,'VITAL P121 - COMPULSÓRIA ‐ COM COPARTICIPAÇÃO ','VITAL P121 - COMPULSÓRIA ‐ COM COPARTICIPAÇÃO ','2017-04-30',283.4,307.49,347.46,405.16,478.09,580.41,731.3,888.53,1110.67,1699.32,256,35,1,1,2,3,7,6,3,10,6,5,'1',5,4,'474.926/15-0',3,29,1,0,0),
	(165,'COMPLETO P221 - COMPULSÓRIA ‐ COM COPARTICIPAÇÃO','COMPLETO P221 ‐ COMPULSÓRIA ‐ COM COPARTICIPAÇÃO','2017-04-30',540.34,586.27,662.49,772.44,911.48,1106.53,1394.23,1693.99,2117.5,3239.76,258,35,1,1,2,3,7,6,3,10,6,5,'1',5,4,'475.047/15-1',3,29,1,0,0),
	(166,'COMPLETO + P221 ‐ COMPULSÓRIA ‐ COM COPARTICIPAÇÃO','COMPLETO + P221 ‐ COMPULSÓRIA ‐ COM COPARTICIPAÇÃO','2017-04-30',738.09,800.83,904.93,1055.15,1245.08,1511.53,1904.52,2313.99,2892.47,4425.48,259,35,1,1,2,3,7,6,3,10,6,5,'1',5,4,'475.086/15-1',3,29,1,0,0),
	(167,'FUNDAMENTAL P211 ‐ VOLUNTÁRIA  ‐ COM COPARTICIPAÇÃO ','FUNDAMENTAL P211 ‐ VOLUNTÁRIA  ‐ COM COPARTICIPAÇÃO ','2017-04-30',278.72,302.42,341.71,398.43,470.14,570.75,719.15,873.78,1092.23,1671.13,260,33,1,1,1,3,7,6,3,10,6,5,'1',5,4,'474.924/15-3',3,29,1,0,0),
	(168,'FUNDAMENTAL P221 ‐ VOLUNTÁRIA  ‐ COM COPARTICIPAÇÃO','FUNDAMENTAL P221 ‐ VOLUNTÁRIA  ‐ COM COPARTICIPAÇÃO','2017-04-30',324.04,351.59,397.3,463.27,546.66,663.66,836.2,1015.97,1269.97,1943.05,261,33,1,1,2,3,7,6,3,10,6,5,'1',5,4,'474.925/15-1',3,29,1,0,0),
	(169,'VITAL P111 ‐ VOLUNTÁRIA  ‐ COM COPARTICIPAÇÃO','VITAL P111 ‐ VOLUNTÁRIA  ‐ COM COPARTICIPAÇÃO','2017-04-30',280.32,304.15,343.68,400.72,472.84,574.03,723.28,878.8,1098.51,1680.73,262,33,1,1,1,3,7,6,3,10,6,5,'1',5,4,'474.922/15-7',3,29,1,0,0),
	(170,'VITAL P121 - VOLUNTÁRIA  ‐ COM COPARTICIPAÇÃO ','VITAL P121 - VOLUNTÁRIA  ‐ COM COPARTICIPAÇÃO ','2017-04-30',325.9,353.61,399.58,465.93,549.8,667.46,841,1021.82,1277.27,1954.22,263,33,1,1,2,3,7,6,3,10,6,5,'1',5,4,'474.926/15-0',3,29,1,0,0),
	(171,'COMPLETO P221 ‐ VOLUNTÁRIA  ‐ COM COPARTICIPAÇÃO -','COMPLETO P221 - VOLUNTÁRIA  ‐ COM COPARTICIPAÇÃO -','2017-04-30',621.39,674.22,761.85,888.31,1048.19,1272.51,1603.38,1948.09,2435.12,3725.73,265,33,1,1,2,3,7,6,3,10,6,5,'1',5,4,'475.047/15-1',3,29,1,0,0),
	(172,'COMPLETO + P221 - VOLUNTÁRIA  ‐ COM COPARTICIPAÇÃO','COMPLETO + P221 - VOLUNTÁRIA  ‐ COM COPARTICIPAÇÃO','2017-04-30',848.8,920.94,1040.67,1213.43,1431.84,1738.27,2190.19,2661.08,3326.35,5089.31,266,33,1,1,2,3,7,6,3,10,6,5,'1',5,4,'475.086/15-1',3,29,1,0,0),
	(173,'FUNDAMENTAL P111 - COMPULSÓRIA ‐ SEM COPARTICIPAÇÃO ','FUNDAMENTAL P111 - COMPULSÓRIA ‐ SEM COPARTICIPAÇÃO ','2017-04-30',264.72,287.23,324.57,378.45,446.57,542.13,683.09,829.95,1037.43,1587.29,267,34,1,1,1,3,7,6,4,10,6,5,'1',5,4,'474.916/15-2',3,29,2,0,0),
	(175,'FUNDAMENTAL P121 ‐ COMPULSÓRIA ‐ SEM COPARTICIPAÇÃO','FUNDAMENTAL P121 ‐ COMPULSÓRIA ‐ SEM COPARTICIPAÇÃO','2017-04-30',303.15,328.92,371.69,433.39,511.4,620.82,782.23,950.42,1188.04,1817.7,268,34,1,1,2,3,7,6,4,10,6,5,'1',5,4,'474.915/15-4',3,29,2,0,0),
	(176,'VITAL P111 ‐ COMPULSÓRIA ‐ SEM COPARTICIPAÇÃO ','VITAL P111 ‐ COMPULSÓRIA ‐ SEM COPARTICIPAÇÃO ','2017-04-30',266.25,288.87,326.44,380.63,449.13,545.25,687.02,834.71,1043.4,1596.4,269,34,1,1,1,3,7,6,4,10,6,5,'1',5,4,'474.915/15-4',3,29,2,0,0),
	(177,'VITAL P121 ‐ COMPULSÓRIA ‐ SEM COPARTICIPAÇÃO','VITAL P121 ‐ COMPULSÓRIA ‐ SEM COPARTICIPAÇÃO','2017-04-30',304.9,330.81,373.82,435.88,514.34,624.39,786.73,955.89,1194.86,1828.14,269,34,1,1,2,3,7,6,2,10,6,5,'1',5,4,'',3,29,2,0,0),
	(178,'PRONTO P121 - COMPULSÓRIA ‐ SEM COPARTICIPAÇÃO','PRONTO P121 ‐ COMPULSÓRIA ‐ SEM COPARTICIPAÇÃO','2017-04-30',339.56,368.43,416.32,485.43,572.8,695.39,876.19,1064.58,1330.73,2036.01,271,34,1,1,2,3,7,6,4,10,6,5,'1',5,4,'475.050/15-1',3,29,2,0,0),
	(179,'COMPLETO P121 - COMPULSÓRIA ‐ SEM COPARTICIPAÇÃO','COMPLETO P121 - COMPULSÓRIA ‐ SEM COPARTICIPAÇÃO','2017-04-30',554.63,601.76,679.99,792.88,935.6,1135.82,1431.13,1738.84,2173.55,3325.54,272,34,1,1,2,3,7,6,4,10,6,5,'1',5,4,'475.046/15-2',3,29,2,0,0),
	(180,'COMPLETO + P121 - COMPULSÓRIA ‐ SEM COPARTICIPAÇÃO ','COMPLETO + P121 ‐ SEM COPARTICIPAÇÃO ','2017-04-30',761.46,826.2,933.6,1088.57,1284.52,1559.42,1964.87,2387.32,2984.14,4565.74,273,34,1,1,2,3,7,6,4,10,6,5,'1',5,4,'475.088/15-8',3,29,2,0,0),
	(183,'PRONTO P221 ‐ COMPULSÓRIA ‐ COPARTICIPAÇÃO 20% ','PRONTO P221 ‐ COMPULSÓRIA ‐ COPARTICIPAÇÃO 20% ','2017-04-30',321.05,348.33,393.62,458.96,541.59,657.48,828.44,1006.55,1258.19,1925.04,332,35,1,1,2,3,7,6,3,10,6,5,'1',5,4,'475.051/15-9',3,29,1,0,0),
	(184,'PRONTO P221 ‐ VOLUNTÁRIA ‐ COPARTICIPAÇÃO 20% ','PRONTO P221 ‐ VOLUNTÁRIA ‐ COPARTICIPAÇÃO 20% ','2017-04-30',369.21,400.58,452.67,527.81,622.82,756.1,952.7,1157.54,1446.93,2213.79,350,33,1,1,2,3,7,6,3,10,6,5,'1',5,4,' 475.051/15-9 ',3,29,1,0,0),
	(185,'FUNDAMENTAL P111 - VOLUNTÁRIA ‐ SEM COPARTICIPAÇÃO','FUNDAMENTAL P111  - VOLUNTÁRIA ‐ SEM COPARTICIPAÇÃO','2017-04-30',304.43,330.31,373.25,435.22,513.56,623.45,785.55,954.44,1193.05,1825.38,274,5,1,1,1,3,7,6,4,10,6,5,'1',5,4,' 474.916/15-2 ',3,29,2,0,0),
	(186,'FUNDAMENTAL P121 - VOLUNTÁRIA ‐ SEM COPARTICIPAÇÃO ','FUNDAMENTAL P121 ‐ VOLUNTÁRIA ‐ SEM COPARTICIPAÇÃO ','2017-04-30',348.63,378.26,427.44,498.39,588.11,713.95,899.58,1092.99,1366.25,2090.35,275,5,1,1,2,3,7,6,4,10,6,5,'1',5,4,' 474.915/15-4 ',3,29,2,0,0),
	(187,'VITAL P111 - VOLUNTÁRIA ‐ SEM COPARTICIPAÇÃO ','VITAL P111 ‐ VOLUNTÁRIA ‐ SEM COPARTICIPAÇÃO ','2017-04-30',306.19,332.2,375.39,437.72,516.5,627.03,790.07,959.92,1199.91,1835.87,276,5,1,1,1,3,7,6,4,NULL,6,5,'1',5,4,' 474.917/15-1 ',3,29,2,0,0),
	(188,'VITAL P121 - VOLUNTÁRIA ‐ SEM COPARTICIPAÇÃO','VITAL P121 - VOLUNTÁRIA ‐ SEM COPARTICIPAÇÃO','2017-04-30',350.63,380.43,429.9,501.27,591.48,718.05,904.75,1099.27,1374.09,2102.36,277,5,1,1,2,3,7,6,4,10,6,5,'1',5,4,' 474.923/15-5 ',3,29,2,0,0),
	(189,'PRONTO P121 - VOLUNTÁRIA ‐ SEM COPARTICIPAÇÃO','PRONTO P121 - VOLUNTÁRIA ‐ SEM COPARTICIPAÇÃO','2017-04-30',390.49,423.69,478.77,558.24,658.72,799.69,1007.62,1224.26,1530.33,2341.41,278,5,1,1,2,3,7,6,4,10,6,5,'1',5,4,' 475.050/15-1 ',3,29,2,0,0),
	(190,'COMPLETO P121 ‐ VOLUNTÁRIA ‐ SEM COPARTICIPAÇÃO','COMPLETO P121 ‐ VOLUNTÁRIA ‐ SEM COPARTICIPAÇÃO','2017-04-30',637.81,692.03,781.99,911.81,1075.93,1306.19,1645.79,1999.66,2499.59,3824.37,279,5,1,1,2,3,7,6,4,10,6,5,'1',5,4,' 475.046/15-2 ',3,29,2,0,0),
	(191,'COMPLETO + P121 - VOLUNTÁRIA ‐ SEM COPARTICIPAÇÃO ','COMPLETO + P121 ‐ VOLUNTÁRIA ‐ SEM COPARTICIPAÇÃO ','2017-04-30',875.69,950.12,1073.64,1251.87,1477.2,1793.32,2259.6,2745.42,3431.76,5250.59,280,5,1,1,2,3,7,6,4,10,6,5,'1',5,4,' 475.088/15-8',3,29,2,0,0),
	(192,'VITAL P111 - COMPULSÓRIA ‐ COPARTICIPAÇÃO 20% ','VITAL P111 - COMPULSÓRIA ‐ COPARTICIPAÇÃO 20% ','2017-04-30',227.81,247.17,279.31,325.65,384.27,466.51,587.8,714.18,892.73,1365.9,283,35,1,1,1,3,7,6,3,10,6,5,'1',5,4,' 474.922/15-7 ',3,29,2,0,0),
	(193,'VITAL P121 - COMPULSÓRIA ‐ COPARTICIPAÇÃO 20% ','VITAL P121 - COMPULSÓRIA ‐ COPARTICIPAÇÃO 20% ','2017-04-30',264.86,287.37,324.73,378.65,446.81,542.44,683.46,830.4,1038,1588.15,284,35,1,1,2,3,7,6,3,10,6,5,'1',5,4,' 474.926/15-0 ',3,29,2,0,0),
	(194,'VITAL P111 ‐ VOLUNTÁRIA ‐ COPARTICIPAÇÃO 20% ','VITAL P111 ‐ VOLUNTÁRIA ‐ COPARTICIPAÇÃO 20% ','2017-04-30',261.98,284.26,321.19,374.51,441.91,536.48,675.96,821.31,1026.65,1570.78,290,33,1,1,1,3,7,6,3,10,6,5,'1',5,1,' 474.922/15-7 ',3,29,2,0,0),
	(195,'FLEX I - COM COPARTICIPAÇÃO','FLEX I - COM COPARTICIPAÇÃO','2017-04-30',104.37,118.54,132.93,168.97,175.06,230.13,289.64,393.27,463.12,622.2,312,26,1,3,1,3,10,9,NULL,13,14,8,'1',5,7,'475.444/16-1',2,99,NULL,0,0),
	(196,'FLEX II -  COM COPARTICIPAÇÃO ','FLEX II -  COM COPARTICIPAÇÃO ','2017-04-30',138,156.74,175.77,223.42,231.46,304.28,382.97,519.99,612.34,822.69,313,26,1,3,2,3,10,9,NULL,13,14,8,'1',5,7,'475.442/16-5',2,99,NULL,0,0),
	(197,'OURO I - SEM COPARTICIPAÇÃO','OURO I - SEM COPARTICIPAÇÃO','2017-04-30',116,131.75,147.75,187.8,194.56,255.77,321.92,437.1,514.72,691.53,314,26,1,3,1,3,10,9,NULL,13,14,8,'1',5,7,'475.443/16-3',2,99,NULL,0,0),
	(198,'OUTRO II - SEM COPARTICIPAÇÃO','OUTRO II - SEM COPARTICIPAÇÃO','2017-04-30',165,187.41,210.16,267.13,276.75,363.81,457.9,621.73,732.15,983.65,315,26,1,3,2,3,10,9,NULL,13,14,8,'1',5,7,'475.445/16-0',2,99,NULL,0,0),
	(199,'VITAL P121 - VOLUNTÁRIA ‐ COPARTICIPAÇÃO 20%','VITAL P121 - VOLUNTÁRIA ‐ COPARTICIPAÇÃO 20%','2017-04-30',304.58,330.48,373.44,435.44,513.83,623.8,785.98,954.97,1193.71,1826.37,291,33,1,1,2,3,7,6,3,10,6,5,'1',5,4,' 474.926/15-0 ',3,29,2,0,0),
	(200,'FLEX I - COM COPARTICIPAÇÃO','FLEX I - COM COPARTICIPAÇÃO','2017-04-30',104.37,118.54,132.93,168.97,175.06,230.13,289.64,393.27,463.12,622.2,312,26,1,3,1,3,10,9,NULL,13,14,8,'1',5,9,'475.444/16-1',2,99,NULL,0,0),
	(201,'FLEX II -  COM COPARTICIPAÇÃO ','FLEX II -  COM COPARTICIPAÇÃO ','2017-04-30',138,156.74,175.77,223.42,231.46,304.28,382.97,519.99,612.34,822.69,313,26,1,3,2,3,10,9,NULL,13,14,8,'1',5,9,'475.442/16-5',2,99,NULL,0,0),
	(202,'OURO I - SEM COPARTICIPAÇÃO','OURO I - SEM COPARTICIPAÇÃO','2017-04-30',150.8,171.28,192.08,244.14,252.93,332.5,418.5,568.23,669.14,898.99,314,26,1,3,1,3,10,9,NULL,13,14,8,'1',5,9,'475.445/16-0',2,99,NULL,0,0),
	(203,'OUTRO II - SEM COPARTICIPAÇÃO','OUTRO II - SEM COPARTICIPAÇÃO','2017-04-30',214.5,243.63,273.21,347.27,359.78,472.95,595.27,808.25,951.8,1278.75,315,26,1,3,2,3,10,9,NULL,13,14,8,'1',5,9,'475.445/16-0',2,99,NULL,0,0),
	(204,'COPARTICIPAÇÃO EM CONSULTAS E EXAMES','COPARTICIPAÇÃO EM CONSULTAS E EXAMES','2017-04-30',96.3,113.53,129.49,149.77,155.09,185.57,236.67,307.67,384.58,576.88,316,25,1,1,1,3,11,10,NULL,15,15,9,'1',5,10,'',2,29,NULL,0,0),
	(205,'COPARTICIPAÇÃO EM CONSULTAS E EXAMES','COPARTICIPAÇÃO EM CONSULTAS E EXAMES','2017-04-30',134.82,158.94,181.29,209.68,217.13,259.8,331.34,430.74,538.41,807.63,316,25,1,1,2,3,11,10,NULL,15,15,9,'1',5,10,'',2,29,NULL,0,0),
	(206,'COPARTICIPAÇÃO EM CONSULTAS','COPARTICIPAÇÃO EM CONSULTAS','2017-04-30',115.2,135.7,154.79,179.03,185.38,222.18,282.9,367.77,459.72,690.11,317,25,1,1,1,3,11,10,NULL,15,15,9,'1',5,10,'',2,29,NULL,0,0),
	(207,'COPARTICIPAÇÃO EM CONSULTAS','COPARTICIPAÇÃO EM CONSULTAS','2017-04-30',161.28,189.98,216.7,250.64,259.53,311.05,396.06,514.87,643.6,966.16,317,25,1,1,2,3,11,10,NULL,15,15,9,'1',5,10,'',2,29,NULL,0,0),
	(208,'UNIMED CNU - BÁSICO - COM COPARTICIPAÇÃO ','UNIMED - CENTRAL NACIONAL UNIMED - TABELA PROMOCIONAL - BÁSICO - COM COPARTICIPAÇÃO  ','2017-04-30',172.16,200.6,232.56,284.94,337.28,400.9,420.96,566.73,763.18,1027.9,318,17,1,1,1,3,12,11,NULL,16,16,10,'0',5,11,'',3,99,NULL,0,0),
	(209,'UNIMED - CNU - BÁSICO - SEM COPARTICIPAÇÃO','UNIMED - CNU - BÁSICO - SEM COPARTICIPAÇÃO','2017-06-30',232.42,270.81,313.95,384.67,455.34,541.21,568.31,765.08,1030.3,1387.67,319,17,1,1,1,3,12,11,NULL,16,16,10,'0',5,11,'',3,99,NULL,0,0),
	(210,'MICRO | MÉDIA | PEQUENAS EMPRESA - CITY PLAN COM COPARTICIPAÇÃO','MICRO | MÉDIA | PEQUENAS EMPRESA - CITY PLAN - 02 à 08 VIDAS - COM COPARTICIPAÇÃO','2017-04-30',110.2,126.74,145.74,167.6,192.74,223.58,270.55,351.7,474.82,10,323,19,1,3,1,3,NULL,12,NULL,19,18,11,'1',5,12,'',2,8,NULL,0,0),
	(211,'UNIMED - CNU - ESPECIAL - COM COPARTICIPAÇÃO','UNIMED - CNU - ESPECIAL - COM COPARTICIPAÇÃO','2017-06-30',240.8,280.6,325.42,398.82,472.2,561.35,589.48,793.76,1068.99,1439.98,320,17,1,1,2,3,12,11,NULL,17,16,10,'0',5,11,'',3,99,NULL,0,0),
	(213,'MICRO | MÉDIA | PEQUENAS EMPRESA - CITY PLAN COM COPARTICIPAÇÃO','MICRO | MÉDIA | PEQUENAS EMPRESA - CITY PLAN - 09 à 15 VIDAS - COM COPARTICIPAÇÃO','2017-04-30',104.95,120.7,138.8,159.62,183.56,212.93,257.66,334.96,452.21,10,324,19,1,3,1,3,NULL,12,NULL,19,18,11,'1',5,12,'',9,15,NULL,0,0),
	(214,'UNIMED - CNU - ESPECIAL - SEM COPARTICIPAÇÃO','UNIMED - CNU - ESPECIAL - SEM COPARTICIPAÇÃO','2017-06-30',325.07,378.81,439.31,538.4,637.47,757.82,795.79,1071.57,1443.14,1943.98,321,17,1,1,2,3,12,11,NULL,17,16,10,'0',5,11,'',3,99,NULL,0,0),
	(215,'MICRO | MÉDIA | PEQUENAS EMPRESA - CITY PLAN - COM COPARTICIPAÇÃO','MICRO | MÉDIA | PEQUENAS EMPRESA - CITY PLAN - COM COPARTICIPAÇÃO','2017-04-30',100.43,115.5,132.82,152.75,175.65,203.76,246.57,320.53,432.73,10,325,19,1,1,1,3,NULL,12,NULL,19,18,11,'1',5,12,'',16,22,NULL,0,0),
	(216,'UNIMED - CNU - MASTER - SEM COPARTICIPAÇÃO','UNIMED - CNU - MASTER - SEM COPARTICIPAÇÃO','2017-06-30',486.74,567.52,658.41,807.33,956.17,1136.99,1194.11,1604.71,2166.83,2919.34,322,17,1,1,2,3,12,11,NULL,18,16,10,'0',5,11,'',3,99,NULL,0,0),
	(217,'MICRO | MÉDIA | PEQUENAS EMPRESA - CITY PLAN - COM COPARTICIPAÇÃO','MICRO | MÉDIA | PEQUENAS EMPRESA - CITY PLAN - 23 à 29 VIDAS - COM COPARTICIPAÇÃO','2017-04-30',96.11,110.53,127.1,146.17,168.09,194.99,235.95,306.73,414.1,10,326,19,1,1,1,3,NULL,12,NULL,19,18,11,'1',5,12,'',23,29,NULL,0,0),
	(218,'MICRO | MÉDIA | PEQUENAS EMPRESA - CITY PLAN - COM COPARTICIPAÇÃO','MICRO | MÉDIA | PEQUENAS EMPRESA - CITY PLAN - 02 à 08 VIDAS - COM COPARTICIPAÇÃO  ','2017-04-30',137.76,158.42,182.18,209.49,240.92,279.48,338.19,439.65,593.53,10,323,19,1,3,2,3,NULL,12,NULL,19,18,11,'1',5,12,'',2,8,NULL,0,0),
	(219,'MICRO | MÉDIA | PEQUENAS EMPRESA - CITY PLAN - COM COPARTICIPAÇÃO','MICRO | MÉDIA | PEQUENAS EMPRESA - CITY PLAN - 09 à 15 VIDAS - COM COPARTICIPAÇÃO','2017-04-30',131.2,150.87,173.5,199.51,229.45,266.17,322.08,418.72,565.26,10,324,19,1,3,2,3,NULL,12,NULL,19,18,11,'1',5,12,'',9,15,NULL,0,0),
	(220,'MICRO | MÉDIA | PEQUENAS EMPRESA - CITY PLAN - COM COPARTICIPAÇÃO','MICRO | MÉDIA | PEQUENAS EMPRESA - CITY PLAN - 16 à 22 VIDAS - COM COPARTICIPAÇÃO ','2017-04-30',125.55,144.38,166.03,190.92,219.56,254.71,308.21,400.68,540.92,10,325,19,1,3,2,3,NULL,12,NULL,19,18,11,'1',5,12,'',16,22,NULL,0,0),
	(222,'MICRO | MÉDIA | PEQUENAS EMPRESA - CITY PLAN - COM COPARTICIPAÇÃO','MICRO | MÉDIA | PEQUENAS EMPRESA - CITY PLAN - 23 à 29 VIDAS - COM COPARTICIPAÇÃO ','2017-04-30',120.14,138.16,158.88,182.7,210.11,243.74,294.94,383.43,517.63,10,326,19,1,3,2,3,NULL,12,NULL,19,18,11,'1',5,12,'',23,29,NULL,0,0),
	(223,'MICRO | MÉDIA | PEQUENAS EMPRESA - CITY PLAN - COM COPARTICIPAÇÃO','MICRO | MÉDIA | PEQUENAS EMPRESA - CITY PLAN - 03 à 06 VIDAS - COM COPARTICIPAÇÃO','2017-04-30',137.76,158.42,182.18,209.49,240.92,279.48,338.19,439.65,593.53,10,327,19,1,3,2,3,NULL,13,NULL,19,19,12,'1',5,13,'',3,6,NULL,0,0),
	(224,'MICRO | MÉDIA | PEQUENAS EMPRESA - CITY PLAN - COM COPARTICIPAÇÃO','MICRO | MÉDIA | PEQUENAS EMPRESA - CITY PLAN - COM COPARTICIPAÇÃO','2017-04-30',131.2,150.87,173.5,199.51,229.45,266.17,322.08,418.72,565.26,10,328,19,1,3,2,3,NULL,13,NULL,19,19,12,'1',5,13,'',7,10,NULL,0,0),
	(225,'MICRO | MÉDIA | PEQUENAS EMPRESA - CITY PLAN - COM COPARTICIPAÇÃO','MICRO | MÉDIA | PEQUENAS EMPRESA - CITY PLAN - 11 à 19 VIDAS - COM COPARTICIPAÇÃO','2017-04-30',125.55,144.38,166.03,190.92,219.56,254.71,308.21,400.68,540.92,10,329,19,1,3,2,3,NULL,13,NULL,19,19,12,'1',5,13,'',11,19,NULL,0,0),
	(226,'MICRO | MÉDIA | PEQUENAS EMPRESA - CITY PLAN - COM COPARTICIPAÇÃO','MICRO | MÉDIA | PEQUENAS EMPRESA - CITY PLAN - 20 à 29 VIDAS - COM COPARTICIPAÇÃO ','2017-04-30',120.14,138.16,158.88,182.7,210.11,243.74,294.94,383.43,517.63,10,330,19,1,3,2,3,NULL,13,NULL,19,19,12,'1',5,13,'',20,29,NULL,0,0),
	(227,'MICRO | MÉDIA | PEQUENAS EMPRESA - CITY PLAN - COM COPARTICIPAÇÃO','MICRO | MÉDIA | PEQUENAS EMPRESA - CITY PLAN - COM COPARTICIPAÇÃO','2017-04-30',110.2,126.74,145.74,167.6,192.74,223.58,270.55,351.7,474.82,10,327,19,1,3,1,3,NULL,13,NULL,19,19,12,'1',5,13,'',3,6,NULL,0,0),
	(228,'MICRO | MÉDIA | PEQUENAS EMPRESA - CITY PLAN - COM COPARTICIPAÇÃO','MICRO | MÉDIA | PEQUENAS EMPRESA - CITY PLAN - 07 à 10 VIDAS - COM COPARTICIPAÇÃO  ','2017-04-30',104.95,120.7,138.8,159.62,183.56,212.93,257.66,334.96,452.21,10,328,19,1,3,1,3,NULL,13,NULL,19,19,12,'1',5,13,'',7,10,NULL,0,0),
	(230,'MICRO | MÉDIA | PEQUENAS EMPRESA - CITY PLAN - COM COPARTICIPAÇÃO','MICRO | MÉDIA | PEQUENAS EMPRESA - CITY PLAN - COM COPARTICIPAÇÃO','2017-04-30',100.43,115.2,132.82,152.75,175.65,203.76,246.57,320.53,432.73,10,329,19,1,3,1,3,NULL,13,NULL,19,19,12,'1',5,13,'',11,19,NULL,0,0),
	(231,'MICRO | MÉDIA | PEQUENAS EMPRESA - CITY PLAN - COM COPARTICIPAÇÃO','MICRO | MÉDIA | PEQUENAS EMPRESA - CITY PLAN - 20 à 29 VIDAS - COM COPARTICIPAÇÃO ','2017-04-30',96.11,110.53,127.1,146.17,168.09,194.99,235.95,306.73,414.1,10,330,19,1,3,1,3,NULL,13,NULL,19,19,12,'1',5,13,'',20,29,NULL,0,0),
	(232,'INTEGRAL V - COM COPARTICIPAÇÃO','INTEGRAL V - COM COPARTICIPAÇÃO','2017-04-30',122.8,135.08,157.37,192.45,231.73,268.22,316.5,389.29,506.08,736.33,235,23,1,1,1,3,13,14,NULL,NULL,20,13,'1',5,14,'',2,29,2,0,0),
	(233,'FUNDAMENTAL P211 - COMPULSÓRIA ‐ COPARTICIPAÇÃO 20% ','FUNDAMENTAL P211 - COMPULSÓRIA ‐ COPARTICIPAÇÃO 20% ','2017-04-30',226.51,245.77,277.7,323.79,382.07,463.84,584.44,710.11,887.63,1358.08,372,35,1,1,1,3,7,6,3,10,6,5,'1',5,4,'474.924/15-3 ',3,29,2,0,0),
	(235,'FUNDAMENTAL P221 - COMPULSÓRIA ‐ COPARTICIPAÇÃO 20%','FUNDAMENTAL P221 - COMPULSÓRIA ‐ COPARTICIPAÇÃO 20%','2017-04-30',263.34,285.73,322.87,376.48,444.26,539.33,679.55,825.66,1032.08,1579.07,373,35,1,1,2,3,7,6,3,10,6,5,'1',5,4,'475.051/15-9',3,29,2,0,0),
	(237,'COMPLETO P221 ‐ COMPULSÓRIA ‐ COPARTICIPAÇÃO 20% ','COMPLETO P221 ‐ COMPULSÓRIA ‐ COPARTICIPAÇÃO 20% ','2017-04-30',504.99,547.92,619.15,721.91,851.85,1034.14,1303.02,1583.17,1978.97,3027.82,377,35,1,1,2,3,7,6,3,10,6,5,'1',5,4,'475.047/15-1',3,29,2,0,0),
	(239,'COMPLETO + P221 ‐ 03 à 29 VIDAS - 2 TITULARES - COMPULSÓRIA ‐ COPARTICIPAÇÃO 20%','COMPLETO + P221 ‐ 03 à 29 VIDAS - 2 TITULARES - COMPULSÓRIA ‐ COPARTICIPAÇÃO 20%','2017-04-30',689.81,748.44,845.73,986.12,1163.63,1412.65,1779.93,2162.6,2703.24,4135.96,378,35,1,1,2,3,7,6,3,10,6,5,'1',5,4,'475.086/15-1',3,29,2,0,0),
	(240,'FUNDAMENTAL P211 - VOLUNTÁRIA ‐ COPARTICIPAÇÃO 20%','FUNDAMENTAL P211 ‐ 03 à 29 VIDAS - 2 TITULARES - VOLUNTÁRIA ‐ COPARTICIPAÇÃO 20%','2017-04-30',260.49,282.63,319.36,372.36,439.38,533.41,672.1,816.62,1020.78,1561.8,374,33,1,1,1,3,7,6,3,10,6,5,'1',5,4,'474.924/15-3',3,29,2,0,0),
	(241,'FUNDAMENTAL P221 ‐ 03 à 29 VIDAS - 2 TITULARES - VOLUNTÁRIA ‐ COPARTICIPAÇÃO 20% ','FUNDAMENTAL P221 ‐ 03 à 29 VIDAS - 2 TITULARES - VOLUNTÁRIA ‐ COPARTICIPAÇÃO 20% ','2017-04-30',302.84,328.59,371.3,432.96,510.9,620.24,781.49,949.51,1186.89,1815.93,375,33,1,1,2,3,7,6,3,10,6,5,'1',5,4,'474.925/15-1',3,29,2,0,0),
	(242,'PRONTO P221 - VOLUNTÁRIA ‐ COPARTICIPAÇÃO 20% ','PRONTO P221 ‐ 03 à 29 VIDAS - 2 TITULARES - VOLUNTÁRIA ‐ COPARTICIPAÇÃO 20% ','2017-04-30',345.05,374.38,423.05,493.28,582.08,706.64,890.37,1081.82,1352.27,2068.96,379,33,1,1,2,3,7,6,3,10,6,5,'1',5,4,'475.051/15-9',3,29,2,0,0),
	(243,'COMPLETO P221 - VOLUNTÁRIA ‐ COPARTICIPAÇÃO 20% ','COMPLETO P221 ‐ 03 à 29 VIDAS - 2 TITULARES - VOLUNTÁRIA ‐ COPARTICIPAÇÃO 20% ','2017-04-30',580.73,630.11,712.01,830.2,979.61,1189.26,1498.48,1820.65,2275.81,3481.99,380,33,1,1,2,3,7,6,3,10,6,5,'1',5,4,'475.047/15-1',3,29,2,0,0),
	(244,'COMPLETO + P221 - VOLUNTÁRIA ‐ COPARTICIPAÇÃO 20% ','COMPLETO + P221 ‐ 03 à 29 VIDAS - 2 TITULARES - VOLUNTÁRIA ‐ COPARTICIPAÇÃO 20% ','2017-04-30',793.27,860.69,972.59,1134.05,1338.17,1624.55,2046.91,2486.99,3108.74,4756.37,381,33,1,1,2,3,7,6,3,10,6,5,'1',5,4,'475.086/15-1',3,29,2,0,0),
	(245,'CASSEB - SEM COPARTICIPAÇÃO','CASSEB - SEM COPARTICIPAÇÃO','2017-04-30',130.42,158.83,180,200.77,219.89,253.24,322.4,400.39,488.65,759.94,295,6,1,3,1,3,8,7,NULL,11,7,6,'1',5,5,'',2,29,NULL,0,0),
	(246,'CASSEB - SEM COPARTICIPAÇÃO','CASSEB - SEM COPARTICIPAÇÃO','2017-04-30',172.77,210.4,238.44,265.97,291.29,335.47,427.09,530.4,647.32,1006.7,295,6,1,3,2,3,8,7,NULL,11,7,6,'1',5,5,'',2,29,NULL,0,0),
	(247,'CASSEB - COM COPARTICIPAÇÃO','CASSEB - COM COPARTICIPAÇÃO','2017-04-30',98.07,119.42,135.34,150.96,165.34,190.41,242.42,301.06,367.42,571.4,296,6,1,3,1,3,8,7,NULL,11,8,6,'1',5,5,'',2,29,NULL,0,0),
	(248,'CASSEB - COM COPARTICIPAÇÃO','CASSEB - COM COPARTICIPAÇÃO','2017-04-30',130.12,158.46,179.57,200.3,219.38,252.65,321.65,399.45,487.51,758.16,296,6,1,3,2,3,8,7,NULL,11,8,6,'1',5,5,'',2,29,NULL,0,0),
	(250,'PEQUENAS | MEDIAS EMPRESAS - CORPORATIVO - COMPACTO - COM COPARTICIPAÇÃO','PEQUENAS | MEDIAS EMPRESAS - CORPORATIVO - COMPACTO - 04 à 09 VIDAS - COM COPARTICIPAÇÃO','2017-04-30',261.47,320.06,400.75,442.86,471.69,547.15,654.06,784.43,931.34,1568.9,340,18,1,1,1,3,15,15,5,20,21,14,'1',5,15,'475.571/165',4,9,NULL,0,0),
	(251,'PEQUENAS | MEDIAS EMPRESAS - CORPORATIVO - EFETIVO - COM COPARTICIPAÇÃO','PEQUENAS | MEDIAS EMPRESAS - CORPORATIVO - EFETIVO - 04 à 09 VIDAS - COM COPARTICIPAÇÃO','2017-04-30',292.59,358.13,448.43,495.55,527.8,612.25,731.9,877.8,1042.14,1755.56,341,18,1,1,2,3,15,15,5,20,21,14,'1',5,15,'475.568/165',4,9,NULL,0,0),
	(252,'PEQUENAS | MEDIAS EMPRESAS - CORPORATIVO - SUPERIOR - COM COPARTICIPAÇÃO','PEQUENAS | MEDIAS EMPRESAS - CORPORATIVO - SUPERIOR - 04 à 09 VIDAS - COM COPARTICIPAÇÃO','2017-04-30',387.12,473.82,593.31,655.63,698.3,810.03,968.33,1161.35,1378.82,2322.71,342,18,1,1,2,3,15,15,5,20,21,14,'1',5,15,'475.580/164',4,9,NULL,0,0),
	(253,'PEQUENAS | MEDIAS EMPRESAS - CORPORATIVO - SÊNIOR - COM COPARTICIPAÇÃO','PEQUENAS | MEDIAS EMPRESAS - CORPORATIVO - SÊNIOR - 04 à 09 VIDAS - COM COPARTICIPAÇÃO','2017-04-30',1032.89,1264.22,1583.03,1749.32,1863.16,2161.28,2583.62,3098.65,3678.86,6197.28,343,18,1,1,2,3,15,15,5,20,21,14,'1',5,15,'475.583/169',4,9,NULL,0,0),
	(255,'PEQUENAS | MEDIAS EMPRESAS - CORPORATIVO - COMPACTO - COM COPARTICIPAÇÃO','PEQUENAS | MEDIAS EMPRESAS - CORPORATIVO - COMPACTO - COM COPARTICIPAÇÃO','2017-04-30',237.76,291.04,364.42,402.71,428.93,497.55,594.76,713.31,846.9,1426.66,371,18,1,1,1,3,17,15,5,20,21,14,'1',5,15,'475.571/165',30,99,NULL,0,0),
	(256,'PEQUENAS | MEDIAS EMPRESAS - CORPORATIVO - COMPACTO - SEM COPARTICIPAÇÃO','PEQUENAS | MEDIAS EMPRESAS - CORPORATIVO - COMPACTO - 04 à 09 - SEM COPARTICIPAÇÃO','2017-04-30',277.68,339.87,425.58,470.27,500.88,581.02,694.57,833.02,988.99,1666.01,345,18,1,1,1,3,15,15,5,20,21,14,'1',5,15,'475.571/165',4,9,NULL,0,0),
	(257,'PEQUENAS | MEDIAS EMPRESAS - CORPORATIVO - EFETIVO - SEM COPARTICIPAÇÃO','PEQUENAS | MEDIAS EMPRESAS - CORPORATIVO - EFETIVO - 04 à 09 VIDAS - SEM COPARTICIPAÇÃO','2017-04-30',310.72,380.3,476.19,526.22,560.49,650.16,777.2,932.14,1106.67,1864.25,346,18,1,1,2,3,15,15,5,20,21,14,'1',5,15,'475.568/165',4,9,NULL,0,0),
	(258,'PEQUENAS | MEDIAS EMPRESAS - CORPORATIVO - EFETIVO -  COM COPARTICIPAÇÃO','PEQUENAS | MEDIAS EMPRESAS - CORPORATIVO - EFETIVO - COM COPARTICIPAÇÃO','2017-04-30',266.06,325.66,407.78,450.62,479.94,556.74,665.54,798.21,947.66,1596.4,370,18,1,1,2,3,17,15,5,20,21,14,'1',5,15,'475.568/165',30,99,NULL,0,0),
	(259,'PEQUENAS | MEDIAS EMPRESAS - CORPORATIVO - SUPERIOR - SEM COPARTICIPAÇÃO','PEQUENAS | MEDIAS EMPRESAS - CORPORATIVO - SUPERIOR - 04 à 09 VIDAS - SEM COPARTICIPAÇÃO','2017-04-30',411.1,503.15,630.03,696.22,741.55,860.19,1028.27,1233.27,1464.18,2466.5,347,18,1,1,2,3,15,15,5,20,21,14,'1',5,15,'475.580/164',4,9,NULL,0,0),
	(260,'PEQUENAS | MEDIAS EMPRESAS - CORPORATIVO - SÊNIOR - SEM COPARTICIPAÇÃO','PEQUENAS | MEDIAS EMPRESAS - CORPORATIVO - SÊNIOR - 04 à 09 VIDAS - SEM COPARTICIPAÇÃO','2017-04-30',1096.84,1342.49,1681.03,1857.62,1978.52,2295.09,2743.57,3290.48,3906.6,6580.94,348,18,1,1,2,3,15,15,5,20,21,14,'1',5,15,'475.583/169',4,9,NULL,0,0),
	(262,'PEQUENAS | MEDIAS EMPRESAS - CORPORATIVO - SUPERIOR - COM COPARTICIPAÇÃO','PEQUENAS | MEDIAS EMPRESAS - CORPORATIVO - SUPERIOR - COM COPARTICIPAÇÃO','2017-04-30',352.03,430.86,539.52,596.19,634.99,736.59,880.54,1056.06,1253.81,2112.13,369,18,1,1,2,3,17,15,5,20,21,14,'1',5,15,'475.580/164',30,99,NULL,0,0),
	(263,'PEQUENAS | MEDIAS EMPRESAS - CORPORATIVO - COMPLETO - 04 à 09 VIDAS - SEM COPARTICIPAÇÃO','PEQUENAS | MEDIAS EMPRESAS - CORPORATIVO - COMPLETO - SEM COPARTICIPAÇÃO','2017-04-30',369.53,452.3,566.33,625.85,666.57,773.21,924.33,1108.57,1316.15,2217.14,382,18,1,1,2,3,15,15,5,20,21,14,'1',5,15,'475.576/166',4,9,NULL,0,0),
	(264,'PEQUENAS | MEDIAS EMPRESAS - CORPORATIVO - SÊNIOR - COM COPARTICIPAÇÃO','PEQUENAS | MEDIAS EMPRESAS - CORPORATIVO - SÊNIOR - COM COPARTICIPAÇÃO','2017-04-30',939.24,1149.6,1439.51,1590.72,1694.24,1965.33,2349.39,2817.72,3345.33,5635.42,368,18,1,1,2,3,17,15,5,20,21,14,'1',5,15,'475.583/169',30,99,NULL,0,0),
	(266,'PEQUENAS | MEDIAS EMPRESAS - CORPORATIVO - COMPACTO - SEM COPARTICIPAÇÃO','PEQUENAS | MEDIAS EMPRESAS - CORPORATIVO - COMPACTO - SEM COPARTICIPAÇÃO','2017-04-30',252.5,309.05,387,427.63,455.47,528.34,631.59,757.5,899.33,1514.97,366,18,1,1,1,3,17,15,5,20,21,14,'1',5,15,'475.571/165',30,99,NULL,0,0),
	(267,'PEQUENAS | MEDIAS EMPRESAS - CORPORATIVO - EFETIVO - SEM COPARTICIPAÇÃO','PEQUENAS | MEDIAS EMPRESAS - CORPORATIVO - EFETIVO - SEM COPARTICIPAÇÃO','2017-04-30',282.55,345.82,433.02,478.51,509.67,591.22,706.74,847.63,1006.34,1695.24,365,18,1,1,2,3,16,15,5,20,21,14,'1',5,15,'475.568/165',30,99,NULL,0,0),
	(268,'PEQUENAS | MEDIAS EMPRESAS - CORPORATIVO - SUPERIOR - SEM COPARTICIPAÇÃO','PEQUENAS | MEDIAS EMPRESAS - CORPORATIVO - SUPERIOR -  SEM COPARTICIPAÇÃO','2017-04-30',373.83,457.53,572.91,633.1,674.32,782.2,935.05,1121.46,1331.43,2242.89,364,18,1,1,2,3,17,15,5,20,21,14,'1',5,15,'475.580/164',30,99,NULL,0,0),
	(269,'PEQUENAS | MEDIAS EMPRESAS - CORPORATIVO - SÊNIOR - SEM COPARTICIPAÇÃO','PEQUENAS | MEDIAS EMPRESAS - CORPORATIVO - SÊNIOR - SEM COPARTICIPAÇÃO','2017-04-30',997.39,1220.78,1528.63,1689.2,1799.15,2087.01,2494.83,2992.16,3552.42,5984.3,363,18,1,1,2,3,17,15,5,20,21,14,'1',5,15,'475.583/169',30,99,NULL,0,0),
	(271,'PEQUENAS | MEDIAS EMPRESAS - CORPORATIVO - COMPACTO - COM COPARTICIPAÇÃO','PEQUENAS | MEDIAS EMPRESAS - CORPORATIVO - COMPACTO - 10 à 29 VIDAS - COM COPARTICIPAÇÃO','2017-04-30',249.62,305.55,382.59,422.78,450.31,522.35,624.41,748.87,889.12,1497.78,352,18,1,1,1,3,16,15,5,20,21,14,'1',5,15,'475.571/165',10,29,NULL,0,0),
	(272,'PEQUENAS | MEDIAS EMPRESAS - CORPORATIVO - EFETIVO - COM COPARTICIPAÇÃO','PEQUENAS | MEDIAS EMPRESAS - CORPORATIVO - EFETIVO - 10 à 29 VIDAS - COM COPARTICIPAÇÃO','2017-04-30',279.33,341.9,428.11,473.09,503.87,584.49,698.72,838.01,994.9,1675.98,353,18,1,1,2,3,16,15,5,20,21,14,'1',5,15,'475.568/165',10,29,NULL,0,0),
	(273,'PEQUENAS | MEDIAS EMPRESAS - CORPORATIVO - SUPERIOR - COM COPARTICIPAÇÃO','PEQUENAS | MEDIAS EMPRESAS - CORPORATIVO - SUPERIOR - 10 à 29 VIDAS - COM COPARTICIPAÇÃO','2017-04-30',369.57,452.34,566.42,625.91,666.64,773.31,924.44,1108.7,1316.31,2217.42,354,18,1,1,2,3,16,15,5,20,21,14,'1',5,15,'475.580/164',10,29,NULL,0,0),
	(274,'PEQUENAS I MEDIAS EMPRESAS - CORPORATIVO - COMPLETO - SEM COPARTICIPAÇÃO','PEQUENAS I MEDIAS EMPRESAS - CORPORATIVO - COMPLETO - SEM COPARTICIPAÇÃO ','2017-04-30',336.02,411.3,514.98,569.11,606.14,703.11,840.53,1008.06,1196.82,2016.13,383,18,1,1,2,3,17,15,5,20,21,14,'1',5,15,'475.576/166',30,99,NULL,0,0),
	(275,'PEQUENAS | MEDIAS EMPRESAS - CORPORATIVO - SÊNIOR - COM COPARTICIPAÇÃO','PEQUENAS | MEDIAS EMPRESAS - CORPORATIVO - SÊNIOR - 10 à 29 VIDAS - COM COPARTICIPAÇÃO','2017-04-30',986.06,1206.91,1511.27,1670.02,1778.7,2063.3,2466.5,2958.18,3512.09,5916.35,355,18,1,1,2,3,16,15,5,20,21,14,'1',5,15,'475.583/169',10,29,NULL,0,0),
	(277,'PEQUENAS | MEDIAS EMPRESAS - CORPORATIVO - COMPACTO - SEM COPARTICIPAÇÃO','PEQUENAS | MEDIAS EMPRESAS - CORPORATIVO - COMPACTO - SEM COPARTICIPAÇÃO','2017-04-30',265.09,324.46,406.29,448.95,478.18,554.68,663.08,795.26,944.16,1590.49,357,18,1,1,1,3,16,15,5,20,21,14,'1',5,15,'475.571/165',10,29,NULL,0,0),
	(278,'PEQUENAS | MEDIAS EMPRESAS - CORPORATIVO - EFETIVO - SEM COPARTICIPAÇÃO','PEQUENAS | MEDIAS EMPRESAS - CORPORATIVO - EFETIVO - SEM COPARTICIPAÇÃO','2017-04-30',296.63,363.06,454.61,502.36,535.08,620.69,741.97,889.89,1056.51,1779.75,358,18,1,1,2,3,16,15,5,20,21,14,'1',5,15,'475.568/165',10,29,NULL,0,0),
	(279,'NOSSO PLANO - AMBULATORIAL - COM COPARTICIPAÇÃO ','NOSSO PLANO - 02 à 29 VIDAS - AMBULATORIAL - COM COPARTICIPAÇÃO ','2017-04-30',88.81,99.46,111.39,128.09,147.3,175.28,219.1,273.87,465.57,521.43,336,10,1,1,5,3,9,8,NULL,12,9,7,'1',5,6,'700.367/99-6',2,29,NULL,0,0),
	(280,'NOSSO PLANO - AMBULATORIAL + HOSPITALAR + OBSTETRÍCIA - SEM COPARTICIPAÇÃO','NOSSO PLANO - 02 à 29 VIDAS - AMBULATORIAL + HOSPITALAR + OBSTETRÍCIA - SEM COPARTICIPAÇÃO','2017-04-30',138.61,155.24,173.86,199.93,229.91,273.59,341.98,427.47,726.69,813.89,335,10,1,1,1,3,9,8,NULL,12,9,7,'1',5,6,'700.370/99-6',2,29,NULL,0,0),
	(281,'NOSSO PLANO - AMBULATORIAL + HOSPITALAR + OBSTETRÍCIA - SEM COPARTICIPAÇÃO','NOSSO PLANO - 02 à 29 VIDAS - AMBULATORIAL + HOSPITALAR + OBSTETRÍCIA - SEM COPARTICIPAÇÃO','2017-04-30',207.92,232.87,260.81,299.93,344.91,410.44,513.05,641.31,1090.22,1221.04,335,10,1,1,2,3,9,8,NULL,12,9,7,'1',5,6,'459.806/09-7',2,29,NULL,0,0),
	(282,'NOSSO PLANO - AMBULATORIAL - SEM COPARTICIPAÇÃO ','NOSSO PLANO - 02 à 29 VIDAS - AMBULATORIAL - SEM COPARTICIPAÇÃO ','2017-04-30',103.28,115.67,129.55,148.98,171.32,203.87,254.83,318.53,541.5,606.48,334,10,1,1,5,3,9,8,NULL,12,9,7,'1',5,6,'461.632/10-7',2,29,NULL,0,0),
	(283,'NOSSO PLANO - 02 à 29 VIDAS - AMBULATORIAL + HOSPITALAR + OBSTETRÍCIA - COM COPARTICIPAÇÃO','NOSSO PLANO - AMBULATORIAL + HOSPITALAR + OBSTETRÍCIA - COM COPARTICIPAÇÃO','2017-04-30',123.36,138.16,154.73,177.93,204.61,243.48,304.35,380.43,646.73,724.33,337,10,1,1,1,3,9,8,NULL,12,9,7,'1',5,6,'461.569/10-7',2,29,NULL,0,0),
	(284,'NOSSO PLANO - AMBULATORIAL + HOSPITALAR + OBSTETRÍCIA - COM COPARTICIPAÇÃO','NOSSO PLANO - 02 à 29 VIDAS - AMBULATORIAL + HOSPITALAR + OBSTETRÍCIA - COM COPARTICIPAÇÃO','2017-04-30',185.05,207.25,232.12,266.93,306.96,365.28,456.6,570.75,970.27,1086.7,337,10,1,1,2,3,9,8,NULL,12,9,7,'1',5,6,'461.566/10-2',2,29,NULL,0,0),
	(285,'MIX - AMBULATORIAL + HOSPITALAR + OBSTETRÍCIA - COM COPARTICIPAÇÃO','MIX - 02 à 29 VIDAS - AMBULATORIAL + HOSPITALAR + OBSTETRÍCIA - COM COPARTICIPAÇÃO','2017-04-30',155.27,173.9,194.76,223.97,257.56,306.49,383.11,478.88,814.09,911.78,385,10,1,1,1,3,9,8,NULL,12,22,7,'1',5,6,'461.571/10-9',2,29,NULL,0,0),
	(286,'MIX - AMBULATORIAL + HOSPITALAR + OBSTETRÍCIA - COM COPARTICIPAÇÃO','MIX - 02 à 29 VIDAS- AMBULATORIAL + HOSPITALAR + OBSTETRÍCIA - COM COPARTICIPAÇÃO','2017-04-30',232.9,260.84,292.14,335.96,386.35,459.75,574.68,718.35,1221.19,1367.73,385,10,1,1,2,3,9,8,NULL,12,22,7,'1',5,6,'461.564/10-6',2,29,NULL,0,0),
	(287,'MIX - AMBULATORIAL + HOSPITALAR + OBSTETRÍCIA - SEM COPARTICIPAÇÃO','MIX - 02 à 29 VIDAS - AMBULATORIAL + HOSPITALAR + OBSTETRÍCIA - SEM COPARTICIPAÇÃO','2017-04-30',174.46,195.39,218.83,251.65,289.39,344.37,430.46,538.07,914.71,1024.47,338,10,1,1,1,3,9,8,NULL,12,22,7,'1',5,6,'458.980/08-7',2,29,NULL,0,0),
	(288,'MIX - AMBULATORIAL + HOSPITALAR + OBSTETRÍCIA - SEM COPARTICIPAÇÃO','MIX - 02 à 29 VIDAS - AMBULATORIAL + HOSPITALAR + OBSTETRÍCIA - SEM COPARTICIPAÇÃO','2017-04-30',261.7,293.1,328.27,377.51,434.13,516.61,645.76,807.2,1372.24,1536.9,338,10,1,1,2,3,9,8,NULL,12,22,7,'1',5,6,'459.791/09-5',2,29,NULL,0,0),
	(289,'PEQUENAS | MEDIAS EMPRESAS - CORPORATIVO - COMPLETO - SEM COPARTICIPAÇÃO','PEQUENAS | MEDIAS EMPRESAS - CORPORATIVO - COMPLETO - 10 à 29 VIDAS - SEM COPARTICIPAÇÃO','2017-04-30',352.78,431.8,540.65,597.48,636.35,738.16,882.43,1058.32,1256.49,2116.63,384,18,1,1,2,3,16,15,5,20,21,14,'1',5,15,'475.576/166',10,29,NULL,0,0),
	(291,'PEQUENAS | MEDIAS EMPRESAS - CORPORATIVO - SUPERIOR - SEM COPARTICIPAÇÃO','PEQUENAS | MEDIAS EMPRESAS - CORPORATIVO - SUPERIOR - 10 à 29 VIDAS - SEM COPARTICIPAÇÃO','2017-04-30',392.46,480.34,601.47,664.66,707.94,821.2,981.66,1177.36,1397.81,2354.69,359,18,1,1,2,3,16,15,5,20,21,14,'1',5,15,'475.580/164',10,29,NULL,0,0),
	(292,'PEQUENAS | MEDIAS EMPRESAS - CORPORATIVO - SÊNIOR - SEM COPARTICIPAÇÃO','PEQUENAS | MEDIAS EMPRESAS - CORPORATIVO - SÊNIOR - 10 à 29 VIDAS - SEM COPARTICIPAÇÃO','2017-04-30',1047.11,1281.63,1604.83,1773.41,1888.83,2191.05,2619.2,3141.32,3729.51,6282.62,360,18,1,1,2,3,16,15,5,20,21,14,'1',5,15,'475.583/169',10,29,NULL,0,0),
	(294,'NOSSO PLANO - AMBULATORIAL + HOSPITALAR + OBSTETRÍCIA','NOSSO PLANO - 01 à 99 VIDAS - AMBULATORIAL + HOSPITALAR + OBSTETRÍCIA','2017-04-30',145.54,163,182.55,209.93,241.41,287.27,359.08,448.84,763.02,854.58,386,27,1,1,1,3,NULL,16,NULL,21,23,15,'1',5,16,'9.656/98',1,99,NULL,0,0),
	(295,'NOSSO PLANO - AMBULATORIAL + HOSPITALAR + OBSTETRÍCIA','NOSSO PLANO - 01 à 99 VIDAS - AMBULATORIAL + HOSPITALAR + OBSTETRÍCIA','2017-04-30',218.32,244.51,273.85,314.93,362.16,430.96,538.7,673.38,1144.73,1282.09,386,27,1,1,2,3,NULL,16,NULL,21,23,15,'1',5,16,'9.656/98',1,99,NULL,0,0),
	(296,'MIX - AMBULATORIAL + HOSPITALAR + OBSTETRÍCIA ','MIX - 01 à 99 VIDAS - AMBULATORIAL + HOSPITALAR + OBSTETRÍCIA ','2017-04-30',183.18,205.16,229.77,264.23,303.86,361.59,451.98,564.97,960.45,1075.69,387,27,1,1,1,3,NULL,16,NULL,21,23,15,'1',5,16,'9.656/98',1,99,NULL,0,0),
	(297,'MIX - AMBULATORIAL + HOSPITALAR + OBSTETRÍCIA ','MIX - 01 à 99 VIDAS- AMBULATORIAL + HOSPITALAR + OBSTETRÍCIA ','2017-04-30',274.79,307.76,344.68,396.39,455.84,542.44,678.05,847.56,1440.85,1613.75,387,27,1,1,2,3,NULL,16,NULL,21,23,15,'1',5,16,'9.656/98',1,99,NULL,0,0),
	(298,'AMBULATORIAL EMPRESARIAL - 30 à 99 VIDAS - SEM COPARTICIPAÇÃO','AMBULATORIAL EMPRESARIAL - 30 à 99 VIDAS - SEM COPARTICIPAÇÃO','2017-03-29',38.18,51.54,56.31,62.04,65.86,73.49,91.63,104.99,123.12,217.61,237,4,1,1,5,3,14,17,NULL,22,25,16,'1',5,17,'',30,99,NULL,0,0),
	(299,'AMBULATORIAL EMPRESARIAL - SEM COPARTICIPAÇÃO','AMBULATORIAL EMPRESARIAL - 03 à 29 VIDAS - SEM COPARTICIPAÇÃO','2017-04-30',65.04,87.8,95.93,105.69,112.18,125.2,156.09,178.85,209.74,370.72,388,4,1,3,5,3,14,17,NULL,22,25,16,'1',5,17,'',3,29,NULL,0,0),
	(300,'AMBULATORIAL EMPRESARIAL - COM COPARTICIPAÇÃO','AMBULATORIAL EMPRESARIAL - 03 à 29 VIDAS - COM COPARTICIPAÇÃO','2017-04-30',48.59,65.59,71.66,78.95,83.81,93.52,116.6,133.6,156.68,276.93,389,4,1,1,5,3,14,17,NULL,22,24,16,'1',5,17,'',3,29,NULL,0,0),
	(301,'FLEX NACIONAL - COMPULSÓRIA - COPARTICIPAÇÃO 30%','FLEX NACIONAL - 03 à 29 VIDAS - COMPULSÓRIA - COPARTICIPAÇÃO 30%','2017-04-30',299.825,366.377,454.307,499.743,529.724,614.478,734.567,854.07,1016.34,1798.92,119,31,1,1,2,3,4,5,NULL,9,NULL,4,'1',5,3,'',3,29,NULL,0,0),
	(302,'TOP NACIONAL - COMPULSÓRIA - SEM COPARTICIPAÇÃO	','TOP NACIONAL - 03 à 29 VIDAS - 1 TITULAR - COMPULSÓRIA - SEM COPARTICIPAÇÃO	','2017-04-30',337.19,412.04,510.93,562.01,595.74,691.06,826.12,960.51,1143,2023.12,134,30,1,1,1,3,4,5,NULL,9,5,4,'1',5,3,'',3,29,1,0,0),
	(303,'VITAL P121 ‐ 03 à 29 VIDAS - 2 TITULARES - COMPULSÓRIA ‐ SEM COPARTICIPAÇÃO','VITAL P121 ‐ 03 à 29 VIDAS - 2 TITULARES - COMPULSÓRIA ‐ SEM COPARTICIPAÇÃO','2017-04-30',304.9,330.81,373.82,435.88,514.34,624.39,786.73,955.89,1194.86,1828.14,270,34,1,1,2,3,7,6,4,10,6,5,'1',5,4,'474.923/15-5',3,29,2,0,0),
	(304,'PRONTO P221 ‐ 03 à 29 VIDAS - 2 TITULARES - COMPULSÓRIA ‐ COPARTICIPAÇÃO 20% ','PRONTO P221 ‐ 03 à 29 VIDAS - 2 TITULARES - COMPULSÓRIA ‐ COPARTICIPAÇÃO 20% ','2017-04-30',300.05,325.54,367.87,428.93,506.15,614.46,774.24,940.7,940.7,1799.1,376,35,1,1,2,3,7,6,3,10,6,5,'1',5,4,'475.051/15-9',3,29,2,0,0),
	(305,'Lincx LT3 - 02 à 29 VIDAS - SEM COPARTICIPAÇÃO','Lincx LT3 - 02 à 29 VIDAS - SEM COPARTICIPAÇÃO','2017-04-30',486.84,608.55,760.69,836.76,878.6,966.46,1208.08,1328.89,1661.11,2906.94,393,13,1,1,2,3,18,18,6,26,26,17,'1',5,18,'467730127',2,29,NULL,0,0),
	(306,'Lincx LT4 - 02 à 29 VIDAS - SEM COPARTICIPAÇÃO','Lincx LT4 - 02 à 29 VIDAS - SEM COPARTICIPAÇÃO','2017-04-30',851.28,1064.1,1330.13,1463.14,1536.3,1689.93,2112.41,2323.65,2904.56,5082.98,394,13,1,1,2,3,18,18,7,26,26,17,'1',5,18,'467728125',2,29,NULL,0,0),
	(307,'BLACK T2 - 02 à 29 VIDAS - SEM COPARTICIPAÇÃO','BLACK T2 - 02 à 29 VIDAS - SEM COPARTICIPAÇÃO','2017-04-30',959.12,1198.9,1498.63,1648.49,1730.91,1904,2380,2618,3272.5,5726.88,395,13,1,1,2,3,18,18,8,26,26,17,'1',5,18,'462851109',2,29,NULL,0,0),
	(308,'BLACK T3 - 02 à 29 VIDAS - SEM COPARTICIPAÇÃO','BLACK T3 - 02 à 29 VIDAS - SEM COPARTICIPAÇÃO','2017-04-30',1141.8,1427.25,1784.06,1962.47,2060.59,2266.65,2833.31,3116.64,3895.8,6817.65,396,13,1,1,2,3,18,18,9,26,26,17,'1',5,18,'462851109',2,29,NULL,0,0),
	(309,'BLACK T4 - 02 à 29 VIDAS - SEM COPARTICIPAÇÃO','BLACK T4 - 02 à 29 VIDAS - SEM COPARTICIPAÇÃO','2017-04-30',1378.8,1723.03,2153.79,2369.17,2487.63,2736.39,3420.49,3762.54,4703.18,8230.57,397,13,1,1,2,3,18,18,10,26,26,17,'1',5,18,'462851109',2,29,NULL,0,0),
	(310,'BLACK T5 - 02 à 29 VIDAS - SEM COPARTICIPAÇÃO','BLACK T5 - 02 à 29 VIDAS - SEM COPARTICIPAÇÃO','2017-04-30',1760.61,2200.76,2750.95,3026.05,3177.35,3495.09,4368.86,4805.75,6007.19,10512.6,398,13,1,1,2,3,18,18,11,26,26,17,'1',5,18,'462851109',2,29,NULL,0,0),
	(311,'Lincx LT3 - 02 à 29 VIDAS - COM COPARTICIPAÇÃO','Lincx LT3 - 02 à 29 VIDAS - COM COPARTICIPAÇÃO','2017-04-30',389.45,486.81,608.51,669.36,702.83,773.11,966.39,1063.03,1328.79,2325.38,399,13,1,1,2,3,18,18,6,26,26,17,'1',5,18,'473484150',2,29,NULL,0,0),
	(312,'Lincx LT4 - 02 à 29 VIDAS - COM COPARTICIPAÇÃO','Lincx LT4 - 02 à 29 VIDAS - COM COPARTICIPAÇÃO','2017-04-30',681.05,851.31,1064.14,1170.55,1229.08,1351.99,1689.99,1858.99,2323.74,4066.55,400,13,1,1,2,3,18,18,7,26,26,17,'1',5,18,'473490154',2,29,NULL,0,0),
	(313,'BLACK T2 - 02 à 29 VIDAS - COM COPARTICIPAÇÃO','BLACK T2 - 02 à 29 VIDAS - COM COPARTICIPAÇÃO','2017-04-30',767.3,959.13,1198.91,1318.8,1384.74,1523.21,1904.01,2094.41,2618.01,4581.52,401,13,1,1,2,3,18,18,8,26,26,17,'1',5,18,'462852107',2,29,NULL,0,0),
	(314,'BLACK T3 - 02 à 29 VIDAS - COM COPARTICIPAÇÃO','BLACK T3 - 02 à 29 VIDAS - COM COPARTICIPAÇÃO','2017-04-30',913.45,1141.81,1427.26,1569.99,1648.49,1813.34,2266.68,2493.35,3116.69,5454.21,402,13,1,1,2,3,18,18,9,26,26,17,'1',5,18,'462852107',2,29,NULL,0,0),
	(315,'BLACK T4 - 02 à 29 VIDAS - COM COPARTICIPAÇÃO','BLACK T4 - 02 à 29 VIDAS - COM COPARTICIPAÇÃO','2017-04-30',1102.73,1378.41,1723.01,1895.31,1990.08,2189.09,2736.36,3010,3762.5,6584.38,404,13,1,1,2,3,18,18,10,26,26,17,'1',5,18,'462852107',2,29,1,0,0),
	(317,'BLACK T5 - 02 à 29 VIDAS - COM COPARTICIPAÇÃO','BLACK T5 - 02 à 29 VIDAS - COM COPARTICIPAÇÃO','2017-04-30',1408.49,1760.61,2200.76,2420.84,2541.88,2796.07,3495.09,3844.6,4805.75,8410.06,403,13,1,1,2,3,18,18,11,26,26,17,'1',5,18,'462852107',2,29,NULL,0,0),
	(318,'LINCX LT3 - 30 à 99 VIDAS - SEM COPARTICIPAÇÃO','LINCX LT3 - 30 à 99 VIDAS - SEM COPARTICIPAÇÃO','2017-04-30',462.51,578.14,722.68,794.95,834.7,918.17,1147.71,1262.48,1578.1,2761.68,405,13,1,1,2,3,18,18,6,26,26,17,'1',5,18,'467730127',30,99,NULL,0,0),
	(319,'LINCX LT4 - 30 à 99 VIDAS - SEM COPARTICIPAÇÃO','LINCX LT4 - 30 à 99 VIDAS - SEM COPARTICIPAÇÃO','2017-04-30',808.72,1010.9,1263.63,1389.99,1459.49,1605.44,2006.8,2207.48,2759.35,4828.86,406,13,1,1,2,3,18,18,7,26,26,17,'1',5,18,'467728125',30,99,NULL,0,0),
	(320,'BLACK T2 - 30 à 99 VIDAS - SEM COPARTICIPAÇÃO','BLACK T2 - 30 à 99 VIDAS - SEM COPARTICIPAÇÃO','2017-04-30',911.16,1138.95,1423.69,1566.06,1644.36,1808.8,2261,2487.1,3108.88,5440.54,407,13,1,1,2,3,18,18,8,26,26,17,'1',5,18,'462851109',30,99,NULL,0,0),
	(321,'BLACK T3 - 30 à 99 VIDAS - SEM COPARTICIPAÇÃO','BLACK T3 - 30 à 99 VIDAS - SEM COPARTICIPAÇÃO','2017-04-30',1084.71,1355.89,1694.86,1864.35,1957.57,2153.33,2691.66,2960.83,3701.04,6476.82,408,13,1,1,2,3,18,18,9,26,26,17,'1',5,18,'462851109',30,99,NULL,0,0),
	(322,'BLACK T4 - 30 à 99 VIDAS - SEM COPARTICIPAÇÃO','BLACK T4 - 30 à 99 VIDAS - SEM COPARTICIPAÇÃO','2017-04-30',1309.5,1636.88,2046.1,2250.71,2363.25,2599.58,3249.48,3574.43,4468.04,7819.07,409,13,1,1,2,3,18,18,10,26,26,17,'1',5,18,'462851109',30,99,NULL,0,0),
	(323,'BLACK T5 - 30 à 99 VIDAS - SEM COPARTICIPAÇÃO','BLACK T5 - 30 à 99 VIDAS - SEM COPARTICIPAÇÃO','2017-04-30',1672.59,2090.74,2613.43,2874.77,3018.51,3320.36,4150.45,4565.5,5706.88,9987.04,410,13,1,1,2,3,18,18,11,26,26,17,'1',5,18,'462851109',30,99,NULL,0,0),
	(324,'LINCX LT3 - 30 à 99 VIDAS - COM COPARTICIPAÇÃO','LINCX LT3 - 30 à 99 VIDAS - COM COPARTICIPAÇÃO','2017-04-30',369.97,462.46,578.08,635.89,667.68,734.45,918.06,1009.87,1262.34,2209.1,411,13,1,1,2,3,18,18,6,26,26,17,'1',5,18,'473484150',30,99,NULL,0,0),
	(325,'LINCX LT4 - 30 à 99 VIDAS - COM COPARTICIPAÇÃO','LINCX LT4 - 30 à 99 VIDAS - COM COPARTICIPAÇÃO','2017-04-30',646.99,808.74,1010.93,1112.02,1167.62,1284.38,1605.48,1766.03,2207.54,3863.2,412,13,1,1,2,3,18,18,7,26,26,17,'1',5,18,'473490154',30,99,NULL,0,0),
	(326,'BLACK T2 - 30 à 99 VIDAS - COM COPARTICIPAÇÃO','BLACK T2 - 30 à 99 VIDAS - COM COPARTICIPAÇÃO','2017-04-30',728.94,911.18,1138.98,1252.88,1315.52,1447.07,1808.84,1989.72,2487.15,4352.51,413,13,1,1,2,3,18,18,8,26,26,17,'1',5,18,'462852107',30,99,NULL,0,0),
	(327,'BLACK T3 - 30 à 99 VIDAS - COM COPARTICIPAÇÃO','BLACK T3 - 30 à 99 VIDAS - COM COPARTICIPAÇÃO','2017-04-30',867.78,1084.73,1355.91,1491.5,1566.08,1722.69,2153.36,2368.7,2960.88,5181.54,414,13,1,1,2,3,18,18,9,26,26,17,'1',5,18,'462852107',30,99,NULL,0,0),
	(328,'BLACK T4 - 30 à 99 VIDAS - COM COPARTICIPAÇÃO','BLACK T4 - 30 à 99 VIDAS - COM COPARTICIPAÇÃO','2017-04-30',1047.59,1309.49,1636.86,1800.55,1890.58,2079.64,2599.55,2859.51,3574.39,6255.18,415,13,1,1,2,3,18,18,10,26,26,17,'1',5,18,'462852107',30,99,NULL,0,0),
	(329,'BLACK T5 - 30 à 99 VIDAS - COM COPARTICIPAÇÃO','BLACK T5 - 30 à 99 VIDAS - COM COPARTICIPAÇÃO','2017-04-30',1338.07,1672.59,2090.74,2299.81,2414.8,2656.28,3320.35,3652.39,4565.49,7989.61,416,13,1,1,2,3,18,18,11,26,26,17,'1',5,18,'462852107',30,99,NULL,0,0),
	(330,'557 - EXATO - CEI - Enfermaria – 03 a 29 vidas - FLEX','557 - EXATO - CEI - Enfermaria – 03 a 29 vidas - FLEX','2017-07-05',315.65,394.56,489.25,543.07,581.08,674.05,805.76,944.35,1124.25,1893.8,423,16,1,1,1,3,20,NULL,12,27,NULL,18,NULL,5,19,'473966153',3,29,2,0,1),
	(331,'557 - EXATO - CEI - Enfermaria – 03 a 29 vidas - COMPULSÓRIO','557 - EXATO - CEI - Enfermaria – 03 a 29 vidas - COMPULSÓRIO','2017-07-07',315.65,394.56,489.25,543.07,581.08,674.05,805.76,944.35,1124.25,1893.8,422,16,1,1,1,3,20,NULL,12,27,NULL,18,NULL,5,19,'473966153',3,29,NULL,0,1),
	(332,'557 - CLÁSSICO - CEI - Apartamento – 03 a 29 vidas - COMPULSÓRIO','557 - CLÁSSICO - CEI - Apartamento – 03 a 29 vidas - COMPULSÓRIO','2017-07-05',331.26,414.08,513.46,569.94,609.84,707.41,845.64,991.09,1179.89,1987.52,429,16,1,1,2,3,20,NULL,13,28,NULL,18,NULL,5,19,'473972158',3,29,NULL,0,1),
	(333,'557 - CLÁSSICO - PJ - Apartamento – 03 a 29 vidas - FLEX','557 - CLÁSSICO - PJ - Apartamento – 03 a 29 vidas - FLEX','2017-07-05',331.26,414.08,513.46,569.94,609.84,707.41,845.64,991.09,1179.89,1987.52,427,16,1,1,2,3,20,NULL,13,28,NULL,18,NULL,5,19,'473972158',3,29,NULL,0,0),
	(334,'557 - CLÁSSICO - CEI - Apartamento – 03 a 29 vidas - FLEX','557 - CLÁSSICO - CEI - Apartamento – 03 a 29 vidas - FLEX','2017-07-05',331.26,414.08,513.46,569.94,609.84,707.41,845.64,991.09,1179.89,1987.52,428,16,1,1,2,3,20,NULL,13,28,NULL,18,NULL,5,19,'473972158',3,29,NULL,0,1),
	(335,'557 - CLÁSSICO - PJ - Apartamento – 03 a 29 vidas - COMPULSÓRIO','557 - CLÁSSICO - PJ - Apartamento – 03 a 29 vidas - COMPULSÓRIO','2017-07-05',295.77,369.71,458.44,508.87,544.49,631.61,755.03,884.9,1053.47,1774.57,426,16,1,1,2,3,20,NULL,13,28,NULL,18,NULL,5,19,'473972158',3,29,2,0,0),
	(336,'557 - CLÁSSICO - MEI - Apartamento – 03 a 29 vidas - COMPULSÓRIO','557 - CLÁSSICO - MEI - Apartamento – 03 a 29 vidas - COMPULSÓRIO','2017-07-05',331.26,414.08,513.46,569.94,609.84,707.41,845.64,991.09,1179.89,1987.52,430,16,1,1,2,3,20,NULL,13,28,NULL,18,NULL,5,19,'473972158',3,29,NULL,0,2),
	(337,'557 - CLÁSSICO - MEI - Apartamento – 03 a 29 vidas - FLEX','557 - CLÁSSICO - MEI - Apartamento – 03 a 29 vidas - FLEX','2017-07-05',331.26,414.08,513.46,569.94,609.84,707.41,845.64,991.09,1179.89,1987.52,431,16,1,1,2,3,20,NULL,13,28,NULL,18,NULL,5,19,'473972158',3,29,NULL,0,2),
	(343,'EXATO - MEI - Enfermaria – 03 a 29 vidas - COMPULSÓRIO','EXATO - MEI - Enfermaria – 03 a 29 vidas - COMPULSÓRIO','2017-07-05',315.65,394.56,489.25,543.07,581.08,674.05,805.76,944.35,1124.25,1893.8,424,16,1,1,1,3,20,NULL,12,27,NULL,18,NULL,5,19,'473966153',3,29,NULL,0,2),
	(344,'557 - EXATO - MEI - Enfermaria – 03 a 29 vidas - FLEX','557 - EXATO - MEI - Enfermaria – 03 a 29 vidas - FLEX','2017-07-05',315.65,394.56,489.25,543.07,581.08,674.05,805.76,944.35,1124.25,1893.8,421,16,1,1,1,3,20,NULL,12,27,NULL,18,NULL,5,19,'473966153',3,29,NULL,0,2),
	(345,'557 - EXATO - PJ- Enfermaria – 03 a 29 vidas - COMPULSÓRIO','557 - EXATO - PJ- Enfermaria – 03 a 29 vidas - COMPULSÓRIO','2017-07-05',NULL,NULL,NULL,NULL,NULL,NULL,NULL,NULL,NULL,NULL,425,16,1,1,1,3,20,NULL,12,27,NULL,18,NULL,5,19,'473966153',3,29,NULL,0,0),
	(346,'557 - EXATO - PJ- Enfermaria – 03 a 29 vidas - FLEX','557 - EXATO - PJ- Enfermaria – 03 a 29 vidas - FLEX','2017-07-05',NULL,NULL,NULL,NULL,NULL,NULL,NULL,NULL,NULL,NULL,417,16,1,1,1,3,20,NULL,12,27,NULL,18,NULL,5,19,'473966153',3,29,NULL,0,0),
	(349,'557 - ESPECIAL 100/R1 - PJ - Apartamento – 03 a 29 vidas - COMPULSÓRIO','557 - ESPECIAL 100/R1 - PJ - Apartamento – 03 a 29 vidas - COMPULSÓRIO','2017-07-05',NULL,NULL,NULL,NULL,NULL,NULL,NULL,NULL,NULL,NULL,433,16,1,1,2,3,20,NULL,14,29,NULL,18,NULL,5,19,'473974154',3,29,NULL,0,0),
	(350,'557 - ESPECIAL 100/R1 - PJ - Apartamento – 03 a 29 vidas - FLEX','557 - ESPECIAL 100/R1 - PJ - Apartamento – 03 a 29 vidas - FLEX','2017-07-05',NULL,NULL,NULL,NULL,NULL,NULL,NULL,NULL,NULL,NULL,432,16,1,1,2,3,20,NULL,17,29,NULL,18,NULL,5,19,'473974154',3,29,NULL,0,0),
	(351,'557 - ESPECIAL 100/R1 - MEI - Apartamento – 03 a 29 vidas - COMPULSÓRIO','557 - ESPECIAL 100/R1 - MEI - Apartamento – 03 a 29 vidas - COMPULSÓRIO','2017-07-05',386.62,483.28,599.27,665.19,711.75,825.63,986.96,1156.72,1377.08,2319.69,436,16,1,1,2,3,20,NULL,14,29,NULL,18,NULL,5,19,'473972158',3,29,NULL,0,2),
	(352,'557 - ESPECIAL 100/R1 - MEI - Apartamento – 03 a 29 vidas - FLEX','557 - ESPECIAL 100/R1 - MEI - Apartamento – 03 a 29 vidas - FLEX','2017-07-05',386.62,483.28,599.27,665.19,711.75,825.63,986.96,1156.72,1377.08,2319.69,437,16,1,1,2,3,20,NULL,14,29,NULL,18,NULL,5,19,'473972158',3,29,NULL,0,2),
	(353,'557 - ESPECIAL 100/R1 - CEI - Apartamento – 03 a 29 vidas - COMPULSÓRIO','557 - ESPECIAL 100/R1 - CEI - Apartamento – 03 a 29 vidas - COMPULSÓRIO','2017-07-05',386.62,483.28,599.27,655.19,711.75,825.63,986.96,1156.72,1377.08,2319.07,434,16,1,1,2,3,20,NULL,17,29,NULL,18,NULL,5,19,'473972158',3,29,NULL,0,1),
	(354,'557 - ESPECIAL 100/R1 - CEI - Apartamento – 03 a 29 vidas - FLEX','557 - ESPECIAL 100/R1 - CEI - Apartamento – 03 a 29 vidas - FLEX','2017-07-05',386.62,483.28,599.27,665.19,711.75,825.63,986.96,1156.72,1377.08,2319.69,435,16,1,1,2,3,20,NULL,17,29,NULL,18,NULL,5,19,'473972158',3,29,NULL,0,1),
	(355,'557 - ESPECIAL 100/R2 - PJ- Apartamento – 03 a 29 vidas - COMPULSÓRIO','557 - ESPECIAL 100/R2 - PJ- Apartamento – 03 a 29 vidas - COMPULSÓRIO','2017-07-05',NULL,NULL,NULL,NULL,NULL,NULL,NULL,NULL,NULL,NULL,442,16,1,1,2,3,20,NULL,18,29,NULL,18,NULL,5,19,'473972158',3,29,NULL,0,0),
	(356,'557 - ESPECIAL 100/R2 - PJ- Apartamento – 03 a 29 vidas - FLEX','557 - ESPECIAL 100/R2 - PJ- Apartamento – 03 a 29 vidas - FLEX','2017-07-05',NULL,NULL,NULL,NULL,NULL,NULL,NULL,NULL,NULL,NULL,443,16,1,1,2,3,20,NULL,18,29,NULL,18,NULL,5,19,'473974154',3,29,NULL,0,0),
	(357,'557 - ESPECIAL 100/R2 - MEI - Apartamento – 03 a 29 vidas - COMPULSÓRIO','557 - ESPECIAL 100/R2 - MEI - Apartamento – 03 a 29 vidas - COMPULSÓRIO','2017-07-05',404.02,505.03,626.24,695.13,743.79,862.8,1031.39,1208.79,1439.06,2424.1,438,16,1,1,2,3,20,NULL,18,29,NULL,18,NULL,5,19,'473974154',3,29,NULL,0,2),
	(358,'557 - ESPECIAL 100/R2 - MEI - Apartamento – 03 a 29 vidas - FLEX','557 - ESPECIAL 100/R2 - MEI - Apartamento – 03 a 29 vidas - FLEX','2017-07-05',404.02,505.03,626.24,695.13,743.79,862.8,1031.39,1208.79,1439.06,2424.1,439,16,1,1,2,3,20,NULL,15,29,NULL,18,NULL,5,19,'473974154',3,29,NULL,0,2),
	(359,'557 - ESPECIAL 100/R2 - CEI - Apartamento – 03 a 29 vidas - COMPULSÓRIO','557 - ESPECIAL 100/R2 - CEI - Apartamento – 03 a 29 vidas - COMPULSÓRIO','2017-07-05',404.02,505.03,626.24,695.13,743.79,862.8,1031.39,1208.79,1439.06,2424.1,440,16,1,1,2,3,20,NULL,18,29,NULL,18,NULL,5,19,'473974154',3,29,NULL,0,1),
	(360,'557 - ESPECIAL 100/R2 - CEI - Apartamento – 03 a 29 vidas - FLEX','557 - ESPECIAL 100/R2 - CEI - Apartamento – 03 a 29 vidas - FLEX','2017-07-05',404.02,505.03,626.24,695.13,743.79,862.8,1031.39,1208.79,1439.06,2424.1,441,16,1,1,2,3,20,NULL,18,29,NULL,18,NULL,5,19,'473974154',3,29,NULL,0,1),
	(361,'557 - ESPECIAL 100/R3 - PJ - Apartamento – 03 a 29 vidas - COMPULSÓRIO','557 - ESPECIAL 100/R3 - PJ - Apartamento – 03 a 29 vidas - COMPULSÓRIO','2017-07-05',NULL,NULL,NULL,NULL,NULL,NULL,NULL,NULL,NULL,NULL,444,16,1,1,2,3,20,NULL,19,29,NULL,18,NULL,5,19,'473974154',3,29,NULL,0,0),
	(362,'557 - ESPECIAL 100/R3 - PJ - Apartamento – 03 a 29 vidas - FLEX','557 - ESPECIAL 100/R3 - PJ - Apartamento – 03 a 29 vidas - FLEX','2017-07-05',NULL,NULL,NULL,NULL,NULL,NULL,NULL,NULL,NULL,NULL,445,16,1,1,2,3,20,NULL,19,29,NULL,18,NULL,5,19,'473974154',3,29,NULL,0,0),
	(363,'557 - ESPECIAL 100/R3 - MEI- Apartamento – 03 a 29 vidas - COMPULSÓRIO','557 - ESPECIAL 100/R3 - MEI- Apartamento – 03 a 29 vidas - COMPULSÓRIO','2017-07-05',466.27,582.84,722.72,802.22,858.38,995.72,1190.28,1395.01,1660.76,2797.55,448,16,1,1,2,3,20,NULL,19,29,NULL,18,NULL,5,19,'473974154',3,29,NULL,0,2),
	(364,'557 - ESPECIAL 100/R3 - MEI- Apartamento – 03 a 29 vidas - FLEX','557 - ESPECIAL 100/R3 - MEI- Apartamento – 03 a 29 vidas - FLEX','2017-07-05',466.27,582.84,722.72,802.22,858.38,995.72,1190.28,1395.01,1660.76,2797.55,449,16,1,1,2,3,20,NULL,16,29,NULL,18,NULL,5,19,'473974154',3,29,NULL,0,2),
	(365,'557 - ESPECIAL 100/R3 - CEI- Apartamento – 03 a 29 vidas - COMPULSÓRIO','557 - ESPECIAL 100/R3 - CEI- Apartamento – 03 a 29 vidas - COMPULSÓRIO','2017-07-05',466.27,582.84,722.72,802.22,858.38,995.72,1190.28,1395.01,1660.76,2797.55,446,16,1,1,2,3,20,NULL,19,29,NULL,18,NULL,5,19,'473974154',3,29,NULL,0,1),
	(366,'557 - ESPECIAL 100/R3 - CEI- Apartamento – 03 a 29 vidas - FLEX','557 - ESPECIAL 100/R3 - CEI- Apartamento – 03 a 29 vidas - FLEX','2017-07-05',466.27,582.84,722.72,802.22,858.38,995.72,1190.28,1395.01,1660.76,2979.55,447,16,1,1,2,3,20,NULL,19,29,NULL,18,NULL,5,19,'473974154',3,29,NULL,0,1),
	(367,'557 - EXECUTIVO R1 - PJ - Apartamento – 03 a 29 vidas - COMPULSÓRIO','557 - EXECUTIVO R1 - PJ - Apartamento – 03 a 29 vidas - COMPULSÓRIO','2017-07-05',NULL,NULL,NULL,NULL,NULL,NULL,NULL,NULL,NULL,NULL,454,16,1,1,2,3,20,NULL,17,30,NULL,18,NULL,5,19,'473970151',3,29,NULL,0,0),
	(368,'557 - EXECUTIVO R1 - PJ - Apartamento – 03 a 29 vidas - FLEX','557 - EXECUTIVO R1 - PJ - Apartamento – 03 a 29 vidas - FLEX','2017-07-05',NULL,NULL,NULL,NULL,NULL,NULL,NULL,NULL,NULL,NULL,455,16,1,1,2,3,20,NULL,17,30,NULL,18,NULL,5,19,'473970151',3,29,NULL,0,0),
	(369,'557 - EXECUTIVO R1 - MEI - Apartamento – 03 a 29 vidas - COMPULSÓRIO','557 - EXECUTIVO R1 - MEI - Apartamento – 03 a 29 vidas - COMPULSÓRIO','2017-07-05',790.99,988.74,1226.04,1360.9,1456.16,1689.15,2019.21,2366.51,2871.33,4745.79,450,16,1,1,2,3,20,NULL,17,30,NULL,18,NULL,5,19,'473970151',3,29,NULL,0,2),
	(370,'557 - EXECUTIVO R1 - MEI - Apartamento – 03 a 29 vidas - FLEX','557 - EXECUTIVO R1 - MEI - Apartamento – 03 a 29 vidas - FLEX','2017-07-05',790.99,988.74,1226.04,1360.9,1456.16,1689.15,2019.21,2366.51,2817.33,4745.79,451,16,1,1,2,3,20,NULL,17,30,NULL,18,NULL,5,19,'473970151',3,29,NULL,0,2),
	(371,'557 - EXECUTIVO R1 - CEI - Apartamento – 03 a 29 vidas - COMPULSÓRIO','557 - EXECUTIVO R1 - CEI - Apartamento – 03 a 29 vidas - COMPULSÓRIO','2017-07-05',790.99,988.74,1226.04,1360.9,1456.16,1689.15,2019.21,2366.51,2817.33,4745.79,452,16,1,1,2,3,20,NULL,17,30,NULL,18,NULL,5,19,'473970151',3,29,NULL,0,1),
	(372,'557 - EXECUTIVO R1 - CEI - Apartamento – 03 a 29 vidas - FLEX','557 - EXECUTIVO R1 - CEI - Apartamento – 03 a 29 vidas - FLEX','2017-07-05',790.99,988.74,1226.04,1360.9,1456.16,1689.15,2019.21,2366.51,2817.33,4745.79,453,16,1,1,2,3,20,NULL,17,30,NULL,18,NULL,5,19,'473970151',3,29,NULL,0,1),
	(373,'557 - EXECUTIVO R2 - PJ- Apartamento – 03 a 29 vidas - COMPULSÓRIO','557 - EXECUTIVO R2 - PJ- Apartamento – 03 a 29 vidas - COMPULSÓRIO','2017-07-05',NULL,NULL,NULL,NULL,NULL,NULL,NULL,NULL,NULL,NULL,456,16,1,1,2,3,20,NULL,18,30,NULL,18,NULL,5,19,'473970151',3,29,NULL,0,0),
	(374,'557 - EXECUTIVO R2 - PJ- Apartamento – 03 a 29 vidas - FLEX','557 - EXECUTIVO R2 - PJ- Apartamento – 03 a 29 vidas - FLEX','2017-06-05',NULL,NULL,NULL,NULL,NULL,NULL,NULL,NULL,NULL,NULL,457,16,1,1,2,3,20,NULL,18,30,NULL,18,NULL,5,19,'473970151',3,29,NULL,0,0),
	(376,'557 - EXECUTIVO R2 - MEI - Apartamento – 03 a 29 vidas - FLEX','557 - EXECUTIVO R2 - MEI - Apartamento – 03 a 29 vidas - FLEX\r\n','2017-07-05',894.71,1118.39,1386.8,1539.35,1647.1,1910.64,2283.98,2676.82,3186.75,5368.08,461,16,1,1,2,3,20,NULL,18,30,NULL,18,NULL,5,19,'473970151',3,29,NULL,0,2),
	(377,'557 - EXECUTIVO R2 - MEI - Apartamento – 03 a 29 vidas - COMPULSÓRIO','557 - EXECUTIVO R2 - MEI - Apartamento – 03 a 29 vidas - COMPULSÓRIO','2017-06-05',894.71,1118.39,1386.8,1539.35,1647.1,1910.64,2283.98,2676.82,3186.75,5368.08,460,16,1,1,2,3,20,NULL,18,30,NULL,18,NULL,5,19,'473970151',3,29,NULL,0,2),
	(378,'557 - EXECUTIVO R2 - CEI - Apartamento – 03 a 29 vidas - COMPULSÓRIO','557 - EXECUTIVO R2 - CEI - Apartamento – 03 a 29 vidas - COMPULSÓRIO','2017-07-05',894.71,1118.39,1386.8,1539.35,1647.1,1910.64,2283.98,2676.82,3186.75,5368.08,458,16,1,1,2,3,20,NULL,18,30,NULL,18,NULL,5,19,'473970151',3,29,NULL,0,1),
	(379,'557 - EXECUTIVO R2 - CEI - Apartamento – 03 a 29 vidas - FLEX','557 - EXECUTIVO R2 - CEI - Apartamento – 03 a 29 vidas - FLEX','2017-07-05',894.71,1118.39,1386.8,1539.35,1647.1,1910.64,2283.98,2676.82,3186.75,5368.08,459,16,1,1,2,3,20,NULL,18,30,NULL,18,NULL,5,19,'473970151',3,29,NULL,0,1),
	(380,'557 - EXECUTIVO R3 - PJ - Apartamento – 03 a 29 vidas - COMPULSÓRIO','557 - EXECUTIVO R3 - PJ - Apartamento – 03 a 29 vidas - COMPULSÓRIO','2017-07-05',874.8,1093.5,1355.94,1505.09,1610.45,1868.12,2233.15,2617.25,3115.84,5248.63,466,16,1,1,2,3,20,NULL,19,30,NULL,18,NULL,5,19,'473970151',3,29,NULL,0,0),
	(381,'557 - EXECUTIVO R3 - PJ - Apartamento – 03 a 29 vidas - FLEX','557 - EXECUTIVO R3 - PJ - Apartamento – 03 a 29 vidas - FLEX','2017-07-05',NULL,NULL,NULL,NULL,NULL,NULL,NULL,NULL,NULL,NULL,467,16,1,1,2,3,20,NULL,19,30,NULL,18,NULL,5,19,'473970151',3,29,NULL,0,0),
	(382,'557 - EXECUTIVO R3 - MEI- Apartamento – 03 a 29 vidas - FLEX','557 - EXECUTIVO R3 - MEI- Apartamento – 03 a 29 vidas - FLEX','2017-07-05',979.78,1224.73,1518.67,1685.72,1803.72,2092.32,2501.16,2931.36,3489.78,5878.53,463,16,1,1,2,3,20,NULL,19,30,NULL,18,NULL,5,19,'473970151',3,29,NULL,0,2),
	(383,'557 - EXECUTIVO R3 - MEI- Apartamento – 03 a 29 vidas - COMPULSÓRIO','557 - EXECUTIVO R3 - MEI- Apartamento – 03 a 29 vidas - COMPULSÓRIO','2017-07-05',979.78,1224.73,1518.67,1685.72,1803.72,2092.32,2501.16,2931.36,3489.78,5878.53,462,16,1,1,2,3,20,NULL,19,30,NULL,18,NULL,5,19,'473970151',3,29,NULL,0,2),
	(384,'557 - EXECUTIVO R3 - CEI- Apartamento – 03 a 29 vidas - COMPULSÓRIO','557 - EXECUTIVO R3 - CEI- Apartamento – 03 a 29 vidas - COMPULSÓRIO','2017-07-05',979.78,1224.73,1518.67,1685.72,1803.72,2092.32,2501.16,2931.36,3489.78,5878.53,464,16,1,1,2,3,20,NULL,19,30,NULL,18,NULL,5,19,'473970151',3,29,NULL,0,1),
	(385,'557 - EXECUTIVO R3 - CEI- Apartamento – 03 a 29 vidas - FLEX','557 - EXECUTIVO R3 - CEI- Apartamento – 03 a 29 vidas - FLEX','2017-07-05',979.78,1224.73,1518.67,1685.72,1803.72,2092.32,2501.16,2931.36,3489.78,5878.53,465,16,1,1,2,3,20,NULL,19,30,NULL,18,NULL,5,19,'473970151',3,29,NULL,0,1),
	(386,'557 - PRESTIGE - PJ - Apartamento – 03 a 29 vidas - COMPULSÓRIO','557 - PRESTIGE - PJ - Apartamento – 03 a 29 vidas - COMPULSÓRIO','2017-07-05',1443.13,1803.91,2236.85,2482.9,2656.7,3081.77,3683.95,4317.59,5140.09,8658.48,468,16,1,1,2,3,20,NULL,20,31,NULL,18,NULL,5,19,'4695371321',3,29,NULL,0,0),
	(387,'557 - PRESTIGE - PJ - Apartamento – 03 a 29 vidas - FLEX','557 - PRESTIGE - PJ - Apartamento – 03 a 29 vidas - FLEX','2017-07-05',1288.51,1610.64,1997.19,2216.88,2372.06,2751.59,3289.25,3855,4589.38,7730.81,469,16,1,1,2,3,20,NULL,20,31,NULL,18,NULL,5,19,'4695371321',3,29,NULL,0,0),
	(388,'557 - PRESTIGE - MEI - Apartamento – 03 a 29 vidas - COMPULSÓRIO','557 - PRESTIGE - MEI - Apartamento – 03 a 29 vidas - COMPULSÓRIO','2017-07-05',1443.13,1803.91,22363.8,2482.9,2656.7,3081.77,3683.95,4317.59,5140.09,8658.48,472,16,1,1,2,3,20,NULL,20,31,NULL,18,NULL,5,19,'4695371321',3,29,NULL,0,2),
	(389,'557 - PRESTIGE - MEI - Apartamento – 03 a 29 vidas - FLEX','557 - PRESTIGE - MEI - Apartamento – 03 a 29 vidas - FLEX','2017-07-05',1443.13,1803.91,2236.85,2482.9,2656.7,3081.77,3683.95,4317.59,5140.09,8658.48,473,16,1,1,2,3,20,NULL,20,31,NULL,18,NULL,5,19,'4695371321',3,29,NULL,0,2),
	(390,'557 - PRESTIGE - CEI - Apartamento – 03 a 29 vidas - COMPULSÓRIO','557 - PRESTIGE - CEI - Apartamento – 03 a 29 vidas - COMPULSÓRIO','2017-07-05',1443.13,1803.91,2236.85,2482.9,2656.7,3081.77,3683.95,4317.59,5140.09,8658.48,470,16,1,1,2,3,20,NULL,20,31,NULL,18,NULL,5,19,'4695371321',3,29,NULL,0,1),
	(391,'557 - PRESTIGE - CEI - Apartamento – 03 a 29 vidas - FLEX','557 - PRESTIGE - CEI - Apartamento – 03 a 29 vidas - FLEX','2017-07-05',1443.13,1803.91,2236.85,2482.9,2656.7,3081.77,3683.95,4317.59,5140.09,8658.48,471,16,1,1,2,3,20,NULL,20,31,NULL,18,NULL,5,19,'4695371321',3,29,NULL,0,1),
	(392,'553 - EXATO - PJ- Enfermaria – 03 a 29 vidas - COMPULSÓRIO','553 - EXATO - PJ- Enfermaria – 03 a 29 vidas - COMPULSÓRIO','2017-07-05',NULL,NULL,NULL,NULL,NULL,NULL,NULL,NULL,NULL,NULL,474,16,1,1,1,3,21,NULL,12,27,NULL,19,NULL,5,19,'473995157',3,29,NULL,0,0),
	(393,'553 - EXATO - PJ- Enfermaria – 03 a 29 vidas - FLEX','553 - EXATO - PJ- Enfermaria – 03 a 29 vidas - FLEX','2017-07-05',NULL,NULL,NULL,NULL,NULL,NULL,NULL,NULL,NULL,NULL,475,16,1,1,1,3,21,NULL,12,27,NULL,19,NULL,5,19,'473995157',3,29,NULL,0,0),
	(394,'553 - EXATO - MEI - Enfermaria – 03 a 29 vidas - COMPULSÓRIO','553 - EXATO - MEI- Enfermaria – 03 a 29 vidas - COMPULSÓRIO','2017-07-05',NULL,NULL,NULL,NULL,NULL,NULL,NULL,NULL,NULL,NULL,476,16,1,1,1,3,21,NULL,12,27,NULL,19,NULL,5,19,'473995157',3,29,NULL,0,0),
	(395,'553 - EXATO - MEI - Enfermaria – 03 a 29 vidas - FLEX','553 - EXATO - MEI - Enfermaria – 03 a 29 vidas - FLEX','2017-07-05',NULL,NULL,NULL,NULL,NULL,NULL,NULL,NULL,NULL,NULL,477,16,1,1,1,3,21,NULL,12,27,NULL,19,NULL,5,19,'473995157',3,29,NULL,0,0),
	(396,'553 - EXATO - CEI - Enfermaria – 03 a 29 vidas - COMPULSÓRIO','553 - EXATO - CEI - Enfermaria – 03 a 29 vidas - COMPULSÓRIO','2017-07-05',NULL,NULL,NULL,NULL,NULL,NULL,NULL,NULL,NULL,NULL,478,16,1,1,1,3,21,NULL,12,27,NULL,19,NULL,5,19,'473995157',3,29,NULL,0,0),
	(397,'553 - EXATO - CEI - Enfermaria – 03 a 29 vidas - FLEX','553 - EXATO - CEI - Enfermaria – 03 a 29 vidas - FLEX','2017-07-05',NULL,NULL,NULL,NULL,NULL,NULL,NULL,NULL,NULL,NULL,479,16,1,1,1,3,21,NULL,12,27,NULL,19,NULL,5,19,'473995157',3,29,NULL,0,0),
	(398,'553 - CLÁSSICO - PJ - Apartamento – 03 a 29 vidas - COMPULSÓRIO','553 - CLÁSSICO - PJ - Apartamento – 03 a 29 vidas - COMPULSÓRIO','2017-07-05',NULL,NULL,NULL,NULL,NULL,NULL,NULL,NULL,NULL,NULL,480,16,1,1,2,3,21,NULL,13,28,NULL,19,NULL,5,19,'473981157',3,29,NULL,0,0),
	(399,'553 - CLÁSSICO - PJ - Apartamento – 03 a 29 vidas - FLEX','553 - CLÁSSICO - PJ - Apartamento – 03 a 29 vidas - FLEX','2017-07-05',231.88,289.85,359.41,398.95,426.88,495.18,591.94,693.75,825.91,1391.25,481,16,1,1,2,3,21,NULL,13,28,NULL,19,NULL,5,19,'473981157',3,29,NULL,0,0),
	(400,'553 - CLÁSSICO - MEI - Apartamento – 03 a 29 vidas - COMPULSÓRIO','553 - CLÁSSICO - MEI - Apartamento – 03 a 29 vidas - COMPULSÓRIO','2017-07-05',231.88,289.85,359.41,398.95,426.88,495.18,591.94,693.75,825.91,1391.25,482,16,1,1,2,3,21,NULL,13,28,NULL,19,NULL,5,19,'473981157',3,29,NULL,0,2),
	(401,'553 - CLÁSSICO - MEI - Apartamento – 03 a 29 vidas - FLEX','553 - CLÁSSICO - MEI - Apartamento – 03 a 29 vidas - FLEX','2017-07-05',231.88,289.85,359.41,398.95,426.88,495.18,591.94,693.75,825.91,1391.25,483,16,1,1,2,3,21,NULL,13,28,NULL,19,NULL,5,19,'473981157',3,29,NULL,0,2),
	(402,'553 - CLÁSSICO - CEI - Apartamento – 03 a 29 vidas - COMPULSÓRIO','553 - CLÁSSICO - CEI - Apartamento – 03 a 29 vidas - COMPULSÓRIO','2017-07-05',231.88,289.85,359.41,398.95,426.88,495.18,591.94,693.75,825.91,1391.25,484,16,1,1,2,3,21,NULL,13,28,NULL,19,NULL,5,19,'473981157',3,29,NULL,0,1),
	(403,'553 - CLÁSSICO - CEI - Apartamento – 03 a 29 vidas - FLEX','553 - CLÁSSICO - CEI - Apartamento – 03 a 29 vidas - FLEX','2017-07-05',NULL,NULL,NULL,NULL,NULL,NULL,NULL,NULL,NULL,NULL,485,16,1,1,2,3,21,NULL,13,28,NULL,19,NULL,5,19,'473981157',3,29,NULL,0,0),
	(404,'553 - ESPECIAL 100/R1 - PJ - Apartamento – 03 a 29 vidas - COMPULSÓRIO','553 - ESPECIAL 100/R1 - PJ - Apartamento – 03 a 29 vidas - COMPULSÓRIO','2017-07-05',NULL,NULL,NULL,NULL,NULL,NULL,NULL,NULL,NULL,NULL,486,16,1,1,2,3,21,NULL,14,29,NULL,19,NULL,5,19,'473982155',3,29,NULL,0,0),
	(405,'553 - ESPECIAL 100/R1 - PJ - Apartamento – 03 a 29 vidas - FLEX','553 - ESPECIAL 100/R1 - PJ - Apartamento – 03 a 29 vidas - FLEX','2017-07-05',270.63,338.29,419.48,465.62,498.21,577.92,690.85,809.68,963.92,1623.72,487,16,1,1,2,3,21,NULL,14,29,NULL,19,NULL,5,19,'473982155',3,29,NULL,0,0),
	(406,'553 - ESPECIAL 100 - R1 - MEI - Apartamento – 03 a 29 vidas - COMPULSÓRIO','553 - ESPECIAL 100 - R1 - MEI - Apartamento – 03 a 29 vidas - COMPULSÓRIO','2017-07-05',NULL,NULL,NULL,NULL,NULL,NULL,NULL,NULL,NULL,NULL,488,16,1,1,2,3,21,NULL,13,29,NULL,19,NULL,5,19,'473982155',3,29,NULL,0,0),
	(407,'553 - ESPECIAL 100/R1 - MEI - Apartamento – 03 a 29 vidas - FLEX','553 - ESPECIAL 100/R1 - MEI - Apartamento – 03 a 29 vidas - FLEX','2017-07-05',NULL,NULL,NULL,NULL,NULL,NULL,NULL,NULL,NULL,NULL,489,16,1,1,2,3,21,NULL,14,29,NULL,19,NULL,5,19,'473982155',3,29,NULL,0,0),
	(408,'553 - ESPECIAL 100/R1 - CEI - Apartamento – 03 a 29 vidas - COMPULSÓRIO','553 - ESPECIAL 100/R1 - CEI - Apartamento – 03 a 29 vidas - COMPULSÓRIO','2017-06-05',NULL,NULL,NULL,NULL,NULL,NULL,NULL,NULL,NULL,NULL,490,16,1,1,2,3,21,NULL,14,29,NULL,19,NULL,5,19,'473982155',3,29,NULL,0,0),
	(409,'553 - ESPECIAL 100 - R1 - CEI - Apartamento – 03 a 29 vidas - FLEX','553 - ESPECIAL 100/R1 - CEI - Apartamento – 03 a 29 vidas - FLEX','2017-07-05',NULL,NULL,NULL,NULL,NULL,NULL,NULL,NULL,NULL,NULL,491,16,1,1,2,3,21,NULL,14,29,NULL,19,NULL,5,19,'473982155',3,29,NULL,0,0),
	(410,'553 - ESPECIAL 100/R2 - PJ - Apartamento – 03 a 29 vidas - COMPULSÓRIO','553 - ESPECIAL 100/R2 - PJ - Apartamento – 03 a 29 vidas - COMPULSÓRIO','2017-07-05',NULL,NULL,NULL,NULL,NULL,NULL,NULL,NULL,NULL,NULL,492,16,1,1,2,3,21,NULL,15,29,NULL,19,NULL,5,19,'473982155',3,29,NULL,0,0),
	(411,'553 - ESPECIAL 100/R2 - PJ - Apartamento – 03 a 29 vidas - FLEX','553 - ESPECIAL 100/R2 - PJ - Apartamento – 03 a 29 vidas - FLEX','2017-07-05',NULL,NULL,NULL,NULL,NULL,NULL,NULL,NULL,NULL,NULL,493,16,1,1,2,3,21,NULL,15,29,NULL,19,NULL,5,19,'473982155',3,29,NULL,0,0),
	(412,'553 - ESPECIAL 100/R2 - MEI - Apartamento – 03 a 29 vidas - COMPULSÓRIO','553 - ESPECIAL 100/R2 - MEI - Apartamento – 03 a 29 vidas - COMPULSÓRIO','2017-07-05',NULL,NULL,NULL,NULL,NULL,NULL,NULL,NULL,NULL,NULL,494,16,1,1,2,3,21,NULL,13,29,NULL,19,NULL,5,19,'473982155',3,29,NULL,0,0),
	(413,'553 - ESPECIAL 100/R2 - MEI - Apartamento – 03 a 29 vidas - FLEX','553 - ESPECIAL 100/R2 - MEI - Apartamento – 03 a 29 vidas - FLEX','2017-07-05',NULL,NULL,NULL,NULL,NULL,NULL,NULL,NULL,NULL,NULL,495,16,1,1,2,3,21,NULL,15,29,NULL,19,NULL,5,19,'473982155',3,29,NULL,0,0),
	(414,'553 - ESPECIAL 100/R2 - CEI - Apartamento – 03 a 29 vidas - COMPULSÓRIO','553 - ESPECIAL 100/R2 - CEI - Apartamento – 03 a 29 vidas - COMPULSÓRIO','2017-07-05',NULL,NULL,NULL,NULL,NULL,NULL,NULL,NULL,NULL,NULL,496,16,1,1,2,3,21,NULL,15,29,NULL,19,NULL,5,19,'473982155',3,29,NULL,0,0),
	(415,'553 - ESPECIAL 100/R2 - CEI - Apartamento – 03 a 29 vidas - FLEX','553 - ESPECIAL 100/R2 - CEI - Apartamento – 03 a 29 vidas - FLEX','2017-07-05',NULL,NULL,NULL,NULL,NULL,NULL,NULL,NULL,NULL,NULL,497,16,1,1,2,3,21,NULL,18,29,NULL,19,NULL,5,19,'473982155',3,29,NULL,0,0),
	(416,'553 - ESPECIAL 100/R3 - PJ - Apartamento – 03 a 29 vidas - COMPULSÓRIO','553 - ESPECIAL 100/R3 - PJ - Apartamento – 03 a 29 vidas - COMPULSÓRIO','2017-07-05',NULL,NULL,NULL,NULL,NULL,NULL,NULL,NULL,NULL,NULL,498,16,1,1,2,3,21,NULL,16,29,NULL,19,NULL,5,19,'473982155',3,29,NULL,0,0),
	(417,'553 - ESPECIAL 100/R3 - PJ - Apartamento – 03 a 29 vidas - FLEX','553 - ESPECIAL 100/R3 - PJ - Apartamento – 03 a 29 vidas - FLEX','2017-07-05',NULL,NULL,NULL,NULL,NULL,NULL,NULL,NULL,NULL,NULL,499,16,1,1,2,3,21,NULL,16,29,NULL,19,NULL,5,19,'473982155',3,29,NULL,0,0),
	(418,'553 - ESPECIAL 100/R3 - MEI- Apartamento – 03 a 29 vidas - COMPULSÓRIO','553 - ESPECIAL 100/R3 - MEI- Apartamento – 03 a 29 vidas - COMPULSÓRIO','2017-07-05',326.39,407.99,505.91,561.56,600.87,697.01,833.21,976.52,1162.55,1958.32,500,16,1,1,2,3,21,NULL,16,29,NULL,19,NULL,5,19,'473982155',3,29,NULL,0,2),
	(419,'553 - ESPECIAL 100/R3 - MEI- Apartamento – 03 a 29 vidas - FLEX','553 - ESPECIAL 100/R3 - MEI- Apartamento – 03 a 29 vidas - FLEX','2017-07-05',NULL,NULL,NULL,NULL,NULL,NULL,NULL,NULL,NULL,NULL,501,16,1,1,2,3,21,NULL,16,29,NULL,19,NULL,5,19,'473982155',3,29,NULL,0,0),
	(420,'553 - ESPECIAL 100/R3 - CEI- Apartamento – 03 a 29 vidas - COMPULSÓRIO','553 - ESPECIAL 100/R3 - CEI- Apartamento – 03 a 29 vidas - COMPULSÓRIO','2017-07-05',NULL,NULL,NULL,NULL,NULL,NULL,NULL,NULL,NULL,NULL,502,16,1,1,2,3,21,NULL,16,29,NULL,19,NULL,5,19,'473982155',3,29,NULL,0,0),
	(421,'553 - ESPECIAL 100/R3 - CEI- Apartamento – 03 a 29 vidas - FLEX','553 - ESPECIAL 100/R3 - CEI- Apartamento – 03 a 29 vidas - FLEX','2017-07-05',NULL,NULL,NULL,NULL,NULL,NULL,NULL,NULL,NULL,NULL,503,16,1,1,2,3,21,NULL,16,29,NULL,19,NULL,5,19,'473982155',3,29,NULL,0,0),
	(422,'553 - EXECUTIVO 100 - R1- PJ - Apartamento – 03 a 29 vidas - COMPULSÓRIO','553 - EXECUTIVO 100 - R1- PJ - Apartamento – 03 a 29 vidas - COMPULSÓRIO','2017-07-05',NULL,NULL,NULL,NULL,NULL,NULL,NULL,NULL,NULL,NULL,504,16,1,1,2,3,21,NULL,17,30,NULL,19,NULL,5,19,'473982155',3,29,NULL,0,0),
	(423,'553 - EXECUTIVO 100 - R1- PJ - Apartamento – 03 a 29 vidas - FLEX','553 - EXECUTIVO 100 - R1- PJ - Apartamento – 03 a 29 vidas - FLEX','2017-07-05',NULL,NULL,NULL,NULL,NULL,NULL,NULL,NULL,NULL,NULL,505,16,1,1,2,3,21,NULL,17,30,NULL,19,NULL,5,19,'473982155',3,29,NULL,0,0),
	(424,'553 - EXECUTIVO 100 - R1- MEI - Apartamento – 03 a 29 vidas - COMPULSÓRIO','553 - EXECUTIVO 100 - R1- MEI - Apartamento – 03 a 29 vidas - COMPULSÓRIO','2017-07-05',NULL,NULL,NULL,NULL,NULL,NULL,NULL,NULL,NULL,NULL,506,16,1,1,2,3,21,NULL,17,30,NULL,19,NULL,5,19,'473983153',3,29,NULL,0,0),
	(425,'553 - EXECUTIVO 100 - R1- MEI - Apartamento – 03 a 29 vidas - FLEX','553 - EXECUTIVO 100 - R1- MEI - Apartamento – 03 a 29 vidas - FLEX','2017-07-05',553.69,692.11,858.22,952.62,1019.3,1182.39,1413.43,1656.64,1972.11,3322.02,507,16,1,1,2,3,21,NULL,17,30,NULL,19,NULL,5,19,'473983153',3,29,NULL,0,2),
	(426,'553 - EXECUTIVO 100 - R1- CEI - Apartamento – 03 a 29 vidas - COMPULSÓRIO','553 - EXECUTIVO 100 - R1- CEI - Apartamento – 03 a 29 vidas - COMPULSÓRIO','2017-07-05',553.69,692.11,858.22,952.62,1019.3,1182.39,1413.43,1656.54,1972.11,3322.02,508,16,1,1,2,3,21,NULL,17,30,NULL,19,NULL,5,19,'473983153',3,29,NULL,0,0),
	(427,'553 - EXECUTIVO 100 - R1- CEI - Apartamento – 03 a 29 vidas - FLEX','553 - EXECUTIVO 100 - R1- CEI - Apartamento – 03 a 29 vidas - FLEX','2017-07-05',553.69,692.11,858.22,952.62,1019.3,1182.39,1413.43,1656.54,1972.11,3322.02,509,16,1,1,2,3,21,NULL,17,30,NULL,19,NULL,5,19,'473983153',3,29,NULL,0,1);

/*!40000 ALTER TABLE `tabelas` ENABLE KEYS */;
UNLOCK TABLES;


# Dump da tabela tabelas_regioes
# ------------------------------------------------------------

DROP TABLE IF EXISTS `tabelas_regioes`;

CREATE TABLE `tabelas_regioes` (
  `id` int(11) unsigned NOT NULL AUTO_INCREMENT,
  `tabela_id` int(11) unsigned NOT NULL,
  `regiao_id` int(11) unsigned NOT NULL,
  PRIMARY KEY (`id`),
  KEY `tabela_id` (`tabela_id`),
  KEY `regiao_id` (`regiao_id`),
  CONSTRAINT `tabelas_regioes_ibfk_1` FOREIGN KEY (`tabela_id`) REFERENCES `tabelas` (`id`),
  CONSTRAINT `tabelas_regioes_ibfk_2` FOREIGN KEY (`regiao_id`) REFERENCES `regioes` (`id`)
) ENGINE=InnoDB DEFAULT CHARSET=utf8;

LOCK TABLES `tabelas_regioes` WRITE;
/*!40000 ALTER TABLE `tabelas_regioes` DISABLE KEYS */;

INSERT INTO `tabelas_regioes` (`id`, `tabela_id`, `regiao_id`)
VALUES
	(3,5,2),
	(4,6,2),
	(6,8,2),
	(8,10,2),
	(9,11,2),
	(10,12,2),
	(11,13,2),
	(12,14,2),
	(13,15,2),
	(14,16,2),
	(15,17,2),
	(16,18,2),
	(17,19,2),
	(18,20,2),
	(19,21,2),
	(20,22,2),
	(21,23,3),
	(22,24,3),
	(23,25,3),
	(24,26,3),
	(25,27,3),
	(26,28,3),
	(27,29,3),
	(28,30,3),
	(29,31,3),
	(30,32,3),
	(31,33,3),
	(32,34,3),
	(33,35,3),
	(35,37,3),
	(36,38,3),
	(37,39,3),
	(38,40,3),
	(39,41,3),
	(40,42,3),
	(41,43,3),
	(42,44,3),
	(44,46,3),
	(45,47,3),
	(46,48,3),
	(47,49,3),
	(48,50,3),
	(49,51,3),
	(50,52,3),
	(51,53,3),
	(52,54,3),
	(53,56,3),
	(54,57,3),
	(55,58,3),
	(56,59,3),
	(57,60,3),
	(58,62,3),
	(59,63,3),
	(60,64,3),
	(61,65,3),
	(62,66,3),
	(63,67,3),
	(64,68,3),
	(65,69,3),
	(66,70,3),
	(67,71,3),
	(68,72,3),
	(69,73,3),
	(70,74,3),
	(71,75,3),
	(72,76,3),
	(73,77,3),
	(74,78,3),
	(75,79,3),
	(76,80,3),
	(77,81,3),
	(78,82,3),
	(79,83,3),
	(80,84,3),
	(81,88,3),
	(82,89,3),
	(83,90,3),
	(84,91,3),
	(85,92,3),
	(86,93,3),
	(87,94,3),
	(89,96,3),
	(90,97,3),
	(91,98,3),
	(92,99,3),
	(93,100,3),
	(94,101,3),
	(96,103,3),
	(97,104,3),
	(98,105,3),
	(99,106,3),
	(101,108,3),
	(102,109,3),
	(103,110,3),
	(104,111,3),
	(105,112,3),
	(106,113,3),
	(107,114,3),
	(108,115,3),
	(109,116,3),
	(110,117,3),
	(111,118,3),
	(112,119,3),
	(113,120,3),
	(114,121,3),
	(115,122,3),
	(116,123,3),
	(117,124,3),
	(118,125,3),
	(119,126,3),
	(120,127,3),
	(121,128,3),
	(122,129,3),
	(123,130,3),
	(124,131,3),
	(126,133,3),
	(127,134,3),
	(128,135,3),
	(129,136,3),
	(131,138,4),
	(132,139,4),
	(133,140,4),
	(134,142,4),
	(135,143,4),
	(136,144,4),
	(137,145,4),
	(138,146,4),
	(139,147,4),
	(142,156,4),
	(143,157,4),
	(144,158,4),
	(145,159,4),
	(146,160,4),
	(147,161,4),
	(148,162,4),
	(149,163,4),
	(150,164,4),
	(151,165,4),
	(152,166,4),
	(153,167,4),
	(154,168,4),
	(155,169,4),
	(156,170,4),
	(157,171,4),
	(158,172,4),
	(159,173,4),
	(161,175,4),
	(162,176,4),
	(163,177,4),
	(164,178,4),
	(165,179,4),
	(166,180,4),
	(169,183,4),
	(170,184,4),
	(171,185,4),
	(172,186,4),
	(173,187,4),
	(174,188,4),
	(175,189,4),
	(176,190,4),
	(177,191,4),
	(178,192,4),
	(179,193,4),
	(180,194,4),
	(181,195,7),
	(182,196,7),
	(183,197,7),
	(184,198,7),
	(185,199,4),
	(186,200,9),
	(187,201,9),
	(188,202,9),
	(189,203,9),
	(190,204,10),
	(191,205,10),
	(192,206,10),
	(193,207,10),
	(194,208,11),
	(195,209,11),
	(196,210,12),
	(197,211,11),
	(199,213,12),
	(200,214,11),
	(201,215,12),
	(202,216,11),
	(203,217,12),
	(204,218,12),
	(205,219,12),
	(206,220,12),
	(208,222,12),
	(209,223,13),
	(210,224,13),
	(211,225,13),
	(212,226,13),
	(213,227,13),
	(214,228,13),
	(216,230,13),
	(217,231,13),
	(218,232,14),
	(219,233,4),
	(221,235,4),
	(223,237,4),
	(225,239,4),
	(226,240,4),
	(227,241,4),
	(228,242,4),
	(229,243,4),
	(230,244,4),
	(231,245,5),
	(232,246,5),
	(233,247,5),
	(234,248,5),
	(235,250,15),
	(236,251,15),
	(237,252,15),
	(238,253,15),
	(240,255,15),
	(241,256,15),
	(242,257,15),
	(243,258,15),
	(244,259,15),
	(245,260,15),
	(247,262,15),
	(248,263,15),
	(249,264,15),
	(251,266,15),
	(252,267,15),
	(253,268,15),
	(254,269,15),
	(256,271,15),
	(257,272,15),
	(258,273,15),
	(259,274,15),
	(260,275,15),
	(262,277,15),
	(263,278,15),
	(264,279,6),
	(265,280,6),
	(266,281,6),
	(267,282,6),
	(268,283,6),
	(269,284,6),
	(270,285,6),
	(271,286,6),
	(272,287,6),
	(273,288,6),
	(274,289,15),
	(276,291,15),
	(277,292,15),
	(279,294,16),
	(280,295,16),
	(281,296,16),
	(282,297,16),
	(283,298,17),
	(284,299,17),
	(285,300,17),
	(286,301,3),
	(287,302,3),
	(288,303,4),
	(289,304,4),
	(290,305,18),
	(291,306,18),
	(292,307,18),
	(293,308,18),
	(294,309,18),
	(295,310,18),
	(296,311,18),
	(297,312,18),
	(298,313,18),
	(299,314,18),
	(300,315,18),
	(301,317,18),
	(302,318,18),
	(303,319,18),
	(304,320,18),
	(305,321,18),
	(306,322,18),
	(307,323,18),
	(308,324,18),
	(309,325,18),
	(310,326,18),
	(311,327,18),
	(312,328,18),
	(313,329,18),
	(314,330,19),
	(315,331,19),
	(316,332,19),
	(317,333,19),
	(318,334,19),
	(319,335,19),
	(320,336,19),
	(321,337,19),
	(324,343,19),
	(325,344,19),
	(326,345,19),
	(327,346,19),
	(330,349,19),
	(331,350,19),
	(332,351,19),
	(333,352,19),
	(334,353,19),
	(335,354,19),
	(336,355,19),
	(337,356,19),
	(338,357,19),
	(339,358,19),
	(340,359,19),
	(341,360,19),
	(342,361,19),
	(343,362,19),
	(344,363,19),
	(345,364,19),
	(346,365,19),
	(347,366,19),
	(348,367,19),
	(349,368,19),
	(350,369,19),
	(351,370,19),
	(352,371,19),
	(353,372,19),
	(354,373,19),
	(355,374,19),
	(357,376,19),
	(358,377,19),
	(359,378,19),
	(360,379,19),
	(361,380,19),
	(362,381,19),
	(363,382,19),
	(364,383,19),
	(365,384,19),
	(366,385,19),
	(367,386,19),
	(368,387,19),
	(369,388,19),
	(370,389,19),
	(371,390,19),
	(372,391,19),
	(373,392,19),
	(374,393,19),
	(375,394,19),
	(376,395,19),
	(377,396,19),
	(378,397,19),
	(379,398,19),
	(380,399,19),
	(381,400,19),
	(382,401,19),
	(383,402,19),
	(384,403,19),
	(385,404,19),
	(386,405,19),
	(387,406,19),
	(388,407,19),
	(389,408,19),
	(390,409,19),
	(391,410,19),
	(392,411,19),
	(393,412,19),
	(394,413,19),
	(395,414,19),
	(396,415,19),
	(397,416,19),
	(398,417,19),
	(399,418,19),
	(400,419,19),
	(401,420,19),
	(402,421,19),
	(403,422,19),
	(404,423,19),
	(405,424,19),
	(406,425,19),
	(407,426,19),
	(408,427,19);

/*!40000 ALTER TABLE `tabelas_regioes` ENABLE KEYS */;
UNLOCK TABLES;


# Dump da tabela tipos
# ------------------------------------------------------------

DROP TABLE IF EXISTS `tipos`;

CREATE TABLE `tipos` (
  `id` int(11) unsigned NOT NULL AUTO_INCREMENT,
  `descricao` text NOT NULL,
  `nome` varchar(150) NOT NULL DEFAULT '',
  `flag` char(1) NOT NULL DEFAULT '0',
  PRIMARY KEY (`id`)
) ENGINE=InnoDB DEFAULT CHARSET=utf8;

LOCK TABLES `tipos` WRITE;
/*!40000 ALTER TABLE `tipos` DISABLE KEYS */;

INSERT INTO `tipos` (`id`, `descricao`, `nome`, `flag`)
VALUES
	(1,'','ENFERMARIA','0'),
	(2,'','APARTAMENTO','0'),
	(3,'','AMBULATORIAL','0'),
	(4,'','HOSPITALAR','0'),
	(5,'','SEM ACOMODAÇÃO','0'),
	(6,'Não Informado.','Não Informado.','0');

/*!40000 ALTER TABLE `tipos` ENABLE KEYS */;
UNLOCK TABLES;


# Dump da tabela users
# ------------------------------------------------------------

DROP TABLE IF EXISTS `users`;

CREATE TABLE `users` (
  `id` int(10) unsigned NOT NULL AUTO_INCREMENT,
  `username` varchar(50) DEFAULT NULL,
  `password` varchar(255) DEFAULT NULL,
  `role` varchar(20) DEFAULT NULL,
  `nome` varchar(200) DEFAULT NULL,
  `created` datetime DEFAULT NULL,
  `modified` datetime DEFAULT NULL,
  `email` varchar(200) DEFAULT NULL,
  `validacao` int(11) DEFAULT NULL,
  `codigo` int(11) DEFAULT NULL,
  `celular` varchar(20) DEFAULT NULL,
  `tipo` varchar(10) DEFAULT NULL,
  PRIMARY KEY (`id`)
) ENGINE=InnoDB DEFAULT CHARSET=utf8;

LOCK TABLES `users` WRITE;
/*!40000 ALTER TABLE `users` DISABLE KEYS */;

INSERT INTO `users` (`id`, `username`, `password`, `role`, `nome`, `created`, `modified`, `email`, `validacao`, `codigo`, `celular`, `tipo`)
VALUES
	(1,'021.008.705-64','$2y$10$MDJZ1oyoQurJfhgUwEasBuFp.fDfDaQKgzMJ8Eby6i9ZTB5SAF/4m','admin','Rodrigo Souza','2017-01-19 17:32:32','2017-06-14 11:55:01','rodrigo@gowebdesign.com.br',1,NULL,'(71) 9 8113-9779',NULL),
	(3,'063.183.795-76','$2y$10$UWLfIpvJH5aLbk7MWOG.hOcGa0jd4sNU2FhbwEiKnyyVrS8K.X.8G','padrao','Taís Silva','2017-03-13 10:07:12','2017-06-14 12:05:53','recepcao@natuseg.com.br',1,NULL,NULL,NULL),
	(7,'368.601.153-00','$2y$10$cXpf7tboKDoFq4Cv/uucguum1kNx5tTnN6hhnTGFCGByTVrTUecb.','admin','Marcelo Gurgel','2017-04-17 14:39:30','2017-06-12 16:25:20','marcelo.gurgel@natuseg.com.br',1,45586285,'(71) 9 8101-0600',NULL),
	(8,'019.385.215-28','$2y$10$XYbyvjDanhdjA/n1Vb7kQ.0cN0E1LIYodpSFvpQXE7zmwAHzHsSKu','padrao','Jaqueline Souza','2017-04-17 14:58:07','2017-04-17 14:58:07','jaqueline.souza@natuseg.com.br',NULL,23014083,'(71) 9 8133-7166',NULL),
	(9,'044.401.365-24','$2y$10$voOW1oqaSm0j1OzLQzInqeBtZNKEhsqRFGf9hY7FI9FbVtnjBsJj2','padrao','SOLANGE SILVA DE SOUZA','2017-04-17 16:13:59','2017-04-17 16:16:28','solseg.corretora@gmail.com',1,77441105,'(71) 9 8711-8901',NULL),
	(10,'783.842.225-68','$2y$10$7Q5wEComw2JzTiHHvAYUTuKCulzy1qfLNQst0b0S1QjFgxOn7qUPW','padrao','Odete Chagas','2017-04-17 16:18:01','2017-04-25 09:14:17','odete.chagas@natuseg.com.br',NULL,74099523,'(71) 9 8199-5201',NULL),
	(16,'028.667.685-07','$2y$10$0w8jiS2sz43g5n8uz5PMZet8/BxDW5HHFl4p0T9Wv6UZEVVGsjrbW','padrao','MANUELA','2017-04-20 12:10:59','2017-04-26 11:29:15','MANUELA.GUEDES@NATUSEG.COM.BR',1,55213094,'(71) 9 8421-6621',NULL),
	(17,'062.477.625-50','$2y$10$J445yucd/G3R/KtryaFxTeSTFilPh2Yent5/u4mVTuGCc1ypzTFiu','padrao','JOSILEIDE CAETANA DE ALMEIDA','2017-04-20 15:41:13','2017-04-20 15:44:26','josi.almeida18@gmail.com',1,7630708,'(71) 9 9663-6033',NULL),
	(18,'483.439.605-30','$2y$10$OWXgKsJVt26NbCDiJdTpTef6e1yInRdijvetgls.hJQw4aQi2uYWK','padrao','Gerson Barreto','2017-04-24 20:53:46','2017-04-24 20:53:46','gerson.barreto@natuseg.com.br',NULL,27489096,'(71) 9 8108-8300',NULL),
	(19,'945.154.335-04','$2y$10$8BZpHZnyBCykBLLk7uco6Odz7hD0E5BofkKgxtbK3XrUWZLVC/cMS','admin','Rosangela Garcia de Sousa','2017-05-02 17:19:39','2017-05-19 14:21:39','rosangela.garcia@natuseg.com.br',1,83315684,'(71) 9 9995-7951',NULL),
	(21,'88.237.607/0001-30','$2y$10$fgKwS93FbSuI0wEP6scggOcW8v48gXT2VJV2Gv1sMdkHbj0MvxkBi','padrao','TESTE PJ','2017-05-18 15:00:39','2017-05-18 15:00:39','gurusevin@gmail.com',NULL,37923284,'(71) 9 8113-9779',NULL),
	(22,'020.530.595-40','$2y$10$BJNsaokCn6AIMIDDmcKp4u76BuXC.Pp6ra7tvE2M8dEO/YmaIUtM2','padrao','JAQUELINE CÂMARA GURGEL','2017-06-11 23:01:10','2017-06-11 23:04:02','jaqueline.camara@natuseg.com.br',1,35451255,'(71) 9 8669-3798','PF'),
	(23,'058.502.285-27','$2y$10$cHaHiIgC8aO0GUPPrgKQAOLrOV2mLCNQ8Xbu3RKnlLTKmpp4Oh8C6','padrao','Thiago Carmo','2017-06-14 11:55:18','2017-06-14 12:02:32','thiago.carmo@natuseg.com.br',1,97892780,'(71) 9 9277-9353',''),
	(24,'370.751.365-34','$2y$10$UjP11UpL1XagLz.75Kx6.uktMKn17zJyde0fC43eQ.RpQ8jqzj.Ee','padrao','Fernando Gonzalez','2017-06-14 15:07:51','2017-06-16 11:22:13','fernando.gonzalez@natuseg.com.br',1,72115379,'(71) 9 8818-1733','PF');

/*!40000 ALTER TABLE `users` ENABLE KEYS */;
UNLOCK TABLES;



/*!40111 SET SQL_NOTES=@OLD_SQL_NOTES */;
/*!40101 SET SQL_MODE=@OLD_SQL_MODE */;
/*!40014 SET FOREIGN_KEY_CHECKS=@OLD_FOREIGN_KEY_CHECKS */;
/*!40101 SET CHARACTER_SET_CLIENT=@OLD_CHARACTER_SET_CLIENT */;
/*!40101 SET CHARACTER_SET_RESULTS=@OLD_CHARACTER_SET_RESULTS */;
/*!40101 SET COLLATION_CONNECTION=@OLD_COLLATION_CONNECTION */;
